Unnamed: 0,From,To,Booking_date,Journey_date,Airline,Code,Departure,Arrival,Duration,Stops,Price,Booking_Hour,Booking_DateTime,Booking_Slot,Lead_Time_Days,Duration_mins,Route
0,Delhi,Bangalore,23-06-2022,23-06-2022,Air India,AI-504,21:15,"00:05
+1D",2h 50m,non-stop,9420,6,23-06-2022 06:00,Morning,0,170,Delhi -> Bangalore
1,Delhi,Bangalore,23-06-2022,23-06-2022,IndiGo,6E-2131,21:30,"00:15
+1D",2h 45m,non-stop,9419,19,23-06-2022 19:00,Evening,0,165,Delhi -> Bangalore
2,Delhi,Bangalore,23-06-2022,23-06-2022,IndiGo,6E-6565,22:55,"01:45
+1D",2h 50m,non-stop,9419,14,23-06-2022 14:00,Afternoon,0,170,Delhi -> Bangalore
3,Delhi,Bangalore,23-06-2022,23-06-2022,Air India,AI-605,21:15,"07:50
+1D",10h 35m,1 stop,14775,10,23-06-2022 10:00,Morning,0,635,Delhi -> Bangalore
4,Delhi,Bangalore,23-06-2022,23-06-2022,Air India,AI-605,21:15,"18:20
+1D",21h 5m,1 stop,14985,7,23-06-2022 07:00,Morning,0,1265,Delhi -> Bangalore
5,Delhi,Bangalore,23-06-2022,23-06-2022,Air India,AI-605,21:15,"11:10
+1D",13h 55m,1 stop,15300,20,23-06-2022 20:00,Evening,0,835,Delhi -> Bangalore
6,Delhi,Bangalore,23-06-2022,23-06-2022,Vistara,UK-981,21:30,"17:45
+1D",20h 15m,1 stop,15612,6,23-06-2022 06:00,Morning,0,1215,Delhi -> Bangalore
7,Delhi,Bangalore,23-06-2022,23-06-2022,Vistara,UK-981,21:30,"19:15
+1D",21h 45m,1 stop,15612,18,23-06-2022 18:00,Evening,0,1305,Delhi -> Bangalore
8,Delhi,Bangalore,23-06-2022,23-06-2022,Vistara,UK-981,21:30,"18:15
+1D",20h 45m,1 stop,15929,22,23-06-2022 22:00,Night,0,1245,Delhi -> Bangalore
9,Delhi,Bangalore,23-06-2022,23-06-2022,Vistara,UK-981,21:30,"07:50
+1D",10h 20m,1 stop,16349,10,23-06-2022 10:00,Morning,0,620,Delhi -> Bangalore
10,Delhi,Bangalore,23-06-2022,23-06-2022,Vistara,UK-981,21:30,"23:10
+1D",25h 40m,1 stop,16349,10,23-06-2022 10:00,Morning,0,1540,Delhi -> Bangalore
11,Delhi,Bangalore,23-06-2022,23-06-2022,Vistara,UK-981,21:30,"10:45
+1D",13h 15m,1 stop,16874,23,23-06-2022 23:00,Night,0,795,Delhi -> Bangalore
12,Delhi,Bangalore,23-06-2022,23-06-2022,Vistara,UK-981,21:30,"08:50
+1D",11h 20m,1 stop,17924,20,23-06-2022 20:00,Evening,0,680,Delhi -> Bangalore
13,Delhi,Bangalore,23-06-2022,23-06-2022,Vistara,UK-981,21:30,"20:55
+1D",23h 25m,1 stop,17924,3,23-06-2022 03:00,Night,0,1405,Delhi -> Bangalore
14,Delhi,Bangalore,23-06-2022,24-06-2022,IndiGo,6E-5036,02:25,05:15,2h 50m,non-stop,9419,7,23-06-2022 07:00,Morning,1,170,Delhi -> Bangalore
15,Delhi,Bangalore,23-06-2022,24-06-2022,IndiGo,6E-2048,03:50,06:40,2h 50m,non-stop,9419,23,23-06-2022 23:00,Night,1,170,Delhi -> Bangalore
16,Delhi,Bangalore,23-06-2022,24-06-2022,GO FIRST,G8-113,05:50,08:30,2h 40m,non-stop,9419,2,23-06-2022 02:00,Night,1,160,Delhi -> Bangalore
17,Delhi,Bangalore,23-06-2022,24-06-2022,IndiGo,6E-6612,06:00,08:35,2h 35m,non-stop,9419,21,23-06-2022 21:00,Night,1,155,Delhi -> Bangalore
18,Delhi,Bangalore,23-06-2022,24-06-2022,SpiceJet,SG-191,06:05,08:55,2h 50m,non-stop,9419,20,23-06-2022 20:00,Evening,1,170,Delhi -> Bangalore
19,Delhi,Bangalore,23-06-2022,24-06-2022,Air India,AI-803,06:10,08:55,2h 45m,non-stop,9420,1,23-06-2022 01:00,Night,1,165,Delhi -> Bangalore
20,Delhi,Bangalore,23-06-2022,24-06-2022,Vistara,UK-811,06:15,09:00,2h 45m,non-stop,9418,23,23-06-2022 23:00,Night,1,165,Delhi -> Bangalore
21,Delhi,Bangalore,23-06-2022,24-06-2022,IndiGo,6E-5009,06:55,09:50,2h 55m,non-stop,9419,11,23-06-2022 11:00,Morning,1,175,Delhi -> Bangalore
22,Delhi,Bangalore,23-06-2022,24-06-2022,Vistara,UK-815,08:05,10:50,2h 45m,non-stop,9418,5,23-06-2022 05:00,Morning,1,165,Delhi -> Bangalore
23,Delhi,Bangalore,23-06-2022,24-06-2022,Air Asia,I5-740,08:10,10:40,2h 30m,non-stop,9419,1,23-06-2022 01:00,Night,1,150,Delhi -> Bangalore
24,Delhi,Bangalore,23-06-2022,24-06-2022,IndiGo,6.00E-308,08:20,11:00,2h 40m,non-stop,9419,20,23-06-2022 20:00,Evening,1,160,Delhi -> Bangalore
25,Delhi,Bangalore,23-06-2022,24-06-2022,GO FIRST,G8-119,20:30,23:20,2h 50m,non-stop,9419,0,23-06-2022 00:00,Night,1,170,Delhi -> Bangalore
26,Delhi,Bangalore,23-06-2022,24-06-2022,Air Asia,I5-721,21:00,23:50,2h 50m,non-stop,9419,11,23-06-2022 11:00,Morning,1,170,Delhi -> Bangalore
27,Delhi,Bangalore,23-06-2022,24-06-2022,IndiGo,6E-2131,21:30,"00:15
+1D",2h 45m,non-stop,9419,21,23-06-2022 21:00,Night,1,165,Delhi -> Bangalore
28,Delhi,Bangalore,23-06-2022,24-06-2022,Air Asia,I5-1732,21:40,"00:30
+1D",2h 50m,non-stop,9419,11,23-06-2022 11:00,Morning,1,170,Delhi -> Bangalore
29,Delhi,Bangalore,23-06-2022,24-06-2022,IndiGo,6E-6565,22:55,"01:45
+1D",2h 50m,non-stop,9419,16,23-06-2022 16:00,Afternoon,1,170,Delhi -> Bangalore
30,Delhi,Bangalore,23-06-2022,24-06-2022,IndiGo,6E-2003,11:15,16:30,5h 15m,1 stop,9472,9,23-06-2022 09:00,Morning,1,315,Delhi -> Bangalore
31,Delhi,Bangalore,23-06-2022,24-06-2022,GO FIRST,G8-406,10:30,17:10,6h 40m,1 stop,9419,15,23-06-2022 15:00,Afternoon,1,400,Delhi -> Bangalore
32,Delhi,Bangalore,23-06-2022,24-06-2022,GO FIRST,G8-338,10:55,17:25,6h 30m,1 stop,9419,14,23-06-2022 14:00,Afternoon,1,390,Delhi -> Bangalore
33,Delhi,Bangalore,23-06-2022,24-06-2022,Air Asia,I5-713,16:15,23:10,6h 55m,2 stops,9418,14,23-06-2022 14:00,Afternoon,1,415,Delhi -> Bangalore
34,Delhi,Bangalore,23-06-2022,24-06-2022,GO FIRST,G8-406,10:30,17:40,7h 10m,2 stops,9419,18,23-06-2022 18:00,Evening,1,430,Delhi -> Bangalore
35,Delhi,Bangalore,23-06-2022,24-06-2022,SpiceJet,SG-8254,19:30,"08:25
+1D",12h 55m,1 stop,9419,11,23-06-2022 11:00,Morning,1,775,Delhi -> Bangalore
36,Delhi,Bangalore,23-06-2022,24-06-2022,Vistara,UK-801,09:05,11:50,2h 45m,non-stop,9735,22,23-06-2022 22:00,Night,1,165,Delhi -> Bangalore
37,Delhi,Bangalore,23-06-2022,24-06-2022,IndiGo,6E-2188,11:30,14:15,2h 45m,non-stop,9682,19,23-06-2022 19:00,Evening,1,165,Delhi -> Bangalore
38,Delhi,Bangalore,23-06-2022,24-06-2022,IndiGo,6E-2014,13:25,17:55,4h 30m,1 stop,9734,2,23-06-2022 02:00,Night,1,270,Delhi -> Bangalore
39,Delhi,Bangalore,23-06-2022,24-06-2022,IndiGo,6E-2187,15:00,19:20,4h 20m,1 stop,9734,4,23-06-2022 04:00,Night,1,260,Delhi -> Bangalore
40,Delhi,Bangalore,23-06-2022,24-06-2022,IndiGo,6E-2168,17:50,22:40,4h 50m,1 stop,9734,18,23-06-2022 18:00,Evening,1,290,Delhi -> Bangalore
41,Delhi,Bangalore,23-06-2022,24-06-2022,IndiGo,6E-5005,05:15,10:15,5h 0m,1 stop,9734,6,23-06-2022 06:00,Morning,1,300,Delhi -> Bangalore
42,Delhi,Bangalore,23-06-2022,24-06-2022,IndiGo,6E-2697,06:50,12:05,5h 15m,1 stop,9734,20,23-06-2022 20:00,Evening,1,315,Delhi -> Bangalore
43,Delhi,Bangalore,23-06-2022,24-06-2022,IndiGo,6E-6187,15:15,20:30,5h 15m,1 stop,9734,8,23-06-2022 08:00,Morning,1,315,Delhi -> Bangalore
44,Delhi,Bangalore,23-06-2022,24-06-2022,Air Asia,I5-711,06:05,13:00,6h 55m,1 stop,9735,6,23-06-2022 06:00,Morning,1,415,Delhi -> Bangalore
45,Delhi,Bangalore,23-06-2022,24-06-2022,Air Asia,I5-744,07:25,14:15,6h 50m,1 stop,9735,17,23-06-2022 17:00,Evening,1,410,Delhi -> Bangalore
46,Delhi,Bangalore,23-06-2022,24-06-2022,IndiGo,6E-6827,09:15,11:55,2h 40m,non-stop,9997,3,23-06-2022 03:00,Night,1,160,Delhi -> Bangalore
47,Delhi,Bangalore,23-06-2022,24-06-2022,SpiceJet,SG-537,20:00,22:30,2h 30m,non-stop,9943,13,23-06-2022 13:00,Afternoon,1,150,Delhi -> Bangalore
48,Delhi,Bangalore,23-06-2022,24-06-2022,IndiGo,6E-2532,20:10,23:00,2h 50m,non-stop,9997,17,23-06-2022 17:00,Evening,1,170,Delhi -> Bangalore
49,Delhi,Bangalore,23-06-2022,24-06-2022,Air Asia,I5-552,10:40,16:25,5h 45m,1 stop,9997,8,23-06-2022 08:00,Morning,1,345,Delhi -> Bangalore
50,Delhi,Bangalore,23-06-2022,24-06-2022,Air India,AI-506,09:45,12:30,2h 45m,non-stop,10155,20,23-06-2022 20:00,Evening,1,165,Delhi -> Bangalore
51,Delhi,Bangalore,23-06-2022,24-06-2022,IndiGo,6E-5186,13:00,15:35,2h 35m,non-stop,10312,1,23-06-2022 01:00,Night,1,155,Delhi -> Bangalore
52,Delhi,Bangalore,23-06-2022,24-06-2022,Air India,AI-504,21:15,"00:05
+1D",2h 50m,non-stop,10155,19,23-06-2022 19:00,Evening,1,170,Delhi -> Bangalore
53,Delhi,Bangalore,23-06-2022,24-06-2022,IndiGo,6E-2004,12:45,17:55,5h 10m,1 stop,10259,14,23-06-2022 14:00,Afternoon,1,310,Delhi -> Bangalore
54,Delhi,Bangalore,23-06-2022,24-06-2022,Air India,AI-807,17:15,20:15,3h 0m,non-stop,11100,6,23-06-2022 06:00,Morning,1,180,Delhi -> Bangalore
55,Delhi,Bangalore,23-06-2022,24-06-2022,IndiGo,6E-2487,17:25,19:55,2h 30m,non-stop,11047,11,23-06-2022 11:00,Morning,1,150,Delhi -> Bangalore
56,Delhi,Bangalore,23-06-2022,24-06-2022,Vistara,UK-807,20:40,23:20,2h 40m,non-stop,11205,7,23-06-2022 07:00,Morning,1,160,Delhi -> Bangalore
57,Delhi,Bangalore,23-06-2022,24-06-2022,Air Asia,I5-768,15:30,20:45,5h 15m,1 stop,11206,14,23-06-2022 14:00,Afternoon,1,315,Delhi -> Bangalore
58,Delhi,Bangalore,23-06-2022,24-06-2022,IndiGo,6E-781,15:20,18:15,2h 55m,non-stop,11362,2,23-06-2022 02:00,Night,1,175,Delhi -> Bangalore
59,Delhi,Bangalore,23-06-2022,24-06-2022,Vistara,UK-817,16:05,18:50,2h 45m,non-stop,11940,13,23-06-2022 13:00,Afternoon,1,165,Delhi -> Bangalore
60,Delhi,Bangalore,23-06-2022,24-06-2022,IndiGo,6E-2015,18:30,21:15,2h 45m,non-stop,12758,16,23-06-2022 16:00,Afternoon,1,165,Delhi -> Bangalore
61,Delhi,Bangalore,23-06-2022,24-06-2022,SpiceJet,SG-2962,06:15,19:25,13h 10m,1 stop,12638,3,23-06-2022 03:00,Night,1,790,Delhi -> Bangalore
62,Delhi,Bangalore,23-06-2022,24-06-2022,Vistara,UK-813,17:35,20:25,2h 50m,non-stop,12990,17,23-06-2022 17:00,Evening,1,170,Delhi -> Bangalore
63,Delhi,Bangalore,23-06-2022,24-06-2022,SpiceJet,SG-8185,09:25,16:50,7h 25m,1 stop,13383,7,23-06-2022 07:00,Morning,1,445,Delhi -> Bangalore
64,Delhi,Bangalore,23-06-2022,24-06-2022,Air Asia,I5-1529,09:35,12:25,2h 50m,non-stop,13829,3,23-06-2022 03:00,Night,1,170,Delhi -> Bangalore
65,Delhi,Bangalore,23-06-2022,24-06-2022,Vistara,UK-819,14:15,16:50,2h 35m,non-stop,14355,1,23-06-2022 01:00,Night,1,155,Delhi -> Bangalore
66,Delhi,Bangalore,23-06-2022,24-06-2022,Vistara,UK-809,19:50,22:40,2h 50m,non-stop,14355,5,23-06-2022 05:00,Morning,1,170,Delhi -> Bangalore
67,Delhi,Bangalore,23-06-2022,24-06-2022,Air India,AI-502,13:30,16:15,2h 45m,non-stop,14880,21,23-06-2022 21:00,Night,1,165,Delhi -> Bangalore
68,Delhi,Bangalore,23-06-2022,24-06-2022,Air Asia,I5-857,18:45,21:40,2h 55m,non-stop,14879,9,23-06-2022 09:00,Morning,1,175,Delhi -> Bangalore
69,Delhi,Bangalore,23-06-2022,24-06-2022,Air India,AI-865,10:00,18:20,8h 20m,1 stop,14985,3,23-06-2022 03:00,Night,1,500,Delhi -> Bangalore
70,Delhi,Bangalore,23-06-2022,24-06-2022,Air India,AI-665,08:00,18:20,10h 20m,1 stop,14985,21,23-06-2022 21:00,Night,1,620,Delhi -> Bangalore
71,Delhi,Bangalore,23-06-2022,24-06-2022,Air India,AI-887,07:00,18:20,11h 20m,1 stop,14985,17,23-06-2022 17:00,Evening,1,680,Delhi -> Bangalore
72,Delhi,Bangalore,23-06-2022,24-06-2022,Vistara,UK-935,18:00,21:50,3h 50m,1 stop,15295,11,23-06-2022 11:00,Morning,1,230,Delhi -> Bangalore
73,Delhi,Bangalore,23-06-2022,24-06-2022,Vistara,UK-993,12:50,17:45,4h 55m,1 stop,15295,1,23-06-2022 01:00,Night,1,295,Delhi -> Bangalore
74,Delhi,Bangalore,23-06-2022,24-06-2022,Vistara,UK-951,14:20,19:15,4h 55m,1 stop,15295,9,23-06-2022 09:00,Morning,1,295,Delhi -> Bangalore
75,Delhi,Bangalore,23-06-2022,24-06-2022,GO FIRST,G8-2513,16:55,21:40,4h 45m,1 stop,15194,3,23-06-2022 03:00,Night,1,285,Delhi -> Bangalore
76,Delhi,Bangalore,23-06-2022,24-06-2022,Vistara,UK-945,11:40,17:45,6h 5m,1 stop,15295,13,23-06-2022 13:00,Afternoon,1,365,Delhi -> Bangalore
77,Delhi,Bangalore,23-06-2022,24-06-2022,Vistara,UK-993,12:50,19:15,6h 25m,1 stop,15295,15,23-06-2022 15:00,Afternoon,1,385,Delhi -> Bangalore
78,Delhi,Bangalore,23-06-2022,24-06-2022,Vistara,UK-995,10:20,17:45,7h 25m,1 stop,15295,14,23-06-2022 14:00,Afternoon,1,445,Delhi -> Bangalore
79,Delhi,Bangalore,23-06-2022,24-06-2022,Vistara,UK-945,11:40,19:15,7h 35m,1 stop,15295,7,23-06-2022 07:00,Morning,1,455,Delhi -> Bangalore
80,Delhi,Bangalore,23-06-2022,24-06-2022,GO FIRST,G8-2513,16:55,"00:20
+1D",7h 25m,1 stop,15194,13,23-06-2022 13:00,Afternoon,1,445,Delhi -> Bangalore
81,Delhi,Bangalore,23-06-2022,24-06-2022,Vistara,UK-927,09:30,17:45,8h 15m,1 stop,15295,22,23-06-2022 22:00,Night,1,495,Delhi -> Bangalore
82,Delhi,Bangalore,23-06-2022,24-06-2022,Vistara,UK-995,10:20,19:15,8h 55m,1 stop,15295,7,23-06-2022 07:00,Morning,1,535,Delhi -> Bangalore
83,Delhi,Bangalore,23-06-2022,24-06-2022,Vistara,UK-943,07:30,17:45,10h 15m,1 stop,15295,20,23-06-2022 20:00,Evening,1,615,Delhi -> Bangalore
84,Delhi,Bangalore,23-06-2022,24-06-2022,Vistara,UK-927,09:30,19:15,9h 45m,1 stop,15295,15,23-06-2022 15:00,Afternoon,1,585,Delhi -> Bangalore
85,Delhi,Bangalore,23-06-2022,24-06-2022,Air India,AI-605,21:15,"07:50
+1D",10h 35m,1 stop,15300,12,23-06-2022 12:00,Afternoon,1,635,Delhi -> Bangalore
86,Delhi,Bangalore,23-06-2022,24-06-2022,Vistara,UK-975,05:55,17:45,11h 50m,1 stop,15295,17,23-06-2022 17:00,Evening,1,710,Delhi -> Bangalore
87,Delhi,Bangalore,23-06-2022,24-06-2022,Vistara,UK-943,07:30,19:15,11h 45m,1 stop,15295,14,23-06-2022 14:00,Afternoon,1,705,Delhi -> Bangalore
88,Delhi,Bangalore,23-06-2022,24-06-2022,Vistara,UK-975,05:55,19:15,13h 20m,1 stop,15295,20,23-06-2022 20:00,Evening,1,800,Delhi -> Bangalore
89,Delhi,Bangalore,23-06-2022,24-06-2022,Vistara,UK-941,16:45,"07:50
+1D",15h 5m,1 stop,15295,23,23-06-2022 23:00,Night,1,905,Delhi -> Bangalore
90,Delhi,Bangalore,23-06-2022,24-06-2022,Vistara,UK-913,05:55,21:50,15h 55m,1 stop,15295,12,23-06-2022 12:00,Afternoon,1,955,Delhi -> Bangalore
91,Delhi,Bangalore,23-06-2022,24-06-2022,Vistara,UK-933,15:30,"07:50
+1D",16h 20m,1 stop,15295,8,23-06-2022 08:00,Morning,1,980,Delhi -> Bangalore
92,Delhi,Bangalore,23-06-2022,24-06-2022,Vistara,UK-941,16:45,"08:50
+1D",16h 5m,1 stop,15295,14,23-06-2022 14:00,Afternoon,1,965,Delhi -> Bangalore
93,Delhi,Bangalore,23-06-2022,24-06-2022,Air India,AI-636,15:00,"07:50
+1D",16h 50m,2 stops,15300,12,23-06-2022 12:00,Afternoon,1,1010,Delhi -> Bangalore
94,Delhi,Bangalore,23-06-2022,24-06-2022,Vistara,UK-933,15:30,"08:50
+1D",17h 20m,1 stop,15295,0,23-06-2022 00:00,Night,1,1040,Delhi -> Bangalore
95,Delhi,Bangalore,23-06-2022,24-06-2022,Vistara,UK-951,14:20,"07:50
+1D",17h 30m,1 stop,15295,6,23-06-2022 06:00,Morning,1,1050,Delhi -> Bangalore
96,Delhi,Bangalore,23-06-2022,24-06-2022,Vistara,UK-993,12:50,"07:50
+1D",19h 0m,1 stop,15295,8,23-06-2022 08:00,Morning,1,1140,Delhi -> Bangalore
97,Delhi,Bangalore,23-06-2022,24-06-2022,Vistara,UK-951,14:20,"08:50
+1D",18h 30m,1 stop,15295,23,23-06-2022 23:00,Night,1,1110,Delhi -> Bangalore
98,Delhi,Bangalore,23-06-2022,24-06-2022,Vistara,UK-945,11:40,"07:50
+1D",20h 10m,1 stop,15295,0,23-06-2022 00:00,Night,1,1210,Delhi -> Bangalore
99,Delhi,Bangalore,23-06-2022,24-06-2022,Vistara,UK-993,12:50,"08:50
+1D",20h 0m,1 stop,15295,11,23-06-2022 11:00,Morning,1,1200,Delhi -> Bangalore
100,Delhi,Bangalore,23-06-2022,24-06-2022,Vistara,UK-995,10:20,"07:50
+1D",21h 30m,1 stop,15295,7,23-06-2022 07:00,Morning,1,1290,Delhi -> Bangalore
101,Delhi,Bangalore,23-06-2022,24-06-2022,Vistara,UK-945,11:40,"08:50
+1D",21h 10m,1 stop,15295,23,23-06-2022 23:00,Night,1,1270,Delhi -> Bangalore
102,Delhi,Bangalore,23-06-2022,24-06-2022,Vistara,UK-927,09:30,"07:50
+1D",22h 20m,1 stop,15295,10,23-06-2022 10:00,Morning,1,1340,Delhi -> Bangalore
103,Delhi,Bangalore,23-06-2022,24-06-2022,Air India,AI-805,20:00,"07:50
+1D",11h 50m,1 stop,15510,18,23-06-2022 18:00,Evening,1,710,Delhi -> Bangalore
104,Delhi,Bangalore,23-06-2022,24-06-2022,Air India,AI-624,19:00,"07:50
+1D",12h 50m,1 stop,15510,16,23-06-2022 16:00,Afternoon,1,770,Delhi -> Bangalore
105,Delhi,Bangalore,23-06-2022,24-06-2022,Air India,AI-441,17:55,"07:50
+1D",13h 55m,2 stops,15510,7,23-06-2022 07:00,Morning,1,835,Delhi -> Bangalore
106,Delhi,Bangalore,23-06-2022,24-06-2022,Air India,AI-605,21:15,"11:10
+1D",13h 55m,1 stop,15510,2,23-06-2022 02:00,Night,1,835,Delhi -> Bangalore
107,Delhi,Bangalore,23-06-2022,24-06-2022,Air India,AI-636,15:00,"11:10
+1D",20h 10m,2 stops,15510,2,23-06-2022 02:00,Night,1,1210,Delhi -> Bangalore
108,Delhi,Bangalore,23-06-2022,24-06-2022,Air India,AI-605,21:15,"18:20
+1D",21h 5m,1 stop,15510,0,23-06-2022 00:00,Night,1,1265,Delhi -> Bangalore
109,Delhi,Bangalore,23-06-2022,24-06-2022,Vistara,UK-859,10:25,"08:45
+1D",22h 20m,1 stop,15402,4,23-06-2022 04:00,Night,1,1340,Delhi -> Bangalore
110,Delhi,Bangalore,23-06-2022,24-06-2022,Air India,AI-636,15:00,"18:20
+1D",27h 20m,2 stops,15510,9,23-06-2022 09:00,Morning,1,1640,Delhi -> Bangalore
111,Delhi,Bangalore,23-06-2022,24-06-2022,Vistara,UK-993,12:50,18:15,5h 25m,1 stop,15612,6,23-06-2022 06:00,Morning,1,325,Delhi -> Bangalore
112,Delhi,Bangalore,23-06-2022,24-06-2022,Vistara,UK-945,11:40,18:15,6h 35m,1 stop,15612,8,23-06-2022 08:00,Morning,1,395,Delhi -> Bangalore
113,Delhi,Bangalore,23-06-2022,24-06-2022,Vistara,UK-995,10:20,18:15,7h 55m,1 stop,15612,6,23-06-2022 06:00,Morning,1,475,Delhi -> Bangalore
114,Delhi,Bangalore,23-06-2022,24-06-2022,Vistara,UK-963,08:50,17:45,8h 55m,1 stop,15612,8,23-06-2022 08:00,Morning,1,535,Delhi -> Bangalore
115,Delhi,Bangalore,23-06-2022,24-06-2022,Vistara,UK-927,09:30,18:15,8h 45m,1 stop,15612,7,23-06-2022 07:00,Morning,1,525,Delhi -> Bangalore
116,Delhi,Bangalore,23-06-2022,24-06-2022,Vistara,UK-943,07:30,18:15,10h 45m,1 stop,15612,11,23-06-2022 11:00,Morning,1,645,Delhi -> Bangalore
117,Delhi,Bangalore,23-06-2022,24-06-2022,Vistara,UK-963,08:50,19:15,10h 25m,1 stop,15612,1,23-06-2022 01:00,Night,1,625,Delhi -> Bangalore
118,Delhi,Bangalore,23-06-2022,24-06-2022,Vistara,UK-975,05:55,18:15,12h 20m,1 stop,15612,0,23-06-2022 00:00,Night,1,740,Delhi -> Bangalore
119,Delhi,Bangalore,23-06-2022,24-06-2022,Air India,AI-805,20:00,"11:10
+1D",15h 10m,1 stop,15720,15,23-06-2022 15:00,Afternoon,1,910,Delhi -> Bangalore
120,Delhi,Bangalore,23-06-2022,24-06-2022,Air India,AI-624,19:00,"11:10
+1D",16h 10m,1 stop,15720,22,23-06-2022 22:00,Night,1,970,Delhi -> Bangalore
121,Delhi,Bangalore,23-06-2022,24-06-2022,Air India,AI-441,17:55,"11:10
+1D",17h 15m,2 stops,15720,22,23-06-2022 22:00,Night,1,1035,Delhi -> Bangalore
122,Delhi,Bangalore,23-06-2022,24-06-2022,Air India,AI-805,20:00,"18:20
+1D",22h 20m,1 stop,15720,23,23-06-2022 23:00,Night,1,1340,Delhi -> Bangalore
123,Delhi,Bangalore,23-06-2022,24-06-2022,Air India,AI-624,19:00,"18:20
+1D",23h 20m,1 stop,15720,4,23-06-2022 04:00,Night,1,1400,Delhi -> Bangalore
124,Delhi,Bangalore,23-06-2022,24-06-2022,Air India,AI-441,17:55,"18:20
+1D",24h 25m,2 stops,15720,2,23-06-2022 02:00,Night,1,1465,Delhi -> Bangalore
125,Delhi,Bangalore,23-06-2022,24-06-2022,Vistara,UK-637,17:10,"18:15
+1D",25h 5m,1 stop,15610,11,23-06-2022 11:00,Morning,1,1505,Delhi -> Bangalore
126,Delhi,Bangalore,23-06-2022,24-06-2022,GO FIRST,G8-165,05:20,11:40,6h 20m,1 stop,16034,7,23-06-2022 07:00,Morning,1,380,Delhi -> Bangalore
127,Delhi,Bangalore,23-06-2022,24-06-2022,Vistara,UK-941,16:45,23:10,6h 25m,1 stop,16032,21,23-06-2022 21:00,Night,1,385,Delhi -> Bangalore
128,Delhi,Bangalore,23-06-2022,24-06-2022,Vistara,UK-933,15:30,23:10,7h 40m,1 stop,16032,2,23-06-2022 02:00,Night,1,460,Delhi -> Bangalore
129,Delhi,Bangalore,23-06-2022,24-06-2022,Vistara,UK-951,14:20,23:10,8h 50m,1 stop,16032,0,23-06-2022 00:00,Night,1,530,Delhi -> Bangalore
130,Delhi,Bangalore,23-06-2022,24-06-2022,Vistara,UK-963,08:50,18:15,9h 25m,1 stop,15929,2,23-06-2022 02:00,Night,1,565,Delhi -> Bangalore
131,Delhi,Bangalore,23-06-2022,24-06-2022,Vistara,UK-993,12:50,23:10,10h 20m,1 stop,16032,4,23-06-2022 04:00,Night,1,620,Delhi -> Bangalore
132,Delhi,Bangalore,23-06-2022,24-06-2022,Vistara,UK-945,11:40,23:10,11h 30m,1 stop,16032,14,23-06-2022 14:00,Afternoon,1,690,Delhi -> Bangalore
133,Delhi,Bangalore,23-06-2022,24-06-2022,Vistara,UK-995,10:20,23:10,12h 50m,1 stop,16032,13,23-06-2022 13:00,Afternoon,1,770,Delhi -> Bangalore
134,Delhi,Bangalore,23-06-2022,24-06-2022,Vistara,UK-927,09:30,23:10,13h 40m,1 stop,16032,2,23-06-2022 02:00,Night,1,820,Delhi -> Bangalore
135,Delhi,Bangalore,23-06-2022,24-06-2022,Vistara,UK-943,07:30,23:10,15h 40m,1 stop,16032,0,23-06-2022 00:00,Night,1,940,Delhi -> Bangalore
136,Delhi,Bangalore,23-06-2022,24-06-2022,Vistara,UK-975,05:55,23:10,17h 15m,1 stop,16032,4,23-06-2022 04:00,Night,1,1035,Delhi -> Bangalore
137,Delhi,Bangalore,23-06-2022,24-06-2022,Vistara,UK-899,14:45,"08:45
+1D",18h 0m,1 stop,15927,22,23-06-2022 22:00,Night,1,1080,Delhi -> Bangalore
138,Delhi,Bangalore,23-06-2022,24-06-2022,Vistara,UK-963,08:50,23:10,14h 20m,1 stop,16349,13,23-06-2022 13:00,Afternoon,1,860,Delhi -> Bangalore
139,Delhi,Bangalore,23-06-2022,24-06-2022,Vistara,UK-975,05:55,10:45,4h 50m,1 stop,16557,6,23-06-2022 06:00,Morning,1,290,Delhi -> Bangalore
140,Delhi,Bangalore,23-06-2022,24-06-2022,Air India,AI-863,14:00,"07:50
+1D",17h 50m,1 stop,16560,8,23-06-2022 08:00,Morning,1,1070,Delhi -> Bangalore
141,Delhi,Bangalore,23-06-2022,24-06-2022,Air India,AI-863,14:00,"11:10
+1D",21h 10m,1 stop,16770,14,23-06-2022 14:00,Afternoon,1,1270,Delhi -> Bangalore
142,Delhi,Bangalore,23-06-2022,24-06-2022,Vistara,UK-933,15:30,20:55,5h 25m,1 stop,17607,14,23-06-2022 14:00,Afternoon,1,325,Delhi -> Bangalore
143,Delhi,Bangalore,23-06-2022,24-06-2022,Vistara,UK-951,14:20,20:55,6h 35m,1 stop,17607,9,23-06-2022 09:00,Morning,1,395,Delhi -> Bangalore
144,Delhi,Bangalore,23-06-2022,24-06-2022,SpiceJet,SG-724,09:35,19:30,9h 55m,1 stop,17447,12,23-06-2022 12:00,Afternoon,1,595,Delhi -> Bangalore
145,Delhi,Bangalore,23-06-2022,24-06-2022,Vistara,UK-741,09:40,16:20,6h 40m,1 stop,19600,18,23-06-2022 18:00,Evening,1,400,Delhi -> Bangalore
146,Delhi,Bangalore,23-06-2022,24-06-2022,Vistara,UK-955,17:45,23:10,5h 25m,1 stop,20864,6,23-06-2022 06:00,Morning,1,325,Delhi -> Bangalore
147,Delhi,Bangalore,23-06-2022,24-06-2022,GO FIRST,G8-286,10:40,15:05,4h 25m,1 stop,24472,16,23-06-2022 16:00,Afternoon,1,265,Delhi -> Bangalore
148,Delhi,Bangalore,23-06-2022,24-06-2022,Vistara,UK-847,11:10,15:55,4h 45m,1 stop,25902,19,23-06-2022 19:00,Evening,1,285,Delhi -> Bangalore
149,Delhi,Bangalore,23-06-2022,25-06-2022,IndiGo,6E-5036,02:25,05:15,2h 50m,non-stop,9419,3,23-06-2022 03:00,Night,2,170,Delhi -> Bangalore
150,Delhi,Bangalore,23-06-2022,25-06-2022,IndiGo,6E-2048,03:50,06:40,2h 50m,non-stop,9419,4,23-06-2022 04:00,Night,2,170,Delhi -> Bangalore
151,Delhi,Bangalore,23-06-2022,25-06-2022,GO FIRST,G8-113,05:50,08:30,2h 40m,non-stop,9419,22,23-06-2022 22:00,Night,2,160,Delhi -> Bangalore
152,Delhi,Bangalore,23-06-2022,25-06-2022,IndiGo,6E-6612,06:00,08:35,2h 35m,non-stop,9419,6,23-06-2022 06:00,Morning,2,155,Delhi -> Bangalore
153,Delhi,Bangalore,23-06-2022,25-06-2022,SpiceJet,SG-191,06:05,08:55,2h 50m,non-stop,9419,12,23-06-2022 12:00,Afternoon,2,170,Delhi -> Bangalore
154,Delhi,Bangalore,23-06-2022,25-06-2022,IndiGo,6E-5009,06:55,09:50,2h 55m,non-stop,9419,14,23-06-2022 14:00,Afternoon,2,175,Delhi -> Bangalore
155,Delhi,Bangalore,23-06-2022,25-06-2022,IndiGo,6.00E-308,08:20,11:00,2h 40m,non-stop,9419,10,23-06-2022 10:00,Morning,2,160,Delhi -> Bangalore
156,Delhi,Bangalore,23-06-2022,25-06-2022,Vistara,UK-809,19:50,22:40,2h 50m,non-stop,9418,3,23-06-2022 03:00,Night,2,170,Delhi -> Bangalore
157,Delhi,Bangalore,23-06-2022,25-06-2022,SpiceJet,SG-537,20:00,22:30,2h 30m,non-stop,9419,12,23-06-2022 12:00,Afternoon,2,150,Delhi -> Bangalore
158,Delhi,Bangalore,23-06-2022,25-06-2022,IndiGo,6E-2532,20:10,23:00,2h 50m,non-stop,9419,6,23-06-2022 06:00,Morning,2,170,Delhi -> Bangalore
159,Delhi,Bangalore,23-06-2022,25-06-2022,GO FIRST,G8-119,20:30,23:20,2h 50m,non-stop,9419,18,23-06-2022 18:00,Evening,2,170,Delhi -> Bangalore
160,Delhi,Bangalore,23-06-2022,25-06-2022,Vistara,UK-807,20:40,23:20,2h 40m,non-stop,9418,21,23-06-2022 21:00,Night,2,160,Delhi -> Bangalore
161,Delhi,Bangalore,23-06-2022,25-06-2022,Air Asia,I5-721,21:00,23:50,2h 50m,non-stop,9419,1,23-06-2022 01:00,Night,2,170,Delhi -> Bangalore
162,Delhi,Bangalore,23-06-2022,25-06-2022,IndiGo,6E-2131,21:30,"00:15
+1D",2h 45m,non-stop,9419,9,23-06-2022 09:00,Morning,2,165,Delhi -> Bangalore
163,Delhi,Bangalore,23-06-2022,25-06-2022,Air Asia,I5-1732,21:40,"00:30
+1D",2h 50m,non-stop,9419,12,23-06-2022 12:00,Afternoon,2,170,Delhi -> Bangalore
164,Delhi,Bangalore,23-06-2022,25-06-2022,IndiGo,6E-6565,22:55,"01:45
+1D",2h 50m,non-stop,9419,20,23-06-2022 20:00,Evening,2,170,Delhi -> Bangalore
165,Delhi,Bangalore,23-06-2022,25-06-2022,GO FIRST,G8-2513,16:55,21:40,4h 45m,1 stop,9419,5,23-06-2022 05:00,Morning,2,285,Delhi -> Bangalore
166,Delhi,Bangalore,23-06-2022,25-06-2022,GO FIRST,G8-165,05:20,11:40,6h 20m,1 stop,9419,11,23-06-2022 11:00,Morning,2,380,Delhi -> Bangalore
167,Delhi,Bangalore,23-06-2022,25-06-2022,GO FIRST,G8-338,10:55,17:25,6h 30m,1 stop,9419,11,23-06-2022 11:00,Morning,2,390,Delhi -> Bangalore
168,Delhi,Bangalore,23-06-2022,25-06-2022,GO FIRST,G8-336,14:00,21:55,7h 55m,1 stop,9419,19,23-06-2022 19:00,Evening,2,475,Delhi -> Bangalore
169,Delhi,Bangalore,23-06-2022,25-06-2022,GO FIRST,G8-2513,16:55,"00:20
+1D",7h 25m,1 stop,9419,10,23-06-2022 10:00,Morning,2,445,Delhi -> Bangalore
170,Delhi,Bangalore,23-06-2022,25-06-2022,SpiceJet,SG-8254,19:30,"08:25
+1D",12h 55m,1 stop,9419,22,23-06-2022 22:00,Night,2,775,Delhi -> Bangalore
171,Delhi,Bangalore,23-06-2022,25-06-2022,IndiGo,6E-6191,13:10,18:00,4h 50m,1 stop,9734,6,23-06-2022 06:00,Morning,2,290,Delhi -> Bangalore
172,Delhi,Bangalore,23-06-2022,25-06-2022,IndiGo,6E-2014,13:25,17:55,4h 30m,1 stop,9734,0,23-06-2022 00:00,Night,2,270,Delhi -> Bangalore
173,Delhi,Bangalore,23-06-2022,25-06-2022,IndiGo,6E-2187,15:00,19:20,4h 20m,1 stop,9734,0,23-06-2022 00:00,Night,2,260,Delhi -> Bangalore
174,Delhi,Bangalore,23-06-2022,25-06-2022,IndiGo,6E-2168,17:50,22:40,4h 50m,1 stop,9734,19,23-06-2022 19:00,Evening,2,290,Delhi -> Bangalore
175,Delhi,Bangalore,23-06-2022,25-06-2022,IndiGo,6E-5005,05:15,10:15,5h 0m,1 stop,9734,12,23-06-2022 12:00,Afternoon,2,300,Delhi -> Bangalore
176,Delhi,Bangalore,23-06-2022,25-06-2022,IndiGo,6E-2697,06:50,12:05,5h 15m,1 stop,9734,8,23-06-2022 08:00,Morning,2,315,Delhi -> Bangalore
177,Delhi,Bangalore,23-06-2022,25-06-2022,IndiGo,6E-2774,07:55,13:10,5h 15m,1 stop,9734,2,23-06-2022 02:00,Night,2,315,Delhi -> Bangalore
178,Delhi,Bangalore,23-06-2022,25-06-2022,IndiGo,6E-2004,12:45,17:55,5h 10m,1 stop,9734,6,23-06-2022 06:00,Morning,2,310,Delhi -> Bangalore
179,Delhi,Bangalore,23-06-2022,25-06-2022,IndiGo,6E-6187,15:15,20:30,5h 15m,1 stop,9734,5,23-06-2022 05:00,Morning,2,315,Delhi -> Bangalore
180,Delhi,Bangalore,23-06-2022,25-06-2022,Air Asia,I5-768,15:30,20:45,5h 15m,1 stop,9735,7,23-06-2022 07:00,Morning,2,315,Delhi -> Bangalore
181,Delhi,Bangalore,23-06-2022,25-06-2022,Air Asia,I5-552,10:40,16:25,5h 45m,1 stop,9735,8,23-06-2022 08:00,Morning,2,345,Delhi -> Bangalore
182,Delhi,Bangalore,23-06-2022,25-06-2022,Air Asia,I5-711,06:05,13:00,6h 55m,1 stop,9735,4,23-06-2022 04:00,Night,2,415,Delhi -> Bangalore
183,Delhi,Bangalore,23-06-2022,25-06-2022,Air Asia,I5-744,07:25,14:15,6h 50m,1 stop,9735,0,23-06-2022 00:00,Night,2,410,Delhi -> Bangalore
184,Delhi,Bangalore,23-06-2022,25-06-2022,Air Asia,I5-710,10:00,17:30,7h 30m,1 stop,9735,18,23-06-2022 18:00,Evening,2,450,Delhi -> Bangalore
185,Delhi,Bangalore,23-06-2022,25-06-2022,IndiGo,6E-781,15:20,18:15,2h 55m,non-stop,10312,9,23-06-2022 09:00,Morning,2,175,Delhi -> Bangalore
186,Delhi,Bangalore,23-06-2022,25-06-2022,Air India,AI-504,21:15,"00:05
+1D",2h 50m,non-stop,10155,11,23-06-2022 11:00,Morning,2,170,Delhi -> Bangalore
187,Delhi,Bangalore,23-06-2022,25-06-2022,Vistara,UK-811,06:15,09:00,2h 45m,non-stop,10680,23,23-06-2022 23:00,Night,2,165,Delhi -> Bangalore
188,Delhi,Bangalore,23-06-2022,25-06-2022,IndiGo,6E-2015,18:30,21:15,2h 45m,non-stop,10522,14,23-06-2022 14:00,Afternoon,2,165,Delhi -> Bangalore
189,Delhi,Bangalore,23-06-2022,25-06-2022,Air Asia,I5-857,18:45,21:40,2h 55m,non-stop,10576,21,23-06-2022 21:00,Night,2,175,Delhi -> Bangalore
190,Delhi,Bangalore,23-06-2022,25-06-2022,Air India,AI-803,06:10,08:55,2h 45m,non-stop,10890,23,23-06-2022 23:00,Night,2,165,Delhi -> Bangalore
191,Delhi,Bangalore,23-06-2022,25-06-2022,IndiGo,6E-2487,17:25,19:55,2h 30m,non-stop,11047,8,23-06-2022 08:00,Morning,2,150,Delhi -> Bangalore
192,Delhi,Bangalore,23-06-2022,25-06-2022,IndiGo,6E-6827,09:15,11:55,2h 40m,non-stop,11362,19,23-06-2022 19:00,Evening,2,160,Delhi -> Bangalore
193,Delhi,Bangalore,23-06-2022,25-06-2022,IndiGo,6E-5186,13:00,15:35,2h 35m,non-stop,11362,16,23-06-2022 16:00,Afternoon,2,155,Delhi -> Bangalore
194,Delhi,Bangalore,23-06-2022,25-06-2022,Vistara,UK-817,16:05,18:50,2h 45m,non-stop,11205,16,23-06-2022 16:00,Afternoon,2,165,Delhi -> Bangalore
195,Delhi,Bangalore,23-06-2022,25-06-2022,Air India,AI-502,13:30,16:15,2h 45m,non-stop,11835,19,23-06-2022 19:00,Evening,2,165,Delhi -> Bangalore
196,Delhi,Bangalore,23-06-2022,25-06-2022,Vistara,UK-813,17:35,20:25,2h 50m,non-stop,11940,11,23-06-2022 11:00,Morning,2,170,Delhi -> Bangalore
197,Delhi,Bangalore,23-06-2022,25-06-2022,Air Asia,I5-1529,09:35,12:25,2h 50m,non-stop,12779,6,23-06-2022 06:00,Morning,2,170,Delhi -> Bangalore
198,Delhi,Bangalore,23-06-2022,25-06-2022,Vistara,UK-815,08:05,10:50,2h 45m,non-stop,12990,1,23-06-2022 01:00,Night,2,165,Delhi -> Bangalore
199,Delhi,Bangalore,23-06-2022,25-06-2022,IndiGo,6E-2188,11:30,14:15,2h 45m,non-stop,14333,2,23-06-2022 02:00,Night,2,165,Delhi -> Bangalore
200,Delhi,Bangalore,23-06-2022,25-06-2022,Vistara,UK-859,10:25,19:30,9h 5m,1 stop,14140,16,23-06-2022 16:00,Afternoon,2,545,Delhi -> Bangalore
201,Delhi,Bangalore,23-06-2022,25-06-2022,Vistara,UK-859,10:25,"08:45
+1D",22h 20m,1 stop,14140,4,23-06-2022 04:00,Night,2,1340,Delhi -> Bangalore
202,Delhi,Bangalore,23-06-2022,25-06-2022,Vistara,UK-801,09:05,11:50,2h 45m,non-stop,14355,16,23-06-2022 16:00,Afternoon,2,165,Delhi -> Bangalore
203,Delhi,Bangalore,23-06-2022,25-06-2022,Vistara,UK-819,14:15,16:50,2h 35m,non-stop,14355,23,23-06-2022 23:00,Night,2,155,Delhi -> Bangalore
204,Delhi,Bangalore,23-06-2022,25-06-2022,Air Asia,I5-740,08:10,10:40,2h 30m,non-stop,14879,16,23-06-2022 16:00,Afternoon,2,150,Delhi -> Bangalore
205,Delhi,Bangalore,23-06-2022,25-06-2022,Vistara,UK-879,17:35,"08:45
+1D",15h 10m,1 stop,14877,16,23-06-2022 16:00,Afternoon,2,910,Delhi -> Bangalore
206,Delhi,Bangalore,23-06-2022,25-06-2022,Air India,AI-506,09:45,12:30,2h 45m,non-stop,15090,1,23-06-2022 01:00,Night,2,165,Delhi -> Bangalore
207,Delhi,Bangalore,23-06-2022,25-06-2022,Air India,AI-807,17:15,20:15,3h 0m,non-stop,15090,1,23-06-2022 01:00,Night,2,180,Delhi -> Bangalore
208,Delhi,Bangalore,23-06-2022,25-06-2022,GO FIRST,G8-171,18:20,"00:20
+1D",6h 0m,1 stop,15194,21,23-06-2022 21:00,Night,2,360,Delhi -> Bangalore
209,Delhi,Bangalore,23-06-2022,25-06-2022,Vistara,UK-935,18:00,21:50,3h 50m,1 stop,15295,22,23-06-2022 22:00,Night,2,230,Delhi -> Bangalore
210,Delhi,Bangalore,23-06-2022,25-06-2022,Vistara,UK-993,12:50,17:45,4h 55m,1 stop,15295,4,23-06-2022 04:00,Night,2,295,Delhi -> Bangalore
211,Delhi,Bangalore,23-06-2022,25-06-2022,Vistara,UK-899,14:45,19:30,4h 45m,1 stop,15396,0,23-06-2022 00:00,Night,2,285,Delhi -> Bangalore
212,Delhi,Bangalore,23-06-2022,25-06-2022,Vistara,UK-993,12:50,18:15,5h 25m,1 stop,15295,0,23-06-2022 00:00,Night,2,325,Delhi -> Bangalore
213,Delhi,Bangalore,23-06-2022,25-06-2022,Vistara,UK-933,15:30,20:55,5h 25m,1 stop,15295,18,23-06-2022 18:00,Evening,2,325,Delhi -> Bangalore
214,Delhi,Bangalore,23-06-2022,25-06-2022,Vistara,UK-955,17:45,23:10,5h 25m,1 stop,15295,1,23-06-2022 01:00,Night,2,325,Delhi -> Bangalore
215,Delhi,Bangalore,23-06-2022,25-06-2022,Vistara,UK-945,11:40,17:45,6h 5m,1 stop,15295,20,23-06-2022 20:00,Evening,2,365,Delhi -> Bangalore
216,Delhi,Bangalore,23-06-2022,25-06-2022,Vistara,UK-945,11:40,18:15,6h 35m,1 stop,15295,11,23-06-2022 11:00,Morning,2,395,Delhi -> Bangalore
217,Delhi,Bangalore,23-06-2022,25-06-2022,Vistara,UK-993,12:50,19:15,6h 25m,1 stop,15295,5,23-06-2022 05:00,Morning,2,385,Delhi -> Bangalore
218,Delhi,Bangalore,23-06-2022,25-06-2022,Vistara,UK-941,16:45,23:10,6h 25m,1 stop,15295,22,23-06-2022 22:00,Night,2,385,Delhi -> Bangalore
219,Delhi,Bangalore,23-06-2022,25-06-2022,Vistara,UK-995,10:20,17:45,7h 25m,1 stop,15295,3,23-06-2022 03:00,Night,2,445,Delhi -> Bangalore
220,Delhi,Bangalore,23-06-2022,25-06-2022,Vistara,UK-995,10:20,18:15,7h 55m,1 stop,15295,22,23-06-2022 22:00,Night,2,475,Delhi -> Bangalore
221,Delhi,Bangalore,23-06-2022,25-06-2022,Vistara,UK-945,11:40,19:15,7h 35m,1 stop,15295,10,23-06-2022 10:00,Morning,2,455,Delhi -> Bangalore
222,Delhi,Bangalore,23-06-2022,25-06-2022,Vistara,UK-933,15:30,23:10,7h 40m,1 stop,15295,23,23-06-2022 23:00,Night,2,460,Delhi -> Bangalore
223,Delhi,Bangalore,23-06-2022,25-06-2022,Vistara,UK-927,09:30,17:45,8h 15m,1 stop,15295,16,23-06-2022 16:00,Afternoon,2,495,Delhi -> Bangalore
224,Delhi,Bangalore,23-06-2022,25-06-2022,Vistara,UK-993,12:50,20:55,8h 5m,1 stop,15295,5,23-06-2022 05:00,Morning,2,485,Delhi -> Bangalore
225,Delhi,Bangalore,23-06-2022,25-06-2022,Vistara,UK-963,08:50,17:45,8h 55m,1 stop,15295,23,23-06-2022 23:00,Night,2,535,Delhi -> Bangalore
226,Delhi,Bangalore,23-06-2022,25-06-2022,Vistara,UK-927,09:30,18:15,8h 45m,1 stop,15295,4,23-06-2022 04:00,Night,2,525,Delhi -> Bangalore
227,Delhi,Bangalore,23-06-2022,25-06-2022,Vistara,UK-995,10:20,19:15,8h 55m,1 stop,15295,19,23-06-2022 19:00,Evening,2,535,Delhi -> Bangalore
228,Delhi,Bangalore,23-06-2022,25-06-2022,Vistara,UK-945,11:40,20:55,9h 15m,1 stop,15295,1,23-06-2022 01:00,Night,2,555,Delhi -> Bangalore
229,Delhi,Bangalore,23-06-2022,25-06-2022,Vistara,UK-963,08:50,18:15,9h 25m,1 stop,15295,5,23-06-2022 05:00,Morning,2,565,Delhi -> Bangalore
230,Delhi,Bangalore,23-06-2022,25-06-2022,Vistara,UK-927,09:30,19:15,9h 45m,1 stop,15295,21,23-06-2022 21:00,Night,2,585,Delhi -> Bangalore
231,Delhi,Bangalore,23-06-2022,25-06-2022,Vistara,UK-943,07:30,17:45,10h 15m,1 stop,15295,10,23-06-2022 10:00,Morning,2,615,Delhi -> Bangalore
232,Delhi,Bangalore,23-06-2022,25-06-2022,Vistara,UK-943,07:30,18:15,10h 45m,1 stop,15295,15,23-06-2022 15:00,Afternoon,2,645,Delhi -> Bangalore
233,Delhi,Bangalore,23-06-2022,25-06-2022,Vistara,UK-963,08:50,19:15,10h 25m,1 stop,15295,15,23-06-2022 15:00,Afternoon,2,625,Delhi -> Bangalore
234,Delhi,Bangalore,23-06-2022,25-06-2022,Vistara,UK-995,10:20,20:55,10h 35m,1 stop,15295,0,23-06-2022 00:00,Night,2,635,Delhi -> Bangalore
235,Delhi,Bangalore,23-06-2022,25-06-2022,Vistara,UK-993,12:50,23:10,10h 20m,1 stop,15295,8,23-06-2022 08:00,Morning,2,620,Delhi -> Bangalore
236,Delhi,Bangalore,23-06-2022,25-06-2022,Air India,AI-605,21:15,"07:50
+1D",10h 35m,1 stop,15300,5,23-06-2022 05:00,Morning,2,635,Delhi -> Bangalore
237,Delhi,Bangalore,23-06-2022,25-06-2022,Vistara,UK-975,05:55,17:45,11h 50m,1 stop,15295,15,23-06-2022 15:00,Afternoon,2,710,Delhi -> Bangalore
238,Delhi,Bangalore,23-06-2022,25-06-2022,Vistara,UK-943,07:30,19:15,11h 45m,1 stop,15295,2,23-06-2022 02:00,Night,2,705,Delhi -> Bangalore
239,Delhi,Bangalore,23-06-2022,25-06-2022,Vistara,UK-927,09:30,20:55,11h 25m,1 stop,15295,19,23-06-2022 19:00,Evening,2,685,Delhi -> Bangalore
240,Delhi,Bangalore,23-06-2022,25-06-2022,Vistara,UK-945,11:40,23:10,11h 30m,1 stop,15295,3,23-06-2022 03:00,Night,2,690,Delhi -> Bangalore
241,Delhi,Bangalore,23-06-2022,25-06-2022,Vistara,UK-981,21:30,"08:50
+1D",11h 20m,1 stop,15295,18,23-06-2022 18:00,Evening,2,680,Delhi -> Bangalore
242,Delhi,Bangalore,23-06-2022,25-06-2022,Vistara,UK-975,05:55,18:15,12h 20m,1 stop,15295,2,23-06-2022 02:00,Night,2,740,Delhi -> Bangalore
243,Delhi,Bangalore,23-06-2022,25-06-2022,Vistara,UK-829,07:20,19:30,12h 10m,1 stop,15402,18,23-06-2022 18:00,Evening,2,730,Delhi -> Bangalore
244,Delhi,Bangalore,23-06-2022,25-06-2022,Vistara,UK-963,08:50,20:55,12h 5m,1 stop,15295,19,23-06-2022 19:00,Evening,2,725,Delhi -> Bangalore
245,Delhi,Bangalore,23-06-2022,25-06-2022,Vistara,UK-871,20:35,"08:45
+1D",12h 10m,1 stop,15396,6,23-06-2022 06:00,Morning,2,730,Delhi -> Bangalore
246,Delhi,Bangalore,23-06-2022,25-06-2022,Vistara,UK-953,20:40,"08:50
+1D",12h 10m,1 stop,15295,19,23-06-2022 19:00,Evening,2,730,Delhi -> Bangalore
247,Delhi,Bangalore,23-06-2022,25-06-2022,Vistara,UK-975,05:55,19:15,13h 20m,1 stop,15295,8,23-06-2022 08:00,Morning,2,800,Delhi -> Bangalore
248,Delhi,Bangalore,23-06-2022,25-06-2022,Vistara,UK-995,10:20,23:10,12h 50m,1 stop,15295,0,23-06-2022 00:00,Night,2,770,Delhi -> Bangalore
249,Delhi,Bangalore,23-06-2022,25-06-2022,Vistara,UK-985,19:45,"08:50
+1D",13h 5m,1 stop,15295,7,23-06-2022 07:00,Morning,2,785,Delhi -> Bangalore
250,Delhi,Bangalore,23-06-2022,25-06-2022,Vistara,UK-943,07:30,20:55,13h 25m,1 stop,15295,6,23-06-2022 06:00,Morning,2,805,Delhi -> Bangalore
251,Delhi,Bangalore,23-06-2022,25-06-2022,Vistara,UK-927,09:30,23:10,13h 40m,1 stop,15295,17,23-06-2022 17:00,Evening,2,820,Delhi -> Bangalore
252,Delhi,Bangalore,23-06-2022,25-06-2022,Vistara,UK-977,18:55,"08:50
+1D",13h 55m,1 stop,15295,7,23-06-2022 07:00,Morning,2,835,Delhi -> Bangalore
253,Delhi,Bangalore,23-06-2022,25-06-2022,Vistara,UK-963,08:50,23:10,14h 20m,1 stop,15295,0,23-06-2022 00:00,Night,2,860,Delhi -> Bangalore
254,Delhi,Bangalore,23-06-2022,25-06-2022,Vistara,UK-975,05:55,20:55,15h 0m,1 stop,15295,10,23-06-2022 10:00,Morning,2,900,Delhi -> Bangalore
255,Delhi,Bangalore,23-06-2022,25-06-2022,Vistara,UK-955,17:45,"08:50
+1D",15h 5m,1 stop,15295,17,23-06-2022 17:00,Evening,2,905,Delhi -> Bangalore
256,Delhi,Bangalore,23-06-2022,25-06-2022,Vistara,UK-913,05:55,21:50,15h 55m,1 stop,15295,22,23-06-2022 22:00,Night,2,955,Delhi -> Bangalore
257,Delhi,Bangalore,23-06-2022,25-06-2022,Vistara,UK-943,07:30,23:10,15h 40m,1 stop,15295,9,23-06-2022 09:00,Morning,2,940,Delhi -> Bangalore
258,Delhi,Bangalore,23-06-2022,25-06-2022,Vistara,UK-941,16:45,"08:50
+1D",16h 5m,1 stop,15295,2,23-06-2022 02:00,Night,2,965,Delhi -> Bangalore
259,Delhi,Bangalore,23-06-2022,25-06-2022,Vistara,UK-975,05:55,23:10,17h 15m,1 stop,15295,6,23-06-2022 06:00,Morning,2,1035,Delhi -> Bangalore
260,Delhi,Bangalore,23-06-2022,25-06-2022,Vistara,UK-933,15:30,"08:50
+1D",17h 20m,1 stop,15295,15,23-06-2022 15:00,Afternoon,2,1040,Delhi -> Bangalore
261,Delhi,Bangalore,23-06-2022,25-06-2022,Vistara,UK-899,14:45,"08:45
+1D",18h 0m,1 stop,15396,15,23-06-2022 15:00,Afternoon,2,1080,Delhi -> Bangalore
262,Delhi,Bangalore,23-06-2022,25-06-2022,Vistara,UK-993,12:50,"08:50
+1D",20h 0m,1 stop,15295,19,23-06-2022 19:00,Evening,2,1200,Delhi -> Bangalore
263,Delhi,Bangalore,23-06-2022,25-06-2022,Vistara,UK-945,11:40,"08:50
+1D",21h 10m,1 stop,15295,16,23-06-2022 16:00,Afternoon,2,1270,Delhi -> Bangalore
264,Delhi,Bangalore,23-06-2022,25-06-2022,Vistara,UK-995,10:20,"08:50
+1D",22h 30m,1 stop,15295,1,23-06-2022 01:00,Night,2,1350,Delhi -> Bangalore
265,Delhi,Bangalore,23-06-2022,25-06-2022,Air India,AI-805,20:00,"07:50
+1D",11h 50m,1 stop,15510,0,23-06-2022 00:00,Night,2,710,Delhi -> Bangalore
266,Delhi,Bangalore,23-06-2022,25-06-2022,Air India,AI-624,19:00,"07:50
+1D",12h 50m,1 stop,15510,15,23-06-2022 15:00,Afternoon,2,770,Delhi -> Bangalore
267,Delhi,Bangalore,23-06-2022,25-06-2022,Air India,AI-441,17:55,"07:50
+1D",13h 55m,2 stops,15510,11,23-06-2022 11:00,Morning,2,835,Delhi -> Bangalore
268,Delhi,Bangalore,23-06-2022,25-06-2022,Air India,AI-605,21:15,"11:10
+1D",13h 55m,1 stop,15510,4,23-06-2022 04:00,Night,2,835,Delhi -> Bangalore
269,Delhi,Bangalore,23-06-2022,25-06-2022,Air India,AI-863,14:00,"07:50
+1D",17h 50m,1 stop,15510,4,23-06-2022 04:00,Night,2,1070,Delhi -> Bangalore
270,Delhi,Bangalore,23-06-2022,25-06-2022,Air India,AI-605,21:15,"18:20
+1D",21h 5m,1 stop,15510,22,23-06-2022 22:00,Night,2,1265,Delhi -> Bangalore
271,Delhi,Bangalore,23-06-2022,25-06-2022,Vistara,UK-637,17:10,"18:15
+1D",25h 5m,1 stop,15610,8,23-06-2022 08:00,Morning,2,1505,Delhi -> Bangalore
272,Delhi,Bangalore,23-06-2022,25-06-2022,Air India,AI-865,10:00,18:20,8h 20m,1 stop,15720,8,23-06-2022 08:00,Morning,2,500,Delhi -> Bangalore
273,Delhi,Bangalore,23-06-2022,25-06-2022,Air India,AI-665,08:00,18:20,10h 20m,1 stop,15720,2,23-06-2022 02:00,Night,2,620,Delhi -> Bangalore
274,Delhi,Bangalore,23-06-2022,25-06-2022,Air India,AI-887,07:00,18:20,11h 20m,1 stop,15720,18,23-06-2022 18:00,Evening,2,680,Delhi -> Bangalore
275,Delhi,Bangalore,23-06-2022,25-06-2022,Air India,AI-805,20:00,"11:10
+1D",15h 10m,1 stop,15720,15,23-06-2022 15:00,Afternoon,2,910,Delhi -> Bangalore
276,Delhi,Bangalore,23-06-2022,25-06-2022,Air India,AI-624,19:00,"11:10
+1D",16h 10m,1 stop,15720,15,23-06-2022 15:00,Afternoon,2,970,Delhi -> Bangalore
277,Delhi,Bangalore,23-06-2022,25-06-2022,Air India,AI-441,17:55,"11:10
+1D",17h 15m,2 stops,15720,2,23-06-2022 02:00,Night,2,1035,Delhi -> Bangalore
278,Delhi,Bangalore,23-06-2022,25-06-2022,Air India,AI-863,14:00,"11:10
+1D",21h 10m,1 stop,15720,19,23-06-2022 19:00,Evening,2,1270,Delhi -> Bangalore
279,Delhi,Bangalore,23-06-2022,25-06-2022,Air India,AI-805,20:00,"18:20
+1D",22h 20m,1 stop,15720,23,23-06-2022 23:00,Night,2,1340,Delhi -> Bangalore
280,Delhi,Bangalore,23-06-2022,25-06-2022,Air India,AI-624,19:00,"18:20
+1D",23h 20m,1 stop,15720,21,23-06-2022 21:00,Night,2,1400,Delhi -> Bangalore
281,Delhi,Bangalore,23-06-2022,25-06-2022,Air India,AI-441,17:55,"18:20
+1D",24h 25m,2 stops,15720,23,23-06-2022 23:00,Night,2,1465,Delhi -> Bangalore
282,Delhi,Bangalore,23-06-2022,25-06-2022,Vistara,UK-981,21:30,"10:45
+1D",13h 15m,1 stop,16032,0,23-06-2022 00:00,Night,2,795,Delhi -> Bangalore
283,Delhi,Bangalore,23-06-2022,25-06-2022,Vistara,UK-953,20:40,"10:45
+1D",14h 5m,1 stop,16032,23,23-06-2022 23:00,Night,2,845,Delhi -> Bangalore
284,Delhi,Bangalore,23-06-2022,25-06-2022,Vistara,UK-985,19:45,"10:45
+1D",15h 0m,1 stop,16032,19,23-06-2022 19:00,Evening,2,900,Delhi -> Bangalore
285,Delhi,Bangalore,23-06-2022,25-06-2022,Vistara,UK-977,18:55,"10:45
+1D",15h 50m,1 stop,16032,10,23-06-2022 10:00,Morning,2,950,Delhi -> Bangalore
286,Delhi,Bangalore,23-06-2022,25-06-2022,Air India,AI-636,14:30,"07:50
+1D",17h 20m,2 stops,16035,16,23-06-2022 16:00,Afternoon,2,1040,Delhi -> Bangalore
287,Delhi,Bangalore,23-06-2022,25-06-2022,Vistara,UK-955,17:45,"10:45
+1D",17h 0m,1 stop,16032,7,23-06-2022 07:00,Morning,2,1020,Delhi -> Bangalore
288,Delhi,Bangalore,23-06-2022,25-06-2022,Vistara,UK-941,16:45,"10:45
+1D",18h 0m,1 stop,16032,3,23-06-2022 03:00,Night,2,1080,Delhi -> Bangalore
289,Delhi,Bangalore,23-06-2022,25-06-2022,Vistara,UK-933,15:30,"10:45
+1D",19h 15m,1 stop,16032,5,23-06-2022 05:00,Morning,2,1155,Delhi -> Bangalore
290,Delhi,Bangalore,23-06-2022,25-06-2022,Vistara,UK-993,12:50,"10:45
+1D",21h 55m,1 stop,16032,7,23-06-2022 07:00,Morning,2,1315,Delhi -> Bangalore
291,Delhi,Bangalore,23-06-2022,25-06-2022,Vistara,UK-981,21:30,"19:15
+1D",21h 45m,1 stop,16032,19,23-06-2022 19:00,Evening,2,1305,Delhi -> Bangalore
292,Delhi,Bangalore,23-06-2022,25-06-2022,Vistara,UK-953,20:40,"19:15
+1D",22h 35m,1 stop,16032,2,23-06-2022 02:00,Night,2,1355,Delhi -> Bangalore
293,Delhi,Bangalore,23-06-2022,25-06-2022,Air India,AI-636,14:30,"11:10
+1D",20h 40m,2 stops,16245,15,23-06-2022 15:00,Afternoon,2,1240,Delhi -> Bangalore
294,Delhi,Bangalore,23-06-2022,25-06-2022,Air India,AI-636,14:30,"18:20
+1D",27h 50m,2 stops,16245,2,23-06-2022 02:00,Night,2,1670,Delhi -> Bangalore
295,Delhi,Bangalore,23-06-2022,25-06-2022,Vistara,UK-951,14:20,19:15,4h 55m,1 stop,16557,17,23-06-2022 17:00,Evening,2,295,Delhi -> Bangalore
296,Delhi,Bangalore,23-06-2022,25-06-2022,Vistara,UK-951,14:20,20:55,6h 35m,1 stop,16557,13,23-06-2022 13:00,Afternoon,2,395,Delhi -> Bangalore
297,Delhi,Bangalore,23-06-2022,25-06-2022,Vistara,UK-951,14:20,23:10,8h 50m,1 stop,16557,17,23-06-2022 17:00,Evening,2,530,Delhi -> Bangalore
298,Delhi,Bangalore,23-06-2022,25-06-2022,SpiceJet,SG-724,09:35,19:30,9h 55m,1 stop,16751,1,23-06-2022 01:00,Night,2,595,Delhi -> Bangalore
299,Delhi,Bangalore,23-06-2022,25-06-2022,Vistara,UK-951,14:20,"08:50
+1D",18h 30m,1 stop,16557,21,23-06-2022 21:00,Night,2,1110,Delhi -> Bangalore
300,Delhi,Bangalore,23-06-2022,25-06-2022,Vistara,UK-981,21:30,"18:15
+1D",20h 45m,1 stop,16557,2,23-06-2022 02:00,Night,2,1245,Delhi -> Bangalore
301,Delhi,Bangalore,23-06-2022,25-06-2022,Vistara,UK-953,20:40,"18:15
+1D",21h 35m,1 stop,16557,15,23-06-2022 15:00,Afternoon,2,1295,Delhi -> Bangalore
302,Delhi,Bangalore,23-06-2022,25-06-2022,Vistara,UK-985,19:45,"18:15
+1D",22h 30m,1 stop,16557,8,23-06-2022 08:00,Morning,2,1350,Delhi -> Bangalore
303,Delhi,Bangalore,23-06-2022,25-06-2022,Vistara,UK-975,05:55,10:45,4h 50m,1 stop,17607,3,23-06-2022 03:00,Night,2,290,Delhi -> Bangalore
304,Delhi,Bangalore,23-06-2022,25-06-2022,Vistara,UK-847,11:10,15:55,4h 45m,1 stop,18552,0,23-06-2022 00:00,Night,2,285,Delhi -> Bangalore
305,Delhi,Bangalore,23-06-2022,25-06-2022,SpiceJet,SG-361,14:50,21:00,6h 10m,1 stop,18896,3,23-06-2022 03:00,Night,2,370,Delhi -> Bangalore
306,Delhi,Bangalore,23-06-2022,25-06-2022,GO FIRST,G8-286,10:40,15:05,4h 25m,1 stop,19385,0,23-06-2022 00:00,Night,2,265,Delhi -> Bangalore
307,Delhi,Bangalore,23-06-2022,25-06-2022,SpiceJet,SG-8903,06:30,12:55,6h 25m,1 stop,19257,13,23-06-2022 13:00,Afternoon,2,385,Delhi -> Bangalore
308,Delhi,Bangalore,23-06-2022,25-06-2022,SpiceJet,SG-2962,06:15,14:35,8h 20m,1 stop,23558,20,23-06-2022 20:00,Evening,2,500,Delhi -> Bangalore
309,Delhi,Bangalore,23-06-2022,26-06-2022,IndiGo,6E-5036,02:25,05:15,2h 50m,non-stop,9419,15,23-06-2022 15:00,Afternoon,3,170,Delhi -> Bangalore
310,Delhi,Bangalore,23-06-2022,26-06-2022,IndiGo,6E-2048,03:50,06:40,2h 50m,non-stop,9419,19,23-06-2022 19:00,Evening,3,170,Delhi -> Bangalore
311,Delhi,Bangalore,23-06-2022,26-06-2022,GO FIRST,G8-113,05:50,08:30,2h 40m,non-stop,9419,23,23-06-2022 23:00,Night,3,160,Delhi -> Bangalore
312,Delhi,Bangalore,23-06-2022,26-06-2022,IndiGo,6E-6612,06:00,08:35,2h 35m,non-stop,9419,7,23-06-2022 07:00,Morning,3,155,Delhi -> Bangalore
313,Delhi,Bangalore,23-06-2022,26-06-2022,SpiceJet,SG-191,06:05,08:55,2h 50m,non-stop,9419,6,23-06-2022 06:00,Morning,3,170,Delhi -> Bangalore
314,Delhi,Bangalore,23-06-2022,26-06-2022,Air Asia,I5-1732,21:40,"00:30
+1D",2h 50m,non-stop,9419,2,23-06-2022 02:00,Night,3,170,Delhi -> Bangalore
315,Delhi,Bangalore,23-06-2022,26-06-2022,IndiGo,6E-6565,22:55,"01:45
+1D",2h 50m,non-stop,9419,16,23-06-2022 16:00,Afternoon,3,170,Delhi -> Bangalore
316,Delhi,Bangalore,23-06-2022,26-06-2022,GO FIRST,G8-2501,02:40,07:40,5h 0m,1 stop,9419,0,23-06-2022 00:00,Night,3,300,Delhi -> Bangalore
317,Delhi,Bangalore,23-06-2022,26-06-2022,IndiGo,6E-2003,11:15,16:30,5h 15m,1 stop,9472,15,23-06-2022 15:00,Afternoon,3,315,Delhi -> Bangalore
318,Delhi,Bangalore,23-06-2022,26-06-2022,GO FIRST,G8-165,05:20,11:40,6h 20m,1 stop,9419,11,23-06-2022 11:00,Morning,3,380,Delhi -> Bangalore
319,Delhi,Bangalore,23-06-2022,26-06-2022,SpiceJet,SG-8903,06:30,12:55,6h 25m,1 stop,9419,18,23-06-2022 18:00,Evening,3,385,Delhi -> Bangalore
320,Delhi,Bangalore,23-06-2022,26-06-2022,Air Asia,I5-773,20:00,"02:30
+1D",6h 30m,1 stop,9418,21,23-06-2022 21:00,Night,3,390,Delhi -> Bangalore
321,Delhi,Bangalore,23-06-2022,26-06-2022,Air Asia,I5-713,16:15,23:10,6h 55m,2 stops,9418,22,23-06-2022 22:00,Night,3,415,Delhi -> Bangalore
322,Delhi,Bangalore,23-06-2022,26-06-2022,IndiGo,6E-2532,20:10,23:00,2h 50m,non-stop,9682,21,23-06-2022 21:00,Night,3,170,Delhi -> Bangalore
323,Delhi,Bangalore,23-06-2022,26-06-2022,IndiGo,6E-2131,21:30,"00:15
+1D",2h 45m,non-stop,9682,13,23-06-2022 13:00,Afternoon,3,165,Delhi -> Bangalore
324,Delhi,Bangalore,23-06-2022,26-06-2022,IndiGo,6E-6191,13:10,18:00,4h 50m,1 stop,9734,5,23-06-2022 05:00,Morning,3,290,Delhi -> Bangalore
325,Delhi,Bangalore,23-06-2022,26-06-2022,IndiGo,6E-2014,13:25,17:55,4h 30m,1 stop,9734,5,23-06-2022 05:00,Morning,3,270,Delhi -> Bangalore
326,Delhi,Bangalore,23-06-2022,26-06-2022,IndiGo,6E-2187,15:00,19:20,4h 20m,1 stop,9734,12,23-06-2022 12:00,Afternoon,3,260,Delhi -> Bangalore
327,Delhi,Bangalore,23-06-2022,26-06-2022,IndiGo,6E-2168,17:50,22:40,4h 50m,1 stop,9734,18,23-06-2022 18:00,Evening,3,290,Delhi -> Bangalore
328,Delhi,Bangalore,23-06-2022,26-06-2022,IndiGo,6E-5005,05:15,10:15,5h 0m,1 stop,9734,21,23-06-2022 21:00,Night,3,300,Delhi -> Bangalore
329,Delhi,Bangalore,23-06-2022,26-06-2022,IndiGo,6E-2697,06:50,12:05,5h 15m,1 stop,9734,7,23-06-2022 07:00,Morning,3,315,Delhi -> Bangalore
330,Delhi,Bangalore,23-06-2022,26-06-2022,IndiGo,6E-2004,12:45,17:55,5h 10m,1 stop,9734,1,23-06-2022 01:00,Night,3,310,Delhi -> Bangalore
331,Delhi,Bangalore,23-06-2022,26-06-2022,IndiGo,6E-6187,15:15,20:30,5h 15m,1 stop,9734,20,23-06-2022 20:00,Evening,3,315,Delhi -> Bangalore
332,Delhi,Bangalore,23-06-2022,26-06-2022,Air Asia,I5-744,07:25,14:15,6h 50m,1 stop,9735,0,23-06-2022 00:00,Night,3,410,Delhi -> Bangalore
333,Delhi,Bangalore,23-06-2022,26-06-2022,IndiGo,6E-5009,06:55,09:50,2h 55m,non-stop,9997,14,23-06-2022 14:00,Afternoon,3,175,Delhi -> Bangalore
334,Delhi,Bangalore,23-06-2022,26-06-2022,GO FIRST,G8-119,20:30,23:20,2h 50m,non-stop,9965,0,23-06-2022 00:00,Night,3,170,Delhi -> Bangalore
335,Delhi,Bangalore,23-06-2022,26-06-2022,Air Asia,I5-721,21:00,23:50,2h 50m,non-stop,9945,4,23-06-2022 04:00,Night,3,170,Delhi -> Bangalore
336,Delhi,Bangalore,23-06-2022,26-06-2022,Air India,AI-504,21:15,"00:05
+1D",2h 50m,non-stop,10155,15,23-06-2022 15:00,Afternoon,3,170,Delhi -> Bangalore
337,Delhi,Bangalore,23-06-2022,26-06-2022,Air Asia,I5-857,18:45,21:40,2h 55m,non-stop,10576,18,23-06-2022 18:00,Evening,3,175,Delhi -> Bangalore
338,Delhi,Bangalore,23-06-2022,26-06-2022,SpiceJet,SG-537,20:00,22:30,2h 30m,non-stop,10573,3,23-06-2022 03:00,Night,3,150,Delhi -> Bangalore
339,Delhi,Bangalore,23-06-2022,26-06-2022,Air India,AI-803,06:10,08:55,2h 45m,non-stop,10890,2,23-06-2022 02:00,Night,3,165,Delhi -> Bangalore
340,Delhi,Bangalore,23-06-2022,26-06-2022,Vistara,UK-815,08:05,10:50,2h 45m,non-stop,11205,16,23-06-2022 16:00,Afternoon,3,165,Delhi -> Bangalore
341,Delhi,Bangalore,23-06-2022,26-06-2022,IndiGo,6.00E-308,08:20,11:00,2h 40m,non-stop,11362,16,23-06-2022 16:00,Afternoon,3,160,Delhi -> Bangalore
342,Delhi,Bangalore,23-06-2022,26-06-2022,Vistara,UK-807,20:40,23:20,2h 40m,non-stop,11205,11,23-06-2022 11:00,Morning,3,160,Delhi -> Bangalore
343,Delhi,Bangalore,23-06-2022,26-06-2022,Air Asia,I5-740,08:10,10:40,2h 30m,non-stop,11571,13,23-06-2022 13:00,Afternoon,3,150,Delhi -> Bangalore
344,Delhi,Bangalore,23-06-2022,26-06-2022,Vistara,UK-809,19:50,22:40,2h 50m,non-stop,11940,20,23-06-2022 20:00,Evening,3,170,Delhi -> Bangalore
345,Delhi,Bangalore,23-06-2022,26-06-2022,IndiGo,6E-2015,18:30,21:15,2h 45m,non-stop,12233,5,23-06-2022 05:00,Morning,3,165,Delhi -> Bangalore
346,Delhi,Bangalore,23-06-2022,26-06-2022,Air Asia,I5-552,10:40,16:25,5h 45m,1 stop,12518,2,23-06-2022 02:00,Night,3,345,Delhi -> Bangalore
347,Delhi,Bangalore,23-06-2022,26-06-2022,IndiGo,6E-6827,09:15,11:55,2h 40m,non-stop,12758,8,23-06-2022 08:00,Morning,3,160,Delhi -> Bangalore
348,Delhi,Bangalore,23-06-2022,26-06-2022,Air Asia,I5-1529,09:35,12:25,2h 50m,non-stop,12779,4,23-06-2022 04:00,Night,3,170,Delhi -> Bangalore
349,Delhi,Bangalore,23-06-2022,26-06-2022,Air Asia,I5-768,15:30,20:45,5h 15m,1 stop,12823,23,23-06-2022 23:00,Night,3,315,Delhi -> Bangalore
350,Delhi,Bangalore,23-06-2022,26-06-2022,Air India,AI-506,09:45,12:30,2h 45m,non-stop,14040,16,23-06-2022 16:00,Afternoon,3,165,Delhi -> Bangalore
351,Delhi,Bangalore,23-06-2022,26-06-2022,IndiGo,6E-2188,11:30,14:15,2h 45m,non-stop,13882,13,23-06-2022 13:00,Afternoon,3,165,Delhi -> Bangalore
352,Delhi,Bangalore,23-06-2022,26-06-2022,Vistara,UK-871,20:35,"08:45
+1D",12h 10m,1 stop,14140,20,23-06-2022 20:00,Evening,3,730,Delhi -> Bangalore
353,Delhi,Bangalore,23-06-2022,26-06-2022,Vistara,UK-871,20:35,"19:30
+1D",22h 55m,1 stop,14140,2,23-06-2022 02:00,Night,3,1375,Delhi -> Bangalore
354,Delhi,Bangalore,23-06-2022,26-06-2022,IndiGo,6E-781,15:20,18:15,2h 55m,non-stop,14932,0,23-06-2022 00:00,Night,3,175,Delhi -> Bangalore
355,Delhi,Bangalore,23-06-2022,26-06-2022,IndiGo,6E-5186,13:00,15:35,2h 35m,non-stop,15352,19,23-06-2022 19:00,Evening,3,155,Delhi -> Bangalore
356,Delhi,Bangalore,23-06-2022,26-06-2022,IndiGo,6E-2487,17:25,19:55,2h 30m,non-stop,15352,20,23-06-2022 20:00,Evening,3,150,Delhi -> Bangalore
357,Delhi,Bangalore,23-06-2022,26-06-2022,Vistara,UK-935,18:00,21:50,3h 50m,1 stop,15295,22,23-06-2022 22:00,Night,3,230,Delhi -> Bangalore
358,Delhi,Bangalore,23-06-2022,26-06-2022,Vistara,UK-941,16:45,23:10,6h 25m,1 stop,15295,0,23-06-2022 00:00,Night,3,385,Delhi -> Bangalore
359,Delhi,Bangalore,23-06-2022,26-06-2022,Vistara,UK-995,10:20,20:55,10h 35m,1 stop,15295,2,23-06-2022 02:00,Night,3,635,Delhi -> Bangalore
360,Delhi,Bangalore,23-06-2022,26-06-2022,Air India,AI-605,21:15,"07:50
+1D",10h 35m,1 stop,15300,17,23-06-2022 17:00,Evening,3,635,Delhi -> Bangalore
361,Delhi,Bangalore,23-06-2022,26-06-2022,Vistara,UK-995,10:20,23:10,12h 50m,1 stop,15295,9,23-06-2022 09:00,Morning,3,770,Delhi -> Bangalore
362,Delhi,Bangalore,23-06-2022,26-06-2022,Vistara,UK-943,07:30,20:55,13h 25m,1 stop,15295,21,23-06-2022 21:00,Night,3,805,Delhi -> Bangalore
363,Delhi,Bangalore,23-06-2022,26-06-2022,Air India,AI-605,21:15,"11:10
+1D",13h 55m,1 stop,15300,2,23-06-2022 02:00,Night,3,835,Delhi -> Bangalore
364,Delhi,Bangalore,23-06-2022,26-06-2022,Vistara,UK-943,07:30,23:10,15h 40m,1 stop,15295,7,23-06-2022 07:00,Morning,3,940,Delhi -> Bangalore
365,Delhi,Bangalore,23-06-2022,26-06-2022,Vistara,UK-879,17:35,"08:45
+1D",15h 10m,1 stop,15402,13,23-06-2022 13:00,Afternoon,3,910,Delhi -> Bangalore
366,Delhi,Bangalore,23-06-2022,26-06-2022,Vistara,UK-913,05:55,21:50,15h 55m,1 stop,15295,23,23-06-2022 23:00,Night,3,955,Delhi -> Bangalore
367,Delhi,Bangalore,23-06-2022,26-06-2022,Air India,AI-605,21:15,"18:20
+1D",21h 5m,1 stop,15300,17,23-06-2022 17:00,Evening,3,1265,Delhi -> Bangalore
368,Delhi,Bangalore,23-06-2022,26-06-2022,Vistara,UK-879,17:35,"19:30
+1D",25h 55m,1 stop,15402,14,23-06-2022 14:00,Afternoon,3,1555,Delhi -> Bangalore
369,Delhi,Bangalore,23-06-2022,26-06-2022,Vistara,UK-955,17:45,23:10,5h 25m,1 stop,15612,21,23-06-2022 21:00,Night,3,325,Delhi -> Bangalore
370,Delhi,Bangalore,23-06-2022,26-06-2022,GO FIRST,G8-171,19:15,"00:20
+1D",5h 5m,1 stop,15552,22,23-06-2022 22:00,Night,3,305,Delhi -> Bangalore
371,Delhi,Bangalore,23-06-2022,26-06-2022,GO FIRST,G8-338,10:55,17:25,6h 30m,1 stop,15519,1,23-06-2022 01:00,Night,3,390,Delhi -> Bangalore
372,Delhi,Bangalore,23-06-2022,26-06-2022,GO FIRST,G8-2513,17:05,"00:20
+1D",7h 15m,1 stop,15552,9,23-06-2022 09:00,Morning,3,435,Delhi -> Bangalore
373,Delhi,Bangalore,23-06-2022,26-06-2022,SpiceJet,SG-724,09:35,19:30,9h 55m,1 stop,15631,1,23-06-2022 01:00,Night,3,595,Delhi -> Bangalore
374,Delhi,Bangalore,23-06-2022,26-06-2022,Vistara,UK-927,09:30,20:55,11h 25m,1 stop,15612,16,23-06-2022 16:00,Afternoon,3,685,Delhi -> Bangalore
375,Delhi,Bangalore,23-06-2022,26-06-2022,Air India,AI-805,20:00,"07:50
+1D",11h 50m,1 stop,15510,7,23-06-2022 07:00,Morning,3,710,Delhi -> Bangalore
376,Delhi,Bangalore,23-06-2022,26-06-2022,Vistara,UK-963,08:50,20:55,12h 5m,1 stop,15612,0,23-06-2022 00:00,Night,3,725,Delhi -> Bangalore
377,Delhi,Bangalore,23-06-2022,26-06-2022,Air India,AI-624,19:00,"07:50
+1D",12h 50m,1 stop,15510,8,23-06-2022 08:00,Morning,3,770,Delhi -> Bangalore
378,Delhi,Bangalore,23-06-2022,26-06-2022,Vistara,UK-927,09:30,23:10,13h 40m,1 stop,15612,10,23-06-2022 10:00,Morning,3,820,Delhi -> Bangalore
379,Delhi,Bangalore,23-06-2022,26-06-2022,Air India,AI-441,17:55,"07:50
+1D",13h 55m,2 stops,15510,21,23-06-2022 21:00,Night,3,835,Delhi -> Bangalore
380,Delhi,Bangalore,23-06-2022,26-06-2022,Vistara,UK-963,08:50,23:10,14h 20m,1 stop,15612,15,23-06-2022 15:00,Afternoon,3,860,Delhi -> Bangalore
381,Delhi,Bangalore,23-06-2022,26-06-2022,Air India,AI-805,20:00,"11:10
+1D",15h 10m,1 stop,15510,6,23-06-2022 06:00,Morning,3,910,Delhi -> Bangalore
382,Delhi,Bangalore,23-06-2022,26-06-2022,Air India,AI-624,19:00,"11:10
+1D",16h 10m,1 stop,15510,9,23-06-2022 09:00,Morning,3,970,Delhi -> Bangalore
383,Delhi,Bangalore,23-06-2022,26-06-2022,Air India,AI-636,14:30,"07:50
+1D",17h 20m,2 stops,15510,22,23-06-2022 22:00,Night,3,1040,Delhi -> Bangalore
384,Delhi,Bangalore,23-06-2022,26-06-2022,Air India,AI-441,17:55,"11:10
+1D",17h 15m,2 stops,15510,2,23-06-2022 02:00,Night,3,1035,Delhi -> Bangalore
385,Delhi,Bangalore,23-06-2022,26-06-2022,Air India,AI-863,14:00,"07:50
+1D",17h 50m,1 stop,15510,17,23-06-2022 17:00,Evening,3,1070,Delhi -> Bangalore
386,Delhi,Bangalore,23-06-2022,26-06-2022,Air India,AI-863,14:00,"11:10
+1D",21h 10m,1 stop,15510,23,23-06-2022 23:00,Night,3,1270,Delhi -> Bangalore
387,Delhi,Bangalore,23-06-2022,26-06-2022,Air India,AI-636,14:30,"11:10
+1D",20h 40m,2 stops,15510,12,23-06-2022 12:00,Afternoon,3,1240,Delhi -> Bangalore
388,Delhi,Bangalore,23-06-2022,26-06-2022,Vistara,UK-985,19:45,"17:45
+1D",22h 0m,1 stop,15612,6,23-06-2022 06:00,Morning,3,1320,Delhi -> Bangalore
389,Delhi,Bangalore,23-06-2022,26-06-2022,Vistara,UK-985,19:45,"18:15
+1D",22h 30m,1 stop,15612,3,23-06-2022 03:00,Night,3,1350,Delhi -> Bangalore
390,Delhi,Bangalore,23-06-2022,26-06-2022,Air India,AI-805,20:00,"18:20
+1D",22h 20m,1 stop,15510,12,23-06-2022 12:00,Afternoon,3,1340,Delhi -> Bangalore
391,Delhi,Bangalore,23-06-2022,26-06-2022,Air India,AI-624,19:00,"18:20
+1D",23h 20m,1 stop,15510,19,23-06-2022 19:00,Evening,3,1400,Delhi -> Bangalore
392,Delhi,Bangalore,23-06-2022,26-06-2022,Air India,AI-441,17:55,"18:20
+1D",24h 25m,2 stops,15510,0,23-06-2022 00:00,Night,3,1465,Delhi -> Bangalore
393,Delhi,Bangalore,23-06-2022,26-06-2022,Vistara,UK-637,17:10,"18:15
+1D",25h 5m,1 stop,15610,7,23-06-2022 07:00,Morning,3,1505,Delhi -> Bangalore
394,Delhi,Bangalore,23-06-2022,26-06-2022,Air India,AI-636,14:30,"18:20
+1D",27h 50m,2 stops,15510,13,23-06-2022 13:00,Afternoon,3,1670,Delhi -> Bangalore
395,Delhi,Bangalore,23-06-2022,26-06-2022,Air India,AI-865,10:00,18:20,8h 20m,1 stop,15720,15,23-06-2022 15:00,Afternoon,3,500,Delhi -> Bangalore
396,Delhi,Bangalore,23-06-2022,26-06-2022,Air India,AI-665,08:00,18:20,10h 20m,1 stop,15720,13,23-06-2022 13:00,Afternoon,3,620,Delhi -> Bangalore
397,Delhi,Bangalore,23-06-2022,26-06-2022,Vistara,UK-801,09:05,11:50,2h 45m,non-stop,16035,11,23-06-2022 11:00,Morning,3,165,Delhi -> Bangalore
398,Delhi,Bangalore,23-06-2022,26-06-2022,Vistara,UK-933,15:30,20:55,5h 25m,1 stop,16032,18,23-06-2022 18:00,Evening,3,325,Delhi -> Bangalore
399,Delhi,Bangalore,23-06-2022,26-06-2022,Vistara,UK-993,12:50,20:55,8h 5m,1 stop,16032,22,23-06-2022 22:00,Night,3,485,Delhi -> Bangalore
400,Delhi,Bangalore,23-06-2022,26-06-2022,Vistara,UK-933,15:30,23:10,7h 40m,1 stop,16032,14,23-06-2022 14:00,Afternoon,3,460,Delhi -> Bangalore
401,Delhi,Bangalore,23-06-2022,26-06-2022,Vistara,UK-995,10:20,19:15,8h 55m,1 stop,16032,1,23-06-2022 01:00,Night,3,535,Delhi -> Bangalore
402,Delhi,Bangalore,23-06-2022,26-06-2022,Vistara,UK-945,11:40,20:55,9h 15m,1 stop,16032,1,23-06-2022 01:00,Night,3,555,Delhi -> Bangalore
403,Delhi,Bangalore,23-06-2022,26-06-2022,Vistara,UK-993,12:50,23:10,10h 20m,1 stop,16032,22,23-06-2022 22:00,Night,3,620,Delhi -> Bangalore
404,Delhi,Bangalore,23-06-2022,26-06-2022,Vistara,UK-943,07:30,19:15,11h 45m,1 stop,16032,21,23-06-2022 21:00,Night,3,705,Delhi -> Bangalore
405,Delhi,Bangalore,23-06-2022,26-06-2022,Vistara,UK-945,11:40,23:10,11h 30m,1 stop,16032,18,23-06-2022 18:00,Evening,3,690,Delhi -> Bangalore
406,Delhi,Bangalore,23-06-2022,26-06-2022,Vistara,UK-941,16:45,"07:50
+1D",15h 5m,1 stop,16032,21,23-06-2022 21:00,Night,3,905,Delhi -> Bangalore
407,Delhi,Bangalore,23-06-2022,26-06-2022,Vistara,UK-899,14:45,"08:45
+1D",18h 0m,1 stop,15927,21,23-06-2022 21:00,Night,3,1080,Delhi -> Bangalore
408,Delhi,Bangalore,23-06-2022,26-06-2022,Vistara,UK-995,10:20,"07:50
+1D",21h 30m,1 stop,16032,16,23-06-2022 16:00,Afternoon,3,1290,Delhi -> Bangalore
409,Delhi,Bangalore,23-06-2022,26-06-2022,Vistara,UK-953,20:40,"17:45
+1D",21h 5m,1 stop,16032,19,23-06-2022 19:00,Evening,3,1265,Delhi -> Bangalore
410,Delhi,Bangalore,23-06-2022,26-06-2022,Vistara,UK-953,20:40,"18:15
+1D",21h 35m,1 stop,16032,9,23-06-2022 09:00,Morning,3,1295,Delhi -> Bangalore
411,Delhi,Bangalore,23-06-2022,26-06-2022,Vistara,UK-953,20:40,"19:15
+1D",22h 35m,1 stop,16032,5,23-06-2022 05:00,Morning,3,1355,Delhi -> Bangalore
412,Delhi,Bangalore,23-06-2022,26-06-2022,Vistara,UK-927,09:30,19:15,9h 45m,1 stop,16349,14,23-06-2022 14:00,Afternoon,3,585,Delhi -> Bangalore
413,Delhi,Bangalore,23-06-2022,26-06-2022,Vistara,UK-963,08:50,19:15,10h 25m,1 stop,16349,21,23-06-2022 21:00,Night,3,625,Delhi -> Bangalore
414,Delhi,Bangalore,23-06-2022,26-06-2022,Vistara,UK-985,19:45,"07:50
+1D",12h 5m,1 stop,16349,10,23-06-2022 10:00,Morning,3,725,Delhi -> Bangalore
415,Delhi,Bangalore,23-06-2022,26-06-2022,Vistara,UK-977,18:55,"07:50
+1D",12h 55m,1 stop,16349,4,23-06-2022 04:00,Night,3,775,Delhi -> Bangalore
416,Delhi,Bangalore,23-06-2022,26-06-2022,Vistara,UK-955,17:45,"07:50
+1D",14h 5m,1 stop,16349,0,23-06-2022 00:00,Night,3,845,Delhi -> Bangalore
417,Delhi,Bangalore,23-06-2022,26-06-2022,Vistara,UK-927,09:30,"07:50
+1D",22h 20m,1 stop,16349,7,23-06-2022 07:00,Morning,3,1340,Delhi -> Bangalore
418,Delhi,Bangalore,23-06-2022,26-06-2022,Vistara,UK-829,07:20,"08:45
+1D",25h 25m,1 stop,16452,20,23-06-2022 20:00,Evening,3,1525,Delhi -> Bangalore
419,Delhi,Bangalore,23-06-2022,26-06-2022,Air India,AI-807,17:15,20:15,3h 0m,non-stop,16665,11,23-06-2022 11:00,Morning,3,180,Delhi -> Bangalore
420,Delhi,Bangalore,23-06-2022,26-06-2022,Vistara,UK-951,14:20,20:55,6h 35m,1 stop,16557,11,23-06-2022 11:00,Morning,3,395,Delhi -> Bangalore
421,Delhi,Bangalore,23-06-2022,26-06-2022,Vistara,UK-995,10:20,18:15,7h 55m,1 stop,16557,4,23-06-2022 04:00,Night,3,475,Delhi -> Bangalore
422,Delhi,Bangalore,23-06-2022,26-06-2022,Vistara,UK-951,14:20,23:10,8h 50m,1 stop,16557,6,23-06-2022 06:00,Morning,3,530,Delhi -> Bangalore
423,Delhi,Bangalore,23-06-2022,26-06-2022,Vistara,UK-943,07:30,18:15,10h 45m,1 stop,16557,3,23-06-2022 03:00,Night,3,645,Delhi -> Bangalore
424,Delhi,Bangalore,23-06-2022,26-06-2022,Vistara,UK-941,16:45,"08:50
+1D",16h 5m,1 stop,16557,5,23-06-2022 05:00,Morning,3,965,Delhi -> Bangalore
425,Delhi,Bangalore,23-06-2022,26-06-2022,Vistara,UK-941,16:45,"10:45
+1D",18h 0m,1 stop,16557,12,23-06-2022 12:00,Afternoon,3,1080,Delhi -> Bangalore
426,Delhi,Bangalore,23-06-2022,26-06-2022,Vistara,UK-981,21:30,"17:45
+1D",20h 15m,1 stop,16557,19,23-06-2022 19:00,Evening,3,1215,Delhi -> Bangalore
427,Delhi,Bangalore,23-06-2022,26-06-2022,Vistara,UK-981,21:30,"18:15
+1D",20h 45m,1 stop,16557,14,23-06-2022 14:00,Afternoon,3,1245,Delhi -> Bangalore
428,Delhi,Bangalore,23-06-2022,26-06-2022,Vistara,UK-981,21:30,"19:15
+1D",21h 45m,1 stop,16557,2,23-06-2022 02:00,Night,3,1305,Delhi -> Bangalore
429,Delhi,Bangalore,23-06-2022,26-06-2022,Vistara,UK-993,12:50,19:15,6h 25m,1 stop,16769,22,23-06-2022 22:00,Night,3,385,Delhi -> Bangalore
430,Delhi,Bangalore,23-06-2022,26-06-2022,Vistara,UK-945,11:40,19:15,7h 35m,1 stop,16769,7,23-06-2022 07:00,Morning,3,455,Delhi -> Bangalore
431,Delhi,Bangalore,23-06-2022,26-06-2022,Vistara,UK-995,10:20,17:45,7h 25m,1 stop,17082,19,23-06-2022 19:00,Evening,3,445,Delhi -> Bangalore
432,Delhi,Bangalore,23-06-2022,26-06-2022,Vistara,UK-993,12:50,18:15,5h 25m,1 stop,17294,15,23-06-2022 15:00,Afternoon,3,325,Delhi -> Bangalore
433,Delhi,Bangalore,23-06-2022,26-06-2022,Vistara,UK-951,14:20,19:15,4h 55m,1 stop,17294,12,23-06-2022 12:00,Afternoon,3,295,Delhi -> Bangalore
434,Delhi,Bangalore,23-06-2022,26-06-2022,Vistara,UK-945,11:40,18:15,6h 35m,1 stop,17294,17,23-06-2022 17:00,Evening,3,395,Delhi -> Bangalore
435,Delhi,Bangalore,23-06-2022,26-06-2022,Vistara,UK-993,12:50,17:45,4h 55m,1 stop,17819,9,23-06-2022 09:00,Morning,3,295,Delhi -> Bangalore
436,Delhi,Bangalore,23-06-2022,26-06-2022,Vistara,UK-945,11:40,17:45,6h 5m,1 stop,17819,18,23-06-2022 18:00,Evening,3,365,Delhi -> Bangalore
437,Delhi,Bangalore,23-06-2022,26-06-2022,SpiceJet,SG-957,15:10,23:25,8h 15m,1 stop,17825,16,23-06-2022 16:00,Afternoon,3,495,Delhi -> Bangalore
438,Delhi,Bangalore,23-06-2022,26-06-2022,SpiceJet,SG-8171,12:05,23:25,11h 20m,1 stop,17825,23,23-06-2022 23:00,Night,3,680,Delhi -> Bangalore
439,Delhi,Bangalore,23-06-2022,26-06-2022,Vistara,UK-817,16:05,18:50,2h 45m,non-stop,18030,18,23-06-2022 18:00,Evening,3,165,Delhi -> Bangalore
440,Delhi,Bangalore,23-06-2022,26-06-2022,Vistara,UK-813,17:35,20:25,2h 50m,non-stop,18030,22,23-06-2022 22:00,Night,3,170,Delhi -> Bangalore
441,Delhi,Bangalore,23-06-2022,26-06-2022,Air India,AI-502,13:30,16:15,2h 45m,non-stop,18240,4,23-06-2022 04:00,Night,3,165,Delhi -> Bangalore
442,Delhi,Bangalore,23-06-2022,26-06-2022,Vistara,UK-899,14:45,19:30,4h 45m,1 stop,19394,20,23-06-2022 20:00,Evening,3,285,Delhi -> Bangalore
443,Delhi,Bangalore,23-06-2022,26-06-2022,Vistara,UK-819,14:15,16:50,2h 35m,non-stop,20340,22,23-06-2022 22:00,Night,3,155,Delhi -> Bangalore
444,Delhi,Bangalore,23-06-2022,26-06-2022,GO FIRST,G8-300,08:50,15:05,6h 15m,1 stop,20864,8,23-06-2022 08:00,Morning,3,375,Delhi -> Bangalore
445,Delhi,Bangalore,23-06-2022,26-06-2022,SpiceJet,SG-8185,09:25,16:50,7h 25m,1 stop,21529,11,23-06-2022 11:00,Morning,3,445,Delhi -> Bangalore
446,Delhi,Bangalore,23-06-2022,26-06-2022,Vistara,UK-847,11:10,15:55,4h 45m,1 stop,26878,20,23-06-2022 20:00,Evening,3,285,Delhi -> Bangalore
447,Delhi,Bangalore,23-06-2022,26-06-2022,GO FIRST,G8-286,10:40,15:05,4h 25m,1 stop,30957,0,23-06-2022 00:00,Night,3,265,Delhi -> Bangalore
448,Delhi,Bangalore,23-06-2022,27-06-2022,IndiGo,6E-5036,02:25,05:15,2h 50m,non-stop,9419,0,23-06-2022 00:00,Night,4,170,Delhi -> Bangalore
449,Delhi,Bangalore,23-06-2022,27-06-2022,IndiGo,6E-2048,03:50,06:40,2h 50m,non-stop,9419,14,23-06-2022 14:00,Afternoon,4,170,Delhi -> Bangalore
450,Delhi,Bangalore,23-06-2022,27-06-2022,GO FIRST,G8-113,05:50,08:30,2h 40m,non-stop,9419,1,23-06-2022 01:00,Night,4,160,Delhi -> Bangalore
451,Delhi,Bangalore,23-06-2022,27-06-2022,IndiGo,6E-6612,06:00,08:35,2h 35m,non-stop,9419,21,23-06-2022 21:00,Night,4,155,Delhi -> Bangalore
452,Delhi,Bangalore,23-06-2022,27-06-2022,SpiceJet,SG-191,06:05,08:55,2h 50m,non-stop,9419,15,23-06-2022 15:00,Afternoon,4,170,Delhi -> Bangalore
453,Delhi,Bangalore,23-06-2022,27-06-2022,Air Asia,I5-740,08:10,10:40,2h 30m,non-stop,9419,7,23-06-2022 07:00,Morning,4,150,Delhi -> Bangalore
454,Delhi,Bangalore,23-06-2022,27-06-2022,IndiGo,6E-2015,18:30,21:15,2h 45m,non-stop,9419,12,23-06-2022 12:00,Afternoon,4,165,Delhi -> Bangalore
455,Delhi,Bangalore,23-06-2022,27-06-2022,SpiceJet,SG-537,20:00,22:30,2h 30m,non-stop,9419,20,23-06-2022 20:00,Evening,4,150,Delhi -> Bangalore
456,Delhi,Bangalore,23-06-2022,27-06-2022,IndiGo,6E-2532,20:10,23:00,2h 50m,non-stop,9419,0,23-06-2022 00:00,Night,4,170,Delhi -> Bangalore
457,Delhi,Bangalore,23-06-2022,27-06-2022,GO FIRST,G8-119,20:30,23:20,2h 50m,non-stop,9419,15,23-06-2022 15:00,Afternoon,4,170,Delhi -> Bangalore
458,Delhi,Bangalore,23-06-2022,27-06-2022,Vistara,UK-807,20:40,23:20,2h 40m,non-stop,9418,6,23-06-2022 06:00,Morning,4,160,Delhi -> Bangalore
459,Delhi,Bangalore,23-06-2022,27-06-2022,Air India,AI-504,21:15,"00:05
+1D",2h 50m,non-stop,9420,4,23-06-2022 04:00,Night,4,170,Delhi -> Bangalore
460,Delhi,Bangalore,23-06-2022,27-06-2022,IndiGo,6E-2131,21:30,"00:15
+1D",2h 45m,non-stop,9419,21,23-06-2022 21:00,Night,4,165,Delhi -> Bangalore
461,Delhi,Bangalore,23-06-2022,27-06-2022,Air Asia,I5-1732,21:40,"00:30
+1D",2h 50m,non-stop,9419,22,23-06-2022 22:00,Night,4,170,Delhi -> Bangalore
462,Delhi,Bangalore,23-06-2022,27-06-2022,IndiGo,6E-6565,22:55,"01:45
+1D",2h 50m,non-stop,9419,2,23-06-2022 02:00,Night,4,170,Delhi -> Bangalore
463,Delhi,Bangalore,23-06-2022,27-06-2022,Air India,AI-807,16:45,20:15,3h 30m,non-stop,9420,11,23-06-2022 11:00,Morning,4,210,Delhi -> Bangalore
464,Delhi,Bangalore,23-06-2022,27-06-2022,GO FIRST,G8-286,10:40,15:05,4h 25m,1 stop,9419,15,23-06-2022 15:00,Afternoon,4,265,Delhi -> Bangalore
465,Delhi,Bangalore,23-06-2022,27-06-2022,GO FIRST,G8-2501,02:40,07:40,5h 0m,1 stop,9419,18,23-06-2022 18:00,Evening,4,300,Delhi -> Bangalore
466,Delhi,Bangalore,23-06-2022,27-06-2022,Air Asia,I5-552,10:40,16:25,5h 45m,1 stop,9418,4,23-06-2022 04:00,Night,4,345,Delhi -> Bangalore
467,Delhi,Bangalore,23-06-2022,27-06-2022,SpiceJet,SG-361,14:50,21:00,6h 10m,1 stop,9419,21,23-06-2022 21:00,Night,4,370,Delhi -> Bangalore
468,Delhi,Bangalore,23-06-2022,27-06-2022,GO FIRST,G8-171,18:20,"00:20
+1D",6h 0m,1 stop,9419,13,23-06-2022 13:00,Afternoon,4,360,Delhi -> Bangalore
469,Delhi,Bangalore,23-06-2022,27-06-2022,GO FIRST,G8-165,05:20,11:40,6h 20m,1 stop,9419,4,23-06-2022 04:00,Night,4,380,Delhi -> Bangalore
470,Delhi,Bangalore,23-06-2022,27-06-2022,SpiceJet,SG-8903,06:30,12:55,6h 25m,1 stop,9419,14,23-06-2022 14:00,Afternoon,4,385,Delhi -> Bangalore
471,Delhi,Bangalore,23-06-2022,27-06-2022,SpiceJet,SG-8185,09:20,16:50,7h 30m,1 stop,9419,16,23-06-2022 16:00,Afternoon,4,450,Delhi -> Bangalore
472,Delhi,Bangalore,23-06-2022,27-06-2022,Air Asia,I5-783,07:10,15:25,8h 15m,1 stop,9418,13,23-06-2022 13:00,Afternoon,4,495,Delhi -> Bangalore
473,Delhi,Bangalore,23-06-2022,27-06-2022,SpiceJet,SG-724,09:35,19:30,9h 55m,1 stop,9419,19,23-06-2022 19:00,Evening,4,595,Delhi -> Bangalore
474,Delhi,Bangalore,23-06-2022,27-06-2022,SpiceJet,SG-8254,19:30,"08:25
+1D",12h 55m,1 stop,9419,4,23-06-2022 04:00,Night,4,775,Delhi -> Bangalore
475,Delhi,Bangalore,23-06-2022,27-06-2022,Vistara,UK-815,08:05,10:50,2h 45m,non-stop,9735,11,23-06-2022 11:00,Morning,4,165,Delhi -> Bangalore
476,Delhi,Bangalore,23-06-2022,27-06-2022,IndiGo,6E-6191,13:10,18:00,4h 50m,1 stop,9734,15,23-06-2022 15:00,Afternoon,4,290,Delhi -> Bangalore
477,Delhi,Bangalore,23-06-2022,27-06-2022,IndiGo,6E-2014,13:25,17:55,4h 30m,1 stop,9734,15,23-06-2022 15:00,Afternoon,4,270,Delhi -> Bangalore
478,Delhi,Bangalore,23-06-2022,27-06-2022,IndiGo,6E-2187,15:00,19:20,4h 20m,1 stop,9734,20,23-06-2022 20:00,Evening,4,260,Delhi -> Bangalore
479,Delhi,Bangalore,23-06-2022,27-06-2022,IndiGo,6E-2168,17:50,22:40,4h 50m,1 stop,9734,6,23-06-2022 06:00,Morning,4,290,Delhi -> Bangalore
480,Delhi,Bangalore,23-06-2022,27-06-2022,IndiGo,6E-5005,05:15,10:15,5h 0m,1 stop,9734,3,23-06-2022 03:00,Night,4,300,Delhi -> Bangalore
481,Delhi,Bangalore,23-06-2022,27-06-2022,IndiGo,6E-2697,06:50,12:05,5h 15m,1 stop,9734,0,23-06-2022 00:00,Night,4,315,Delhi -> Bangalore
482,Delhi,Bangalore,23-06-2022,27-06-2022,IndiGo,6E-2774,07:55,13:10,5h 15m,1 stop,9734,4,23-06-2022 04:00,Night,4,315,Delhi -> Bangalore
483,Delhi,Bangalore,23-06-2022,27-06-2022,IndiGo,6E-2004,12:45,17:55,5h 10m,1 stop,9734,22,23-06-2022 22:00,Night,4,310,Delhi -> Bangalore
484,Delhi,Bangalore,23-06-2022,27-06-2022,IndiGo,6E-6187,15:15,20:30,5h 15m,1 stop,9734,9,23-06-2022 09:00,Morning,4,315,Delhi -> Bangalore
485,Delhi,Bangalore,23-06-2022,27-06-2022,Air Asia,I5-768,15:30,20:45,5h 15m,1 stop,9735,21,23-06-2022 21:00,Night,4,315,Delhi -> Bangalore
486,Delhi,Bangalore,23-06-2022,27-06-2022,Air Asia,I5-549,14:55,22:55,8h 0m,1 stop,9735,4,23-06-2022 04:00,Night,4,480,Delhi -> Bangalore
487,Delhi,Bangalore,23-06-2022,27-06-2022,Air Asia,I5-549,14:55,"00:05
+1D",9h 10m,1 stop,9735,3,23-06-2022 03:00,Night,4,550,Delhi -> Bangalore
488,Delhi,Bangalore,23-06-2022,27-06-2022,Air India,AI-803,06:10,08:55,2h 45m,non-stop,10155,1,23-06-2022 01:00,Night,4,165,Delhi -> Bangalore
489,Delhi,Bangalore,23-06-2022,27-06-2022,IndiGo,6E-5009,06:55,09:50,2h 55m,non-stop,10312,19,23-06-2022 19:00,Evening,4,175,Delhi -> Bangalore
490,Delhi,Bangalore,23-06-2022,27-06-2022,IndiGo,6E-2487,17:25,19:55,2h 30m,non-stop,10312,9,23-06-2022 09:00,Morning,4,150,Delhi -> Bangalore
491,Delhi,Bangalore,23-06-2022,27-06-2022,Vistara,UK-813,17:35,20:25,2h 50m,non-stop,10155,18,23-06-2022 18:00,Evening,4,170,Delhi -> Bangalore
492,Delhi,Bangalore,23-06-2022,27-06-2022,IndiGo,6E-2188,11:30,14:15,2h 45m,non-stop,10522,0,23-06-2022 00:00,Night,4,165,Delhi -> Bangalore
493,Delhi,Bangalore,23-06-2022,27-06-2022,IndiGo,6E-781,15:20,18:15,2h 55m,non-stop,10522,23,23-06-2022 23:00,Night,4,175,Delhi -> Bangalore
494,Delhi,Bangalore,23-06-2022,27-06-2022,Vistara,UK-809,19:50,22:40,2h 50m,non-stop,10680,4,23-06-2022 04:00,Night,4,170,Delhi -> Bangalore
495,Delhi,Bangalore,23-06-2022,27-06-2022,IndiGo,6.00E-308,08:20,11:00,2h 40m,non-stop,10837,12,23-06-2022 12:00,Afternoon,4,160,Delhi -> Bangalore
496,Delhi,Bangalore,23-06-2022,27-06-2022,IndiGo,6E-6827,09:15,11:55,2h 40m,non-stop,10837,3,23-06-2022 03:00,Night,4,160,Delhi -> Bangalore
497,Delhi,Bangalore,23-06-2022,27-06-2022,IndiGo,6E-5186,13:00,15:35,2h 35m,non-stop,10837,15,23-06-2022 15:00,Afternoon,4,155,Delhi -> Bangalore
498,Delhi,Bangalore,23-06-2022,27-06-2022,Vistara,UK-811,06:15,09:00,2h 45m,non-stop,11205,23,23-06-2022 23:00,Night,4,165,Delhi -> Bangalore
499,Delhi,Bangalore,23-06-2022,27-06-2022,Vistara,UK-819,14:15,16:50,2h 35m,non-stop,11205,15,23-06-2022 15:00,Afternoon,4,155,Delhi -> Bangalore
500,Delhi,Bangalore,23-06-2022,27-06-2022,Vistara,UK-817,16:05,18:50,2h 45m,non-stop,11205,22,23-06-2022 22:00,Night,4,165,Delhi -> Bangalore
501,Delhi,Bangalore,23-06-2022,27-06-2022,Air India,AI-506,09:45,12:30,2h 45m,non-stop,11625,1,23-06-2022 01:00,Night,4,165,Delhi -> Bangalore
502,Delhi,Bangalore,23-06-2022,27-06-2022,Vistara,UK-859,10:25,19:30,9h 5m,1 stop,14140,16,23-06-2022 16:00,Afternoon,4,545,Delhi -> Bangalore
503,Delhi,Bangalore,23-06-2022,27-06-2022,Vistara,UK-871,20:35,"08:45
+1D",12h 10m,1 stop,14140,19,23-06-2022 19:00,Evening,4,730,Delhi -> Bangalore
504,Delhi,Bangalore,23-06-2022,27-06-2022,Vistara,UK-879,17:35,"08:45
+1D",15h 10m,1 stop,14140,23,23-06-2022 23:00,Night,4,910,Delhi -> Bangalore
505,Delhi,Bangalore,23-06-2022,27-06-2022,Vistara,UK-859,10:25,"08:45
+1D",22h 20m,1 stop,14140,11,23-06-2022 11:00,Morning,4,1340,Delhi -> Bangalore
506,Delhi,Bangalore,23-06-2022,27-06-2022,Vistara,UK-801,09:05,11:50,2h 45m,non-stop,14355,17,23-06-2022 17:00,Evening,4,165,Delhi -> Bangalore
507,Delhi,Bangalore,23-06-2022,27-06-2022,Vistara,UK-899,14:45,19:30,4h 45m,1 stop,14457,2,23-06-2022 02:00,Night,4,285,Delhi -> Bangalore
508,Delhi,Bangalore,23-06-2022,27-06-2022,Vistara,UK-899,14:45,"08:45
+1D",18h 0m,1 stop,14457,0,23-06-2022 00:00,Night,4,1080,Delhi -> Bangalore
509,Delhi,Bangalore,23-06-2022,27-06-2022,Air India,AI-502,13:30,16:15,2h 45m,non-stop,14880,0,23-06-2022 00:00,Night,4,165,Delhi -> Bangalore
510,Delhi,Bangalore,23-06-2022,27-06-2022,Vistara,UK-935,18:00,21:50,3h 50m,1 stop,15295,18,23-06-2022 18:00,Evening,4,230,Delhi -> Bangalore
511,Delhi,Bangalore,23-06-2022,27-06-2022,Vistara,UK-993,12:50,17:45,4h 55m,1 stop,15295,10,23-06-2022 10:00,Morning,4,295,Delhi -> Bangalore
512,Delhi,Bangalore,23-06-2022,27-06-2022,Vistara,UK-951,14:20,19:15,4h 55m,1 stop,15295,4,23-06-2022 04:00,Night,4,295,Delhi -> Bangalore
513,Delhi,Bangalore,23-06-2022,27-06-2022,GO FIRST,G8-2513,16:55,21:40,4h 45m,1 stop,15194,11,23-06-2022 11:00,Morning,4,285,Delhi -> Bangalore
514,Delhi,Bangalore,23-06-2022,27-06-2022,Vistara,UK-993,12:50,18:15,5h 25m,1 stop,15295,2,23-06-2022 02:00,Night,4,325,Delhi -> Bangalore
515,Delhi,Bangalore,23-06-2022,27-06-2022,Vistara,UK-955,17:45,23:10,5h 25m,1 stop,15295,0,23-06-2022 00:00,Night,4,325,Delhi -> Bangalore
516,Delhi,Bangalore,23-06-2022,27-06-2022,GO FIRST,G8-338,10:55,17:25,6h 30m,1 stop,15163,0,23-06-2022 00:00,Night,4,390,Delhi -> Bangalore
517,Delhi,Bangalore,23-06-2022,27-06-2022,Vistara,UK-993,12:50,19:15,6h 25m,1 stop,15295,7,23-06-2022 07:00,Morning,4,385,Delhi -> Bangalore
518,Delhi,Bangalore,23-06-2022,27-06-2022,Vistara,UK-941,16:45,23:10,6h 25m,1 stop,15295,9,23-06-2022 09:00,Morning,4,385,Delhi -> Bangalore
519,Delhi,Bangalore,23-06-2022,27-06-2022,Vistara,UK-995,10:20,17:45,7h 25m,1 stop,15295,10,23-06-2022 10:00,Morning,4,445,Delhi -> Bangalore
520,Delhi,Bangalore,23-06-2022,27-06-2022,Vistara,UK-995,10:20,18:15,7h 55m,1 stop,15295,11,23-06-2022 11:00,Morning,4,475,Delhi -> Bangalore
521,Delhi,Bangalore,23-06-2022,27-06-2022,Vistara,UK-933,15:30,23:10,7h 40m,1 stop,15295,12,23-06-2022 12:00,Afternoon,4,460,Delhi -> Bangalore
522,Delhi,Bangalore,23-06-2022,27-06-2022,GO FIRST,G8-2513,16:55,"00:20
+1D",7h 25m,1 stop,15194,11,23-06-2022 11:00,Morning,4,445,Delhi -> Bangalore
523,Delhi,Bangalore,23-06-2022,27-06-2022,Air India,AI-865,10:00,18:20,8h 20m,1 stop,15300,13,23-06-2022 13:00,Afternoon,4,500,Delhi -> Bangalore
524,Delhi,Bangalore,23-06-2022,27-06-2022,Vistara,UK-951,14:20,23:10,8h 50m,1 stop,15295,1,23-06-2022 01:00,Night,4,530,Delhi -> Bangalore
525,Delhi,Bangalore,23-06-2022,27-06-2022,Vistara,UK-995,10:20,19:15,8h 55m,1 stop,15295,18,23-06-2022 18:00,Evening,4,535,Delhi -> Bangalore
526,Delhi,Bangalore,23-06-2022,27-06-2022,Vistara,UK-993,12:50,23:10,10h 20m,1 stop,15295,17,23-06-2022 17:00,Evening,4,620,Delhi -> Bangalore
527,Delhi,Bangalore,23-06-2022,27-06-2022,Air India,AI-605,21:15,"07:50
+1D",10h 35m,1 stop,15300,2,23-06-2022 02:00,Night,4,635,Delhi -> Bangalore
528,Delhi,Bangalore,23-06-2022,27-06-2022,Vistara,UK-981,21:30,"07:50
+1D",10h 20m,1 stop,15295,22,23-06-2022 22:00,Night,4,620,Delhi -> Bangalore
529,Delhi,Bangalore,23-06-2022,27-06-2022,Vistara,UK-953,20:40,"07:50
+1D",11h 10m,1 stop,15295,16,23-06-2022 16:00,Afternoon,4,670,Delhi -> Bangalore
530,Delhi,Bangalore,23-06-2022,27-06-2022,Vistara,UK-981,21:30,"08:50
+1D",11h 20m,1 stop,15295,7,23-06-2022 07:00,Morning,4,680,Delhi -> Bangalore
531,Delhi,Bangalore,23-06-2022,27-06-2022,Vistara,UK-975,05:55,17:45,11h 50m,1 stop,15295,9,23-06-2022 09:00,Morning,4,710,Delhi -> Bangalore
532,Delhi,Bangalore,23-06-2022,27-06-2022,Vistara,UK-975,05:55,18:15,12h 20m,1 stop,15295,1,23-06-2022 01:00,Night,4,740,Delhi -> Bangalore
533,Delhi,Bangalore,23-06-2022,27-06-2022,Vistara,UK-985,19:45,"07:50
+1D",12h 5m,1 stop,15295,18,23-06-2022 18:00,Evening,4,725,Delhi -> Bangalore
534,Delhi,Bangalore,23-06-2022,27-06-2022,Air India,AI-805,20:00,"07:50
+1D",11h 50m,1 stop,15300,8,23-06-2022 08:00,Morning,4,710,Delhi -> Bangalore
535,Delhi,Bangalore,23-06-2022,27-06-2022,Vistara,UK-953,20:40,"08:50
+1D",12h 10m,1 stop,15295,6,23-06-2022 06:00,Morning,4,730,Delhi -> Bangalore
536,Delhi,Bangalore,23-06-2022,27-06-2022,Vistara,UK-975,05:55,19:15,13h 20m,1 stop,15295,3,23-06-2022 03:00,Night,4,800,Delhi -> Bangalore
537,Delhi,Bangalore,23-06-2022,27-06-2022,Vistara,UK-995,10:20,23:10,12h 50m,1 stop,15295,20,23-06-2022 20:00,Evening,4,770,Delhi -> Bangalore
538,Delhi,Bangalore,23-06-2022,27-06-2022,Vistara,UK-977,18:55,"07:50
+1D",12h 55m,1 stop,15295,17,23-06-2022 17:00,Evening,4,775,Delhi -> Bangalore
539,Delhi,Bangalore,23-06-2022,27-06-2022,Air India,AI-624,19:00,"07:50
+1D",12h 50m,1 stop,15300,12,23-06-2022 12:00,Afternoon,4,770,Delhi -> Bangalore
540,Delhi,Bangalore,23-06-2022,27-06-2022,Vistara,UK-985,19:45,"08:50
+1D",13h 5m,1 stop,15295,10,23-06-2022 10:00,Morning,4,785,Delhi -> Bangalore
541,Delhi,Bangalore,23-06-2022,27-06-2022,Vistara,UK-981,21:30,"10:45
+1D",13h 15m,1 stop,15295,23,23-06-2022 23:00,Night,4,795,Delhi -> Bangalore
542,Delhi,Bangalore,23-06-2022,27-06-2022,Vistara,UK-955,17:45,"07:50
+1D",14h 5m,1 stop,15295,3,23-06-2022 03:00,Night,4,845,Delhi -> Bangalore
543,Delhi,Bangalore,23-06-2022,27-06-2022,Vistara,UK-977,18:55,"08:50
+1D",13h 55m,1 stop,15295,20,23-06-2022 20:00,Evening,4,835,Delhi -> Bangalore
544,Delhi,Bangalore,23-06-2022,27-06-2022,Vistara,UK-953,20:40,"10:45
+1D",14h 5m,1 stop,15295,3,23-06-2022 03:00,Night,4,845,Delhi -> Bangalore
545,Delhi,Bangalore,23-06-2022,27-06-2022,Vistara,UK-941,16:45,"07:50
+1D",15h 5m,1 stop,15295,9,23-06-2022 09:00,Morning,4,905,Delhi -> Bangalore
546,Delhi,Bangalore,23-06-2022,27-06-2022,Vistara,UK-955,17:45,"08:50
+1D",15h 5m,1 stop,15295,4,23-06-2022 04:00,Night,4,905,Delhi -> Bangalore
547,Delhi,Bangalore,23-06-2022,27-06-2022,Vistara,UK-985,19:45,"10:45
+1D",15h 0m,1 stop,15295,8,23-06-2022 08:00,Morning,4,900,Delhi -> Bangalore
548,Delhi,Bangalore,23-06-2022,27-06-2022,Vistara,UK-913,05:55,21:50,15h 55m,1 stop,15295,23,23-06-2022 23:00,Night,4,955,Delhi -> Bangalore
549,Delhi,Bangalore,23-06-2022,27-06-2022,Vistara,UK-933,15:30,"07:50
+1D",16h 20m,1 stop,15295,2,23-06-2022 02:00,Night,4,980,Delhi -> Bangalore
550,Delhi,Bangalore,23-06-2022,27-06-2022,Vistara,UK-941,16:45,"08:50
+1D",16h 5m,1 stop,15295,16,23-06-2022 16:00,Afternoon,4,965,Delhi -> Bangalore
551,Delhi,Bangalore,23-06-2022,27-06-2022,Vistara,UK-977,18:55,"10:45
+1D",15h 50m,1 stop,15295,2,23-06-2022 02:00,Night,4,950,Delhi -> Bangalore
552,Delhi,Bangalore,23-06-2022,27-06-2022,Vistara,UK-975,05:55,23:10,17h 15m,1 stop,15295,15,23-06-2022 15:00,Afternoon,4,1035,Delhi -> Bangalore
553,Delhi,Bangalore,23-06-2022,27-06-2022,Vistara,UK-951,14:20,"07:50
+1D",17h 30m,1 stop,15295,3,23-06-2022 03:00,Night,4,1050,Delhi -> Bangalore
554,Delhi,Bangalore,23-06-2022,27-06-2022,Vistara,UK-933,15:30,"08:50
+1D",17h 20m,1 stop,15295,17,23-06-2022 17:00,Evening,4,1040,Delhi -> Bangalore
555,Delhi,Bangalore,23-06-2022,27-06-2022,Vistara,UK-955,17:45,"10:45
+1D",17h 0m,1 stop,15295,16,23-06-2022 16:00,Afternoon,4,1020,Delhi -> Bangalore
556,Delhi,Bangalore,23-06-2022,27-06-2022,Vistara,UK-951,14:20,"08:50
+1D",18h 30m,1 stop,15295,6,23-06-2022 06:00,Morning,4,1110,Delhi -> Bangalore
557,Delhi,Bangalore,23-06-2022,27-06-2022,Vistara,UK-941,16:45,"10:45
+1D",18h 0m,1 stop,15295,23,23-06-2022 23:00,Night,4,1080,Delhi -> Bangalore
558,Delhi,Bangalore,23-06-2022,27-06-2022,Vistara,UK-993,12:50,"07:50
+1D",19h 0m,1 stop,15295,22,23-06-2022 22:00,Night,4,1140,Delhi -> Bangalore
559,Delhi,Bangalore,23-06-2022,27-06-2022,Vistara,UK-933,15:30,"10:45
+1D",19h 15m,1 stop,15295,4,23-06-2022 04:00,Night,4,1155,Delhi -> Bangalore
560,Delhi,Bangalore,23-06-2022,27-06-2022,Vistara,UK-993,12:50,"08:50
+1D",20h 0m,1 stop,15295,11,23-06-2022 11:00,Morning,4,1200,Delhi -> Bangalore
561,Delhi,Bangalore,23-06-2022,27-06-2022,Vistara,UK-951,14:20,"10:45
+1D",20h 25m,1 stop,15295,16,23-06-2022 16:00,Afternoon,4,1225,Delhi -> Bangalore
562,Delhi,Bangalore,23-06-2022,27-06-2022,Vistara,UK-981,21:30,"17:45
+1D",20h 15m,1 stop,15295,22,23-06-2022 22:00,Night,4,1215,Delhi -> Bangalore
563,Delhi,Bangalore,23-06-2022,27-06-2022,Vistara,UK-953,20:40,"17:45
+1D",21h 5m,1 stop,15295,12,23-06-2022 12:00,Afternoon,4,1265,Delhi -> Bangalore
564,Delhi,Bangalore,23-06-2022,27-06-2022,Vistara,UK-981,21:30,"18:15
+1D",20h 45m,1 stop,15295,22,23-06-2022 22:00,Night,4,1245,Delhi -> Bangalore
565,Delhi,Bangalore,23-06-2022,27-06-2022,Vistara,UK-945,11:40,17:45,6h 5m,1 stop,15612,2,23-06-2022 02:00,Night,4,365,Delhi -> Bangalore
566,Delhi,Bangalore,23-06-2022,27-06-2022,Vistara,UK-945,11:40,18:15,6h 35m,1 stop,15612,8,23-06-2022 08:00,Morning,4,395,Delhi -> Bangalore
567,Delhi,Bangalore,23-06-2022,27-06-2022,Vistara,UK-945,11:40,19:15,7h 35m,1 stop,15612,16,23-06-2022 16:00,Afternoon,4,455,Delhi -> Bangalore
568,Delhi,Bangalore,23-06-2022,27-06-2022,Vistara,UK-927,09:30,17:45,8h 15m,1 stop,15612,16,23-06-2022 16:00,Afternoon,4,495,Delhi -> Bangalore
569,Delhi,Bangalore,23-06-2022,27-06-2022,Vistara,UK-927,09:30,18:15,8h 45m,1 stop,15612,19,23-06-2022 19:00,Evening,4,525,Delhi -> Bangalore
570,Delhi,Bangalore,23-06-2022,27-06-2022,Vistara,UK-927,09:30,19:15,9h 45m,1 stop,15612,15,23-06-2022 15:00,Afternoon,4,585,Delhi -> Bangalore
571,Delhi,Bangalore,23-06-2022,27-06-2022,Air India,AI-665,08:00,18:20,10h 20m,1 stop,15510,21,23-06-2022 21:00,Night,4,620,Delhi -> Bangalore
572,Delhi,Bangalore,23-06-2022,27-06-2022,Air India,AI-887,07:00,18:20,11h 20m,1 stop,15510,12,23-06-2022 12:00,Afternoon,4,680,Delhi -> Bangalore
573,Delhi,Bangalore,23-06-2022,27-06-2022,Vistara,UK-945,11:40,23:10,11h 30m,1 stop,15612,18,23-06-2022 18:00,Evening,4,690,Delhi -> Bangalore
574,Delhi,Bangalore,23-06-2022,27-06-2022,Vistara,UK-927,09:30,23:10,13h 40m,1 stop,15612,16,23-06-2022 16:00,Afternoon,4,820,Delhi -> Bangalore
575,Delhi,Bangalore,23-06-2022,27-06-2022,Vistara,UK-945,11:40,"07:50
+1D",20h 10m,1 stop,15612,3,23-06-2022 03:00,Night,4,1210,Delhi -> Bangalore
576,Delhi,Bangalore,23-06-2022,27-06-2022,Vistara,UK-945,11:40,"08:50
+1D",21h 10m,1 stop,15612,11,23-06-2022 11:00,Morning,4,1270,Delhi -> Bangalore
577,Delhi,Bangalore,23-06-2022,27-06-2022,Vistara,UK-855,18:40,"15:55
+1D",21h 15m,1 stop,15612,8,23-06-2022 08:00,Morning,4,1275,Delhi -> Bangalore
578,Delhi,Bangalore,23-06-2022,27-06-2022,Vistara,UK-637,17:10,"18:15
+1D",25h 5m,1 stop,15610,18,23-06-2022 18:00,Evening,4,1505,Delhi -> Bangalore
579,Delhi,Bangalore,23-06-2022,27-06-2022,Vistara,UK-933,15:30,20:55,5h 25m,1 stop,16032,11,23-06-2022 11:00,Morning,4,325,Delhi -> Bangalore
580,Delhi,Bangalore,23-06-2022,27-06-2022,Vistara,UK-951,14:20,20:55,6h 35m,1 stop,16032,8,23-06-2022 08:00,Morning,4,395,Delhi -> Bangalore
581,Delhi,Bangalore,23-06-2022,27-06-2022,Vistara,UK-993,12:50,20:55,8h 5m,1 stop,16032,6,23-06-2022 06:00,Morning,4,485,Delhi -> Bangalore
582,Delhi,Bangalore,23-06-2022,27-06-2022,Vistara,UK-963,08:50,17:45,8h 55m,1 stop,16032,13,23-06-2022 13:00,Afternoon,4,535,Delhi -> Bangalore
583,Delhi,Bangalore,23-06-2022,27-06-2022,Vistara,UK-963,08:50,18:15,9h 25m,1 stop,16032,19,23-06-2022 19:00,Evening,4,565,Delhi -> Bangalore
584,Delhi,Bangalore,23-06-2022,27-06-2022,Vistara,UK-963,08:50,19:15,10h 25m,1 stop,16032,18,23-06-2022 18:00,Evening,4,625,Delhi -> Bangalore
585,Delhi,Bangalore,23-06-2022,27-06-2022,Vistara,UK-995,10:20,20:55,10h 35m,1 stop,16032,14,23-06-2022 14:00,Afternoon,4,635,Delhi -> Bangalore
586,Delhi,Bangalore,23-06-2022,27-06-2022,Vistara,UK-963,08:50,23:10,14h 20m,1 stop,16032,15,23-06-2022 15:00,Afternoon,4,860,Delhi -> Bangalore
587,Delhi,Bangalore,23-06-2022,27-06-2022,Vistara,UK-975,05:55,20:55,15h 0m,1 stop,16032,20,23-06-2022 20:00,Evening,4,900,Delhi -> Bangalore
588,Delhi,Bangalore,23-06-2022,27-06-2022,Vistara,UK-945,11:40,20:55,9h 15m,1 stop,16349,4,23-06-2022 04:00,Night,4,555,Delhi -> Bangalore
589,Delhi,Bangalore,23-06-2022,27-06-2022,Vistara,UK-927,09:30,20:55,11h 25m,1 stop,16349,2,23-06-2022 02:00,Night,4,685,Delhi -> Bangalore
590,Delhi,Bangalore,23-06-2022,27-06-2022,Vistara,UK-975,05:55,10:45,4h 50m,1 stop,16557,11,23-06-2022 11:00,Morning,4,290,Delhi -> Bangalore
591,Delhi,Bangalore,23-06-2022,27-06-2022,Vistara,UK-847,11:10,15:55,4h 45m,1 stop,18449,19,23-06-2022 19:00,Evening,4,285,Delhi -> Bangalore
592,Delhi,Bangalore,23-06-2022,28-06-2022,IndiGo,6E-5036,02:25,05:15,2h 50m,non-stop,9419,20,23-06-2022 20:00,Evening,5,170,Delhi -> Bangalore
593,Delhi,Bangalore,23-06-2022,28-06-2022,IndiGo,6E-2048,03:50,06:40,2h 50m,non-stop,9419,3,23-06-2022 03:00,Night,5,170,Delhi -> Bangalore
594,Delhi,Bangalore,23-06-2022,28-06-2022,GO FIRST,G8-113,05:50,08:30,2h 40m,non-stop,9419,20,23-06-2022 20:00,Evening,5,160,Delhi -> Bangalore
595,Delhi,Bangalore,23-06-2022,28-06-2022,IndiGo,6E-6612,06:00,08:35,2h 35m,non-stop,9419,22,23-06-2022 22:00,Night,5,155,Delhi -> Bangalore
596,Delhi,Bangalore,23-06-2022,28-06-2022,SpiceJet,SG-191,06:05,08:55,2h 50m,non-stop,9419,15,23-06-2022 15:00,Afternoon,5,170,Delhi -> Bangalore
597,Delhi,Bangalore,23-06-2022,28-06-2022,Air India,AI-803,06:10,08:55,2h 45m,non-stop,9420,6,23-06-2022 06:00,Morning,5,165,Delhi -> Bangalore
598,Delhi,Bangalore,23-06-2022,28-06-2022,Vistara,UK-811,06:15,09:00,2h 45m,non-stop,9418,12,23-06-2022 12:00,Afternoon,5,165,Delhi -> Bangalore
599,Delhi,Bangalore,23-06-2022,28-06-2022,IndiGo,6E-5009,06:55,09:50,2h 55m,non-stop,9419,20,23-06-2022 20:00,Evening,5,175,Delhi -> Bangalore
600,Delhi,Bangalore,23-06-2022,28-06-2022,Air Asia,I5-740,08:10,10:40,2h 30m,non-stop,9419,9,23-06-2022 09:00,Morning,5,150,Delhi -> Bangalore
601,Delhi,Bangalore,23-06-2022,28-06-2022,IndiGo,6.00E-308,08:20,11:00,2h 40m,non-stop,9419,6,23-06-2022 06:00,Morning,5,160,Delhi -> Bangalore
602,Delhi,Bangalore,23-06-2022,28-06-2022,IndiGo,6E-6827,09:15,11:55,2h 40m,non-stop,9419,13,23-06-2022 13:00,Afternoon,5,160,Delhi -> Bangalore
603,Delhi,Bangalore,23-06-2022,28-06-2022,Air India,AI-506,09:45,12:30,2h 45m,non-stop,9420,4,23-06-2022 04:00,Night,5,165,Delhi -> Bangalore
604,Delhi,Bangalore,23-06-2022,28-06-2022,IndiGo,6E-2188,11:30,14:15,2h 45m,non-stop,9419,2,23-06-2022 02:00,Night,5,165,Delhi -> Bangalore
605,Delhi,Bangalore,23-06-2022,28-06-2022,IndiGo,6E-5186,13:00,15:35,2h 35m,non-stop,9419,22,23-06-2022 22:00,Night,5,155,Delhi -> Bangalore
606,Delhi,Bangalore,23-06-2022,28-06-2022,IndiGo,6E-781,15:20,18:15,2h 55m,non-stop,9419,10,23-06-2022 10:00,Morning,5,175,Delhi -> Bangalore
607,Delhi,Bangalore,23-06-2022,28-06-2022,IndiGo,6E-2487,17:25,19:55,2h 30m,non-stop,9419,10,23-06-2022 10:00,Morning,5,150,Delhi -> Bangalore
608,Delhi,Bangalore,23-06-2022,28-06-2022,Vistara,UK-813,17:35,20:25,2h 50m,non-stop,9418,17,23-06-2022 17:00,Evening,5,170,Delhi -> Bangalore
609,Delhi,Bangalore,23-06-2022,28-06-2022,Vistara,UK-809,19:50,22:40,2h 50m,non-stop,9418,14,23-06-2022 14:00,Afternoon,5,170,Delhi -> Bangalore
610,Delhi,Bangalore,23-06-2022,28-06-2022,SpiceJet,SG-537,20:00,22:30,2h 30m,non-stop,9419,11,23-06-2022 11:00,Morning,5,150,Delhi -> Bangalore
611,Delhi,Bangalore,23-06-2022,28-06-2022,IndiGo,6E-2532,20:10,23:00,2h 50m,non-stop,9419,8,23-06-2022 08:00,Morning,5,170,Delhi -> Bangalore
612,Delhi,Bangalore,23-06-2022,28-06-2022,GO FIRST,G8-119,20:30,23:20,2h 50m,non-stop,9419,9,23-06-2022 09:00,Morning,5,170,Delhi -> Bangalore
613,Delhi,Bangalore,23-06-2022,28-06-2022,Air India,AI-504,21:15,"00:05
+1D",2h 50m,non-stop,9420,11,23-06-2022 11:00,Morning,5,170,Delhi -> Bangalore
614,Delhi,Bangalore,23-06-2022,28-06-2022,IndiGo,6E-2131,21:30,"00:15
+1D",2h 45m,non-stop,9419,16,23-06-2022 16:00,Afternoon,5,165,Delhi -> Bangalore
615,Delhi,Bangalore,23-06-2022,28-06-2022,Air Asia,I5-1732,21:40,"00:30
+1D",2h 50m,non-stop,9419,5,23-06-2022 05:00,Morning,5,170,Delhi -> Bangalore
616,Delhi,Bangalore,23-06-2022,28-06-2022,IndiGo,6E-6565,22:55,"01:45
+1D",2h 50m,non-stop,9419,6,23-06-2022 06:00,Morning,5,170,Delhi -> Bangalore
617,Delhi,Bangalore,23-06-2022,28-06-2022,GO FIRST,G8-286,10:40,15:05,4h 25m,1 stop,9419,13,23-06-2022 13:00,Afternoon,5,265,Delhi -> Bangalore
618,Delhi,Bangalore,23-06-2022,28-06-2022,GO FIRST,G8-2513,16:55,21:40,4h 45m,1 stop,9419,12,23-06-2022 12:00,Afternoon,5,285,Delhi -> Bangalore
619,Delhi,Bangalore,23-06-2022,28-06-2022,GO FIRST,G8-2501,02:40,07:40,5h 0m,1 stop,9419,7,23-06-2022 07:00,Morning,5,300,Delhi -> Bangalore
620,Delhi,Bangalore,23-06-2022,28-06-2022,IndiGo,6E-2003,11:15,16:30,5h 15m,1 stop,9472,9,23-06-2022 09:00,Morning,5,315,Delhi -> Bangalore
621,Delhi,Bangalore,23-06-2022,28-06-2022,GO FIRST,G8-165,05:20,11:40,6h 20m,1 stop,9419,8,23-06-2022 08:00,Morning,5,380,Delhi -> Bangalore
622,Delhi,Bangalore,23-06-2022,28-06-2022,SpiceJet,SG-8903,06:30,12:55,6h 25m,1 stop,9419,17,23-06-2022 17:00,Evening,5,385,Delhi -> Bangalore
623,Delhi,Bangalore,23-06-2022,28-06-2022,GO FIRST,G8-171,18:20,"00:20
+1D",6h 0m,1 stop,9419,1,23-06-2022 01:00,Night,5,360,Delhi -> Bangalore
624,Delhi,Bangalore,23-06-2022,28-06-2022,SpiceJet,SG-8185,09:20,16:50,7h 30m,1 stop,9419,4,23-06-2022 04:00,Night,5,450,Delhi -> Bangalore
625,Delhi,Bangalore,23-06-2022,28-06-2022,GO FIRST,G8-336,14:00,21:55,7h 55m,1 stop,9419,4,23-06-2022 04:00,Night,5,475,Delhi -> Bangalore
626,Delhi,Bangalore,23-06-2022,28-06-2022,GO FIRST,G8-2513,16:55,"00:20
+1D",7h 25m,1 stop,9419,5,23-06-2022 05:00,Morning,5,445,Delhi -> Bangalore
627,Delhi,Bangalore,23-06-2022,28-06-2022,SpiceJet,SG-724,09:35,19:30,9h 55m,1 stop,9419,18,23-06-2022 18:00,Evening,5,595,Delhi -> Bangalore
628,Delhi,Bangalore,23-06-2022,28-06-2022,SpiceJet,SG-2962,06:15,19:25,13h 10m,1 stop,9419,7,23-06-2022 07:00,Morning,5,790,Delhi -> Bangalore
629,Delhi,Bangalore,23-06-2022,28-06-2022,SpiceJet,SG-8254,19:30,"08:25
+1D",12h 55m,1 stop,9419,15,23-06-2022 15:00,Afternoon,5,775,Delhi -> Bangalore
630,Delhi,Bangalore,23-06-2022,28-06-2022,IndiGo,6E-6191,13:10,18:00,4h 50m,1 stop,9734,12,23-06-2022 12:00,Afternoon,5,290,Delhi -> Bangalore
631,Delhi,Bangalore,23-06-2022,28-06-2022,IndiGo,6E-2014,13:25,17:55,4h 30m,1 stop,9734,0,23-06-2022 00:00,Night,5,270,Delhi -> Bangalore
632,Delhi,Bangalore,23-06-2022,28-06-2022,IndiGo,6E-2187,15:00,19:20,4h 20m,1 stop,9734,21,23-06-2022 21:00,Night,5,260,Delhi -> Bangalore
633,Delhi,Bangalore,23-06-2022,28-06-2022,IndiGo,6E-5005,05:15,10:15,5h 0m,1 stop,9734,19,23-06-2022 19:00,Evening,5,300,Delhi -> Bangalore
634,Delhi,Bangalore,23-06-2022,28-06-2022,IndiGo,6E-2697,06:50,12:05,5h 15m,1 stop,9734,16,23-06-2022 16:00,Afternoon,5,315,Delhi -> Bangalore
635,Delhi,Bangalore,23-06-2022,28-06-2022,IndiGo,6E-2774,07:55,13:10,5h 15m,1 stop,9734,6,23-06-2022 06:00,Morning,5,315,Delhi -> Bangalore
636,Delhi,Bangalore,23-06-2022,28-06-2022,IndiGo,6E-2004,12:45,17:55,5h 10m,1 stop,9734,12,23-06-2022 12:00,Afternoon,5,310,Delhi -> Bangalore
637,Delhi,Bangalore,23-06-2022,28-06-2022,IndiGo,6E-6187,15:15,20:30,5h 15m,1 stop,9734,3,23-06-2022 03:00,Night,5,315,Delhi -> Bangalore
638,Delhi,Bangalore,23-06-2022,28-06-2022,Air Asia,I5-768,15:30,20:45,5h 15m,1 stop,9735,3,23-06-2022 03:00,Night,5,315,Delhi -> Bangalore
639,Delhi,Bangalore,23-06-2022,28-06-2022,Air Asia,I5-552,10:40,16:25,5h 45m,1 stop,9735,5,23-06-2022 05:00,Morning,5,345,Delhi -> Bangalore
640,Delhi,Bangalore,23-06-2022,28-06-2022,Air Asia,I5-783,07:10,15:25,8h 15m,1 stop,9735,18,23-06-2022 18:00,Evening,5,495,Delhi -> Bangalore
641,Delhi,Bangalore,23-06-2022,28-06-2022,Air Asia,I5-549,14:55,22:55,8h 0m,1 stop,9735,11,23-06-2022 11:00,Morning,5,480,Delhi -> Bangalore
642,Delhi,Bangalore,23-06-2022,28-06-2022,Air Asia,I5-549,14:55,"00:05
+1D",9h 10m,1 stop,9735,21,23-06-2022 21:00,Night,5,550,Delhi -> Bangalore
643,Delhi,Bangalore,23-06-2022,28-06-2022,Vistara,UK-815,08:05,10:50,2h 45m,non-stop,10155,6,23-06-2022 06:00,Morning,5,165,Delhi -> Bangalore
644,Delhi,Bangalore,23-06-2022,28-06-2022,IndiGo,6E-2015,18:30,21:15,2h 45m,non-stop,9997,9,23-06-2022 09:00,Morning,5,165,Delhi -> Bangalore
645,Delhi,Bangalore,23-06-2022,28-06-2022,Vistara,UK-807,20:40,23:20,2h 40m,non-stop,10155,18,23-06-2022 18:00,Evening,5,160,Delhi -> Bangalore
646,Delhi,Bangalore,23-06-2022,28-06-2022,Vistara,UK-801,09:05,11:50,2h 45m,non-stop,10680,6,23-06-2022 06:00,Morning,5,165,Delhi -> Bangalore
647,Delhi,Bangalore,23-06-2022,28-06-2022,Vistara,UK-819,14:15,16:50,2h 35m,non-stop,10680,2,23-06-2022 02:00,Night,5,155,Delhi -> Bangalore
648,Delhi,Bangalore,23-06-2022,28-06-2022,Vistara,UK-817,16:05,18:50,2h 45m,non-stop,10680,12,23-06-2022 12:00,Afternoon,5,165,Delhi -> Bangalore
649,Delhi,Bangalore,23-06-2022,28-06-2022,Vistara,UK-899,14:45,19:30,4h 45m,1 stop,14140,12,23-06-2022 12:00,Afternoon,5,285,Delhi -> Bangalore
650,Delhi,Bangalore,23-06-2022,28-06-2022,Vistara,UK-859,10:25,19:30,9h 5m,1 stop,14140,17,23-06-2022 17:00,Evening,5,545,Delhi -> Bangalore
651,Delhi,Bangalore,23-06-2022,28-06-2022,Vistara,UK-871,20:35,"08:45
+1D",12h 10m,1 stop,14140,19,23-06-2022 19:00,Evening,5,730,Delhi -> Bangalore
652,Delhi,Bangalore,23-06-2022,28-06-2022,Vistara,UK-879,17:35,"08:45
+1D",15h 10m,1 stop,14140,7,23-06-2022 07:00,Morning,5,910,Delhi -> Bangalore
653,Delhi,Bangalore,23-06-2022,28-06-2022,Vistara,UK-899,14:45,"08:45
+1D",18h 0m,1 stop,14140,8,23-06-2022 08:00,Morning,5,1080,Delhi -> Bangalore
654,Delhi,Bangalore,23-06-2022,28-06-2022,Vistara,UK-859,10:25,"08:45
+1D",22h 20m,1 stop,14140,6,23-06-2022 06:00,Morning,5,1340,Delhi -> Bangalore
655,Delhi,Bangalore,23-06-2022,28-06-2022,Vistara,UK-855,18:40,"15:55
+1D",21h 15m,1 stop,14980,0,23-06-2022 00:00,Night,5,1275,Delhi -> Bangalore
656,Delhi,Bangalore,23-06-2022,28-06-2022,Vistara,UK-935,18:00,21:50,3h 50m,1 stop,15295,2,23-06-2022 02:00,Night,5,230,Delhi -> Bangalore
657,Delhi,Bangalore,23-06-2022,28-06-2022,Vistara,UK-975,05:55,10:45,4h 50m,1 stop,15295,12,23-06-2022 12:00,Afternoon,5,290,Delhi -> Bangalore
658,Delhi,Bangalore,23-06-2022,28-06-2022,Vistara,UK-993,12:50,17:45,4h 55m,1 stop,15295,16,23-06-2022 16:00,Afternoon,5,295,Delhi -> Bangalore
659,Delhi,Bangalore,23-06-2022,28-06-2022,Vistara,UK-951,14:20,19:15,4h 55m,1 stop,15295,23,23-06-2022 23:00,Night,5,295,Delhi -> Bangalore
660,Delhi,Bangalore,23-06-2022,28-06-2022,Vistara,UK-993,12:50,18:15,5h 25m,1 stop,15295,0,23-06-2022 00:00,Night,5,325,Delhi -> Bangalore
661,Delhi,Bangalore,23-06-2022,28-06-2022,Vistara,UK-955,17:45,23:10,5h 25m,1 stop,15295,5,23-06-2022 05:00,Morning,5,325,Delhi -> Bangalore
662,Delhi,Bangalore,23-06-2022,28-06-2022,Vistara,UK-993,12:50,19:15,6h 25m,1 stop,15295,20,23-06-2022 20:00,Evening,5,385,Delhi -> Bangalore
663,Delhi,Bangalore,23-06-2022,28-06-2022,Vistara,UK-941,16:45,23:10,6h 25m,1 stop,15295,5,23-06-2022 05:00,Morning,5,385,Delhi -> Bangalore
664,Delhi,Bangalore,23-06-2022,28-06-2022,Vistara,UK-995,10:20,17:45,7h 25m,1 stop,15295,11,23-06-2022 11:00,Morning,5,445,Delhi -> Bangalore
665,Delhi,Bangalore,23-06-2022,28-06-2022,Vistara,UK-995,10:20,18:15,7h 55m,1 stop,15295,12,23-06-2022 12:00,Afternoon,5,475,Delhi -> Bangalore
666,Delhi,Bangalore,23-06-2022,28-06-2022,Vistara,UK-933,15:30,23:10,7h 40m,1 stop,15295,12,23-06-2022 12:00,Afternoon,5,460,Delhi -> Bangalore
667,Delhi,Bangalore,23-06-2022,28-06-2022,Vistara,UK-927,09:30,17:45,8h 15m,1 stop,15295,14,23-06-2022 14:00,Afternoon,5,495,Delhi -> Bangalore
668,Delhi,Bangalore,23-06-2022,28-06-2022,Vistara,UK-927,09:30,18:15,8h 45m,1 stop,15295,20,23-06-2022 20:00,Evening,5,525,Delhi -> Bangalore
669,Delhi,Bangalore,23-06-2022,28-06-2022,Air India,AI-865,10:00,18:20,8h 20m,1 stop,15300,15,23-06-2022 15:00,Afternoon,5,500,Delhi -> Bangalore
670,Delhi,Bangalore,23-06-2022,28-06-2022,Vistara,UK-995,10:20,19:15,8h 55m,1 stop,15295,21,23-06-2022 21:00,Night,5,535,Delhi -> Bangalore
671,Delhi,Bangalore,23-06-2022,28-06-2022,Vistara,UK-951,14:20,23:10,8h 50m,1 stop,15295,20,23-06-2022 20:00,Evening,5,530,Delhi -> Bangalore
672,Delhi,Bangalore,23-06-2022,28-06-2022,Vistara,UK-927,09:30,19:15,9h 45m,1 stop,15295,10,23-06-2022 10:00,Morning,5,585,Delhi -> Bangalore
673,Delhi,Bangalore,23-06-2022,28-06-2022,Air India,AI-665,08:00,18:20,10h 20m,1 stop,15300,4,23-06-2022 04:00,Night,5,620,Delhi -> Bangalore
674,Delhi,Bangalore,23-06-2022,28-06-2022,Vistara,UK-993,12:50,23:10,10h 20m,1 stop,15295,3,23-06-2022 03:00,Night,5,620,Delhi -> Bangalore
675,Delhi,Bangalore,23-06-2022,28-06-2022,Air India,AI-605,21:15,"07:50
+1D",10h 35m,1 stop,15300,2,23-06-2022 02:00,Night,5,635,Delhi -> Bangalore
676,Delhi,Bangalore,23-06-2022,28-06-2022,Vistara,UK-981,21:30,"07:50
+1D",10h 20m,1 stop,15295,18,23-06-2022 18:00,Evening,5,620,Delhi -> Bangalore
677,Delhi,Bangalore,23-06-2022,28-06-2022,Air India,AI-887,07:00,18:20,11h 20m,1 stop,15300,19,23-06-2022 19:00,Evening,5,680,Delhi -> Bangalore
678,Delhi,Bangalore,23-06-2022,28-06-2022,Vistara,UK-953,20:40,"07:50
+1D",11h 10m,1 stop,15295,17,23-06-2022 17:00,Evening,5,670,Delhi -> Bangalore
679,Delhi,Bangalore,23-06-2022,28-06-2022,Vistara,UK-981,21:30,"08:50
+1D",11h 20m,1 stop,15295,14,23-06-2022 14:00,Afternoon,5,680,Delhi -> Bangalore
680,Delhi,Bangalore,23-06-2022,28-06-2022,Vistara,UK-975,05:55,17:45,11h 50m,1 stop,15295,8,23-06-2022 08:00,Morning,5,710,Delhi -> Bangalore
681,Delhi,Bangalore,23-06-2022,28-06-2022,Vistara,UK-975,05:55,18:15,12h 20m,1 stop,15295,16,23-06-2022 16:00,Afternoon,5,740,Delhi -> Bangalore
682,Delhi,Bangalore,23-06-2022,28-06-2022,Vistara,UK-985,19:45,"07:50
+1D",12h 5m,1 stop,15295,13,23-06-2022 13:00,Afternoon,5,725,Delhi -> Bangalore
683,Delhi,Bangalore,23-06-2022,28-06-2022,Air India,AI-805,20:00,"07:50
+1D",11h 50m,1 stop,15300,14,23-06-2022 14:00,Afternoon,5,710,Delhi -> Bangalore
684,Delhi,Bangalore,23-06-2022,28-06-2022,Vistara,UK-953,20:40,"08:50
+1D",12h 10m,1 stop,15295,0,23-06-2022 00:00,Night,5,730,Delhi -> Bangalore
685,Delhi,Bangalore,23-06-2022,28-06-2022,Vistara,UK-975,05:55,19:15,13h 20m,1 stop,15295,20,23-06-2022 20:00,Evening,5,800,Delhi -> Bangalore
686,Delhi,Bangalore,23-06-2022,28-06-2022,Vistara,UK-995,10:20,23:10,12h 50m,1 stop,15295,21,23-06-2022 21:00,Night,5,770,Delhi -> Bangalore
687,Delhi,Bangalore,23-06-2022,28-06-2022,Vistara,UK-977,18:55,"07:50
+1D",12h 55m,1 stop,15295,21,23-06-2022 21:00,Night,5,775,Delhi -> Bangalore
688,Delhi,Bangalore,23-06-2022,28-06-2022,Air India,AI-624,19:00,"07:50
+1D",12h 50m,1 stop,15300,2,23-06-2022 02:00,Night,5,770,Delhi -> Bangalore
689,Delhi,Bangalore,23-06-2022,28-06-2022,Vistara,UK-985,19:45,"08:50
+1D",13h 5m,1 stop,15295,15,23-06-2022 15:00,Afternoon,5,785,Delhi -> Bangalore
690,Delhi,Bangalore,23-06-2022,28-06-2022,Vistara,UK-927,09:30,23:10,13h 40m,1 stop,15295,22,23-06-2022 22:00,Night,5,820,Delhi -> Bangalore
691,Delhi,Bangalore,23-06-2022,28-06-2022,Vistara,UK-955,17:45,"07:50
+1D",14h 5m,1 stop,15295,10,23-06-2022 10:00,Morning,5,845,Delhi -> Bangalore
692,Delhi,Bangalore,23-06-2022,28-06-2022,Air India,AI-441,17:55,"07:50
+1D",13h 55m,2 stops,15300,11,23-06-2022 11:00,Morning,5,835,Delhi -> Bangalore
693,Delhi,Bangalore,23-06-2022,28-06-2022,Vistara,UK-977,18:55,"08:50
+1D",13h 55m,1 stop,15295,9,23-06-2022 09:00,Morning,5,835,Delhi -> Bangalore
694,Delhi,Bangalore,23-06-2022,28-06-2022,Air India,AI-605,21:15,"11:10
+1D",13h 55m,1 stop,15300,15,23-06-2022 15:00,Afternoon,5,835,Delhi -> Bangalore
695,Delhi,Bangalore,23-06-2022,28-06-2022,Vistara,UK-941,16:45,"07:50
+1D",15h 5m,1 stop,15295,7,23-06-2022 07:00,Morning,5,905,Delhi -> Bangalore
696,Delhi,Bangalore,23-06-2022,28-06-2022,Vistara,UK-955,17:45,"08:50
+1D",15h 5m,1 stop,15295,5,23-06-2022 05:00,Morning,5,905,Delhi -> Bangalore
697,Delhi,Bangalore,23-06-2022,28-06-2022,Air India,AI-805,20:00,"11:10
+1D",15h 10m,1 stop,15300,11,23-06-2022 11:00,Morning,5,910,Delhi -> Bangalore
698,Delhi,Bangalore,23-06-2022,28-06-2022,Vistara,UK-913,05:55,21:50,15h 55m,1 stop,15295,23,23-06-2022 23:00,Night,5,955,Delhi -> Bangalore
699,Delhi,Bangalore,23-06-2022,28-06-2022,Vistara,UK-933,15:30,"07:50
+1D",16h 20m,1 stop,15295,20,23-06-2022 20:00,Evening,5,980,Delhi -> Bangalore
700,Delhi,Bangalore,23-06-2022,28-06-2022,Vistara,UK-941,16:45,"08:50
+1D",16h 5m,1 stop,15295,7,23-06-2022 07:00,Morning,5,965,Delhi -> Bangalore
701,Delhi,Bangalore,23-06-2022,28-06-2022,Air India,AI-624,19:00,"11:10
+1D",16h 10m,1 stop,15300,3,23-06-2022 03:00,Night,5,970,Delhi -> Bangalore
702,Delhi,Bangalore,23-06-2022,28-06-2022,Vistara,UK-975,05:55,23:10,17h 15m,1 stop,15295,7,23-06-2022 07:00,Morning,5,1035,Delhi -> Bangalore
703,Delhi,Bangalore,23-06-2022,28-06-2022,Vistara,UK-951,14:20,"07:50
+1D",17h 30m,1 stop,15295,17,23-06-2022 17:00,Evening,5,1050,Delhi -> Bangalore
704,Delhi,Bangalore,23-06-2022,28-06-2022,Air India,AI-636,14:30,"07:50
+1D",17h 20m,2 stops,15300,4,23-06-2022 04:00,Night,5,1040,Delhi -> Bangalore
705,Delhi,Bangalore,23-06-2022,28-06-2022,Vistara,UK-933,15:30,"08:50
+1D",17h 20m,1 stop,15295,8,23-06-2022 08:00,Morning,5,1040,Delhi -> Bangalore
706,Delhi,Bangalore,23-06-2022,28-06-2022,Air India,AI-441,17:55,"11:10
+1D",17h 15m,2 stops,15300,3,23-06-2022 03:00,Night,5,1035,Delhi -> Bangalore
707,Delhi,Bangalore,23-06-2022,28-06-2022,Air India,AI-863,14:00,"07:50
+1D",17h 50m,1 stop,15300,21,23-06-2022 21:00,Night,5,1070,Delhi -> Bangalore
708,Delhi,Bangalore,23-06-2022,28-06-2022,Vistara,UK-993,12:50,"07:50
+1D",19h 0m,1 stop,15295,16,23-06-2022 16:00,Afternoon,5,1140,Delhi -> Bangalore
709,Delhi,Bangalore,23-06-2022,28-06-2022,Vistara,UK-951,14:20,"08:50
+1D",18h 30m,1 stop,15295,8,23-06-2022 08:00,Morning,5,1110,Delhi -> Bangalore
710,Delhi,Bangalore,23-06-2022,28-06-2022,Vistara,UK-993,12:50,"08:50
+1D",20h 0m,1 stop,15295,0,23-06-2022 00:00,Night,5,1200,Delhi -> Bangalore
711,Delhi,Bangalore,23-06-2022,28-06-2022,Vistara,UK-981,21:30,"17:45
+1D",20h 15m,1 stop,15295,20,23-06-2022 20:00,Evening,5,1215,Delhi -> Bangalore
712,Delhi,Bangalore,23-06-2022,28-06-2022,Air India,AI-863,14:00,"11:10
+1D",21h 10m,1 stop,15300,19,23-06-2022 19:00,Evening,5,1270,Delhi -> Bangalore
713,Delhi,Bangalore,23-06-2022,28-06-2022,Air India,AI-636,14:30,"11:10
+1D",20h 40m,2 stops,15300,12,23-06-2022 12:00,Afternoon,5,1240,Delhi -> Bangalore
714,Delhi,Bangalore,23-06-2022,28-06-2022,Vistara,UK-953,20:40,"17:45
+1D",21h 5m,1 stop,15295,15,23-06-2022 15:00,Afternoon,5,1265,Delhi -> Bangalore
715,Delhi,Bangalore,23-06-2022,28-06-2022,Air India,AI-605,21:15,"18:20
+1D",21h 5m,1 stop,15300,12,23-06-2022 12:00,Afternoon,5,1265,Delhi -> Bangalore
716,Delhi,Bangalore,23-06-2022,28-06-2022,Vistara,UK-981,21:30,"18:15
+1D",20h 45m,1 stop,15295,13,23-06-2022 13:00,Afternoon,5,1245,Delhi -> Bangalore
717,Delhi,Bangalore,23-06-2022,28-06-2022,Air India,AI-805,20:00,"18:20
+1D",22h 20m,1 stop,15300,2,23-06-2022 02:00,Night,5,1340,Delhi -> Bangalore
718,Delhi,Bangalore,23-06-2022,28-06-2022,Air India,AI-624,19:00,"18:20
+1D",23h 20m,1 stop,15300,5,23-06-2022 05:00,Morning,5,1400,Delhi -> Bangalore
719,Delhi,Bangalore,23-06-2022,28-06-2022,Air India,AI-441,17:55,"18:20
+1D",24h 25m,2 stops,15300,17,23-06-2022 17:00,Evening,5,1465,Delhi -> Bangalore
720,Delhi,Bangalore,23-06-2022,28-06-2022,Air India,AI-636,14:30,"18:20
+1D",27h 50m,2 stops,15300,18,23-06-2022 18:00,Evening,5,1670,Delhi -> Bangalore
721,Delhi,Bangalore,23-06-2022,28-06-2022,Vistara,UK-847,11:10,15:55,4h 45m,1 stop,15612,4,23-06-2022 04:00,Night,5,285,Delhi -> Bangalore
722,Delhi,Bangalore,23-06-2022,28-06-2022,Vistara,UK-945,11:40,17:45,6h 5m,1 stop,15612,14,23-06-2022 14:00,Afternoon,5,365,Delhi -> Bangalore
723,Delhi,Bangalore,23-06-2022,28-06-2022,Vistara,UK-945,11:40,18:15,6h 35m,1 stop,15612,1,23-06-2022 01:00,Night,5,395,Delhi -> Bangalore
724,Delhi,Bangalore,23-06-2022,28-06-2022,Vistara,UK-945,11:40,19:15,7h 35m,1 stop,15612,9,23-06-2022 09:00,Morning,5,455,Delhi -> Bangalore
725,Delhi,Bangalore,23-06-2022,28-06-2022,Vistara,UK-963,08:50,17:45,8h 55m,1 stop,15612,23,23-06-2022 23:00,Night,5,535,Delhi -> Bangalore
726,Delhi,Bangalore,23-06-2022,28-06-2022,Vistara,UK-963,08:50,18:15,9h 25m,1 stop,15612,17,23-06-2022 17:00,Evening,5,565,Delhi -> Bangalore
727,Delhi,Bangalore,23-06-2022,28-06-2022,Vistara,UK-943,07:30,17:45,10h 15m,1 stop,15612,12,23-06-2022 12:00,Afternoon,5,615,Delhi -> Bangalore
728,Delhi,Bangalore,23-06-2022,28-06-2022,Vistara,UK-943,07:30,18:15,10h 45m,1 stop,15612,4,23-06-2022 04:00,Night,5,645,Delhi -> Bangalore
729,Delhi,Bangalore,23-06-2022,28-06-2022,Vistara,UK-963,08:50,19:15,10h 25m,1 stop,15612,22,23-06-2022 22:00,Night,5,625,Delhi -> Bangalore
730,Delhi,Bangalore,23-06-2022,28-06-2022,Vistara,UK-943,07:30,19:15,11h 45m,1 stop,15612,23,23-06-2022 23:00,Night,5,705,Delhi -> Bangalore
731,Delhi,Bangalore,23-06-2022,28-06-2022,Vistara,UK-945,11:40,23:10,11h 30m,1 stop,15612,0,23-06-2022 00:00,Night,5,690,Delhi -> Bangalore
732,Delhi,Bangalore,23-06-2022,28-06-2022,Vistara,UK-963,08:50,23:10,14h 20m,1 stop,15612,21,23-06-2022 21:00,Night,5,860,Delhi -> Bangalore
733,Delhi,Bangalore,23-06-2022,28-06-2022,Vistara,UK-943,07:30,23:10,15h 40m,1 stop,15612,0,23-06-2022 00:00,Night,5,940,Delhi -> Bangalore
734,Delhi,Bangalore,23-06-2022,28-06-2022,Vistara,UK-945,11:40,"07:50
+1D",20h 10m,1 stop,15612,17,23-06-2022 17:00,Evening,5,1210,Delhi -> Bangalore
735,Delhi,Bangalore,23-06-2022,28-06-2022,Vistara,UK-945,11:40,"08:50
+1D",21h 10m,1 stop,15612,14,23-06-2022 14:00,Afternoon,5,1270,Delhi -> Bangalore
736,Delhi,Bangalore,23-06-2022,28-06-2022,Vistara,UK-637,17:10,"18:15
+1D",25h 5m,1 stop,15610,16,23-06-2022 16:00,Afternoon,5,1505,Delhi -> Bangalore
737,Delhi,Bangalore,23-06-2022,28-06-2022,Vistara,UK-933,15:30,20:55,5h 25m,1 stop,16032,10,23-06-2022 10:00,Morning,5,325,Delhi -> Bangalore
738,Delhi,Bangalore,23-06-2022,28-06-2022,Vistara,UK-951,14:20,20:55,6h 35m,1 stop,16032,20,23-06-2022 20:00,Evening,5,395,Delhi -> Bangalore
739,Delhi,Bangalore,23-06-2022,28-06-2022,Vistara,UK-993,12:50,20:55,8h 5m,1 stop,16032,21,23-06-2022 21:00,Night,5,485,Delhi -> Bangalore
740,Delhi,Bangalore,23-06-2022,28-06-2022,Vistara,UK-995,10:20,20:55,10h 35m,1 stop,16032,16,23-06-2022 16:00,Afternoon,5,635,Delhi -> Bangalore
741,Delhi,Bangalore,23-06-2022,28-06-2022,Vistara,UK-927,09:30,20:55,11h 25m,1 stop,16032,12,23-06-2022 12:00,Afternoon,5,685,Delhi -> Bangalore
742,Delhi,Bangalore,23-06-2022,28-06-2022,Vistara,UK-975,05:55,20:55,15h 0m,1 stop,16032,0,23-06-2022 00:00,Night,5,900,Delhi -> Bangalore
743,Delhi,Bangalore,23-06-2022,28-06-2022,Vistara,UK-945,11:40,20:55,9h 15m,1 stop,16349,1,23-06-2022 01:00,Night,5,555,Delhi -> Bangalore
744,Delhi,Bangalore,23-06-2022,28-06-2022,Vistara,UK-963,08:50,20:55,12h 5m,1 stop,16349,8,23-06-2022 08:00,Morning,5,725,Delhi -> Bangalore
745,Delhi,Bangalore,23-06-2022,28-06-2022,Vistara,UK-943,07:30,20:55,13h 25m,1 stop,16349,2,23-06-2022 02:00,Night,5,805,Delhi -> Bangalore
746,Delhi,Bangalore,23-06-2022,28-06-2022,Air India,AI-807,17:15,20:15,3h 0m,non-stop,20340,0,23-06-2022 00:00,Night,5,180,Delhi -> Bangalore
747,Delhi,Bangalore,23-06-2022,29-06-2022,IndiGo,6E-5036,02:25,05:15,2h 50m,non-stop,9419,20,23-06-2022 20:00,Evening,6,170,Delhi -> Bangalore
748,Delhi,Bangalore,23-06-2022,29-06-2022,IndiGo,6E-2048,03:50,06:40,2h 50m,non-stop,9419,15,23-06-2022 15:00,Afternoon,6,170,Delhi -> Bangalore
749,Delhi,Bangalore,23-06-2022,29-06-2022,GO FIRST,G8-113,05:50,08:30,2h 40m,non-stop,9419,22,23-06-2022 22:00,Night,6,160,Delhi -> Bangalore
750,Delhi,Bangalore,23-06-2022,29-06-2022,IndiGo,6E-6612,06:00,08:35,2h 35m,non-stop,9419,5,23-06-2022 05:00,Morning,6,155,Delhi -> Bangalore
751,Delhi,Bangalore,23-06-2022,29-06-2022,SpiceJet,SG-191,06:05,08:55,2h 50m,non-stop,9419,16,23-06-2022 16:00,Afternoon,6,170,Delhi -> Bangalore
752,Delhi,Bangalore,23-06-2022,29-06-2022,Air India,AI-803,06:10,08:55,2h 45m,non-stop,9420,4,23-06-2022 04:00,Night,6,165,Delhi -> Bangalore
753,Delhi,Bangalore,23-06-2022,29-06-2022,Vistara,UK-811,06:15,09:00,2h 45m,non-stop,9418,4,23-06-2022 04:00,Night,6,165,Delhi -> Bangalore
754,Delhi,Bangalore,23-06-2022,29-06-2022,IndiGo,6E-5009,06:55,09:50,2h 55m,non-stop,9419,5,23-06-2022 05:00,Morning,6,175,Delhi -> Bangalore
755,Delhi,Bangalore,23-06-2022,29-06-2022,Vistara,UK-815,08:05,10:50,2h 45m,non-stop,9418,2,23-06-2022 02:00,Night,6,165,Delhi -> Bangalore
756,Delhi,Bangalore,23-06-2022,29-06-2022,Air Asia,I5-740,08:10,10:40,2h 30m,non-stop,9419,20,23-06-2022 20:00,Evening,6,150,Delhi -> Bangalore
757,Delhi,Bangalore,23-06-2022,29-06-2022,IndiGo,6.00E-308,08:20,11:00,2h 40m,non-stop,9419,22,23-06-2022 22:00,Night,6,160,Delhi -> Bangalore
758,Delhi,Bangalore,23-06-2022,29-06-2022,IndiGo,6E-6827,09:15,11:55,2h 40m,non-stop,9419,4,23-06-2022 04:00,Night,6,160,Delhi -> Bangalore
759,Delhi,Bangalore,23-06-2022,29-06-2022,Air India,AI-506,09:45,12:30,2h 45m,non-stop,9420,20,23-06-2022 20:00,Evening,6,165,Delhi -> Bangalore
760,Delhi,Bangalore,23-06-2022,29-06-2022,IndiGo,6E-2188,11:30,14:15,2h 45m,non-stop,9419,4,23-06-2022 04:00,Night,6,165,Delhi -> Bangalore
761,Delhi,Bangalore,23-06-2022,29-06-2022,IndiGo,6E-5186,13:00,15:35,2h 35m,non-stop,9419,9,23-06-2022 09:00,Morning,6,155,Delhi -> Bangalore
762,Delhi,Bangalore,23-06-2022,29-06-2022,Air India,AI-502,13:30,16:15,2h 45m,non-stop,9420,9,23-06-2022 09:00,Morning,6,165,Delhi -> Bangalore
763,Delhi,Bangalore,23-06-2022,29-06-2022,IndiGo,6E-781,15:20,18:15,2h 55m,non-stop,9419,18,23-06-2022 18:00,Evening,6,175,Delhi -> Bangalore
764,Delhi,Bangalore,23-06-2022,29-06-2022,IndiGo,6E-2015,18:30,21:15,2h 45m,non-stop,9419,16,23-06-2022 16:00,Afternoon,6,165,Delhi -> Bangalore
765,Delhi,Bangalore,23-06-2022,29-06-2022,SpiceJet,SG-537,20:00,22:30,2h 30m,non-stop,9419,20,23-06-2022 20:00,Evening,6,150,Delhi -> Bangalore
766,Delhi,Bangalore,23-06-2022,29-06-2022,IndiGo,6E-2532,20:10,23:00,2h 50m,non-stop,9419,13,23-06-2022 13:00,Afternoon,6,170,Delhi -> Bangalore
767,Delhi,Bangalore,23-06-2022,29-06-2022,GO FIRST,G8-119,20:30,23:20,2h 50m,non-stop,9419,8,23-06-2022 08:00,Morning,6,170,Delhi -> Bangalore
768,Delhi,Bangalore,23-06-2022,29-06-2022,Vistara,UK-807,20:40,23:20,2h 40m,non-stop,9418,13,23-06-2022 13:00,Afternoon,6,160,Delhi -> Bangalore
769,Delhi,Bangalore,23-06-2022,29-06-2022,Air India,AI-504,21:15,"00:05
+1D",2h 50m,non-stop,9420,0,23-06-2022 00:00,Night,6,170,Delhi -> Bangalore
770,Delhi,Bangalore,23-06-2022,29-06-2022,IndiGo,6E-2131,21:30,"00:15
+1D",2h 45m,non-stop,9419,18,23-06-2022 18:00,Evening,6,165,Delhi -> Bangalore
771,Delhi,Bangalore,23-06-2022,29-06-2022,Air Asia,I5-1732,21:40,"00:30
+1D",2h 50m,non-stop,9419,12,23-06-2022 12:00,Afternoon,6,170,Delhi -> Bangalore
772,Delhi,Bangalore,23-06-2022,29-06-2022,IndiGo,6E-6565,22:55,"01:45
+1D",2h 50m,non-stop,9419,12,23-06-2022 12:00,Afternoon,6,170,Delhi -> Bangalore
773,Delhi,Bangalore,23-06-2022,29-06-2022,GO FIRST,G8-286,10:40,15:05,4h 25m,1 stop,9419,3,23-06-2022 03:00,Night,6,265,Delhi -> Bangalore
774,Delhi,Bangalore,23-06-2022,29-06-2022,GO FIRST,G8-2513,16:55,21:40,4h 45m,1 stop,9419,0,23-06-2022 00:00,Night,6,285,Delhi -> Bangalore
775,Delhi,Bangalore,23-06-2022,29-06-2022,GO FIRST,G8-2501,02:40,07:40,5h 0m,1 stop,9419,16,23-06-2022 16:00,Afternoon,6,300,Delhi -> Bangalore
776,Delhi,Bangalore,23-06-2022,29-06-2022,IndiGo,6E-2003,11:15,16:30,5h 15m,1 stop,9472,7,23-06-2022 07:00,Morning,6,315,Delhi -> Bangalore
777,Delhi,Bangalore,23-06-2022,29-06-2022,GO FIRST,G8-165,05:20,11:40,6h 20m,1 stop,9419,1,23-06-2022 01:00,Night,6,380,Delhi -> Bangalore
778,Delhi,Bangalore,23-06-2022,29-06-2022,SpiceJet,SG-8903,06:30,12:55,6h 25m,1 stop,9419,7,23-06-2022 07:00,Morning,6,385,Delhi -> Bangalore
779,Delhi,Bangalore,23-06-2022,29-06-2022,SpiceJet,SG-361,14:50,21:00,6h 10m,1 stop,9419,6,23-06-2022 06:00,Morning,6,370,Delhi -> Bangalore
780,Delhi,Bangalore,23-06-2022,29-06-2022,GO FIRST,G8-171,18:20,"00:20
+1D",6h 0m,1 stop,9419,1,23-06-2022 01:00,Night,6,360,Delhi -> Bangalore
781,Delhi,Bangalore,23-06-2022,29-06-2022,SpiceJet,SG-8185,09:25,16:50,7h 25m,1 stop,9419,21,23-06-2022 21:00,Night,6,445,Delhi -> Bangalore
782,Delhi,Bangalore,23-06-2022,29-06-2022,GO FIRST,G8-336,14:00,21:55,7h 55m,1 stop,9419,21,23-06-2022 21:00,Night,6,475,Delhi -> Bangalore
783,Delhi,Bangalore,23-06-2022,29-06-2022,GO FIRST,G8-2513,16:55,"00:20
+1D",7h 25m,1 stop,9419,2,23-06-2022 02:00,Night,6,445,Delhi -> Bangalore
784,Delhi,Bangalore,23-06-2022,29-06-2022,SpiceJet,SG-957,15:10,23:25,8h 15m,1 stop,9419,17,23-06-2022 17:00,Evening,6,495,Delhi -> Bangalore
785,Delhi,Bangalore,23-06-2022,29-06-2022,SpiceJet,SG-724,09:35,19:30,9h 55m,1 stop,9419,11,23-06-2022 11:00,Morning,6,595,Delhi -> Bangalore
786,Delhi,Bangalore,23-06-2022,29-06-2022,Vistara,UK-817,16:05,18:50,2h 45m,non-stop,9735,0,23-06-2022 00:00,Night,6,165,Delhi -> Bangalore
787,Delhi,Bangalore,23-06-2022,29-06-2022,IndiGo,6E-6191,13:10,18:00,4h 50m,1 stop,9734,21,23-06-2022 21:00,Night,6,290,Delhi -> Bangalore
788,Delhi,Bangalore,23-06-2022,29-06-2022,IndiGo,6E-2014,13:25,17:55,4h 30m,1 stop,9734,11,23-06-2022 11:00,Morning,6,270,Delhi -> Bangalore
789,Delhi,Bangalore,23-06-2022,29-06-2022,IndiGo,6E-2187,15:00,19:20,4h 20m,1 stop,9734,4,23-06-2022 04:00,Night,6,260,Delhi -> Bangalore
790,Delhi,Bangalore,23-06-2022,29-06-2022,IndiGo,6E-5005,05:15,10:15,5h 0m,1 stop,9734,16,23-06-2022 16:00,Afternoon,6,300,Delhi -> Bangalore
791,Delhi,Bangalore,23-06-2022,29-06-2022,IndiGo,6E-2697,06:50,12:05,5h 15m,1 stop,9734,15,23-06-2022 15:00,Afternoon,6,315,Delhi -> Bangalore
792,Delhi,Bangalore,23-06-2022,29-06-2022,IndiGo,6E-2774,07:55,13:10,5h 15m,1 stop,9734,14,23-06-2022 14:00,Afternoon,6,315,Delhi -> Bangalore
793,Delhi,Bangalore,23-06-2022,29-06-2022,IndiGo,6E-2004,12:45,17:55,5h 10m,1 stop,9734,22,23-06-2022 22:00,Night,6,310,Delhi -> Bangalore
794,Delhi,Bangalore,23-06-2022,29-06-2022,IndiGo,6E-6187,15:15,20:30,5h 15m,1 stop,9734,14,23-06-2022 14:00,Afternoon,6,315,Delhi -> Bangalore
795,Delhi,Bangalore,23-06-2022,29-06-2022,Air Asia,I5-768,15:30,20:45,5h 15m,1 stop,9735,4,23-06-2022 04:00,Night,6,315,Delhi -> Bangalore
796,Delhi,Bangalore,23-06-2022,29-06-2022,Air Asia,I5-552,10:40,16:30,5h 50m,1 stop,9735,20,23-06-2022 20:00,Evening,6,350,Delhi -> Bangalore
797,Delhi,Bangalore,23-06-2022,29-06-2022,Air Asia,I5-783,07:10,15:25,8h 15m,1 stop,9735,13,23-06-2022 13:00,Afternoon,6,495,Delhi -> Bangalore
798,Delhi,Bangalore,23-06-2022,29-06-2022,Air Asia,I5-549,14:55,22:55,8h 0m,1 stop,9735,1,23-06-2022 01:00,Night,6,480,Delhi -> Bangalore
799,Delhi,Bangalore,23-06-2022,29-06-2022,Air Asia,I5-549,14:55,"00:05
+1D",9h 10m,1 stop,9735,10,23-06-2022 10:00,Morning,6,550,Delhi -> Bangalore
800,Delhi,Bangalore,23-06-2022,29-06-2022,Air India,AI-807,17:15,20:15,3h 0m,non-stop,10155,18,23-06-2022 18:00,Evening,6,180,Delhi -> Bangalore
801,Delhi,Bangalore,23-06-2022,29-06-2022,IndiGo,6E-2487,17:25,19:55,2h 30m,non-stop,9997,6,23-06-2022 06:00,Morning,6,150,Delhi -> Bangalore
802,Delhi,Bangalore,23-06-2022,29-06-2022,Vistara,UK-801,09:05,11:50,2h 45m,non-stop,10680,5,23-06-2022 05:00,Morning,6,165,Delhi -> Bangalore
803,Delhi,Bangalore,23-06-2022,29-06-2022,Vistara,UK-813,17:35,20:25,2h 50m,non-stop,10680,1,23-06-2022 01:00,Night,6,170,Delhi -> Bangalore
804,Delhi,Bangalore,23-06-2022,29-06-2022,Vistara,UK-809,19:50,22:40,2h 50m,non-stop,10680,5,23-06-2022 05:00,Morning,6,170,Delhi -> Bangalore
805,Delhi,Bangalore,23-06-2022,29-06-2022,Vistara,UK-819,14:15,16:50,2h 35m,non-stop,11205,17,23-06-2022 17:00,Evening,6,155,Delhi -> Bangalore
806,Delhi,Bangalore,23-06-2022,29-06-2022,Vistara,UK-899,14:45,19:30,4h 45m,1 stop,14140,1,23-06-2022 01:00,Night,6,285,Delhi -> Bangalore
807,Delhi,Bangalore,23-06-2022,29-06-2022,Vistara,UK-871,20:35,"08:45
+1D",12h 10m,1 stop,14140,17,23-06-2022 17:00,Evening,6,730,Delhi -> Bangalore
808,Delhi,Bangalore,23-06-2022,29-06-2022,Vistara,UK-879,17:35,"08:45
+1D",15h 10m,1 stop,14140,14,23-06-2022 14:00,Afternoon,6,910,Delhi -> Bangalore
809,Delhi,Bangalore,23-06-2022,29-06-2022,Vistara,UK-899,14:45,"08:45
+1D",18h 0m,1 stop,14140,18,23-06-2022 18:00,Evening,6,1080,Delhi -> Bangalore
810,Delhi,Bangalore,23-06-2022,29-06-2022,Vistara,UK-859,10:25,19:30,9h 5m,1 stop,14457,1,23-06-2022 01:00,Night,6,545,Delhi -> Bangalore
811,Delhi,Bangalore,23-06-2022,29-06-2022,Vistara,UK-829,07:20,19:30,12h 10m,1 stop,14877,19,23-06-2022 19:00,Evening,6,730,Delhi -> Bangalore
812,Delhi,Bangalore,23-06-2022,29-06-2022,Vistara,UK-855,18:40,"15:55
+1D",21h 15m,1 stop,14980,5,23-06-2022 05:00,Morning,6,1275,Delhi -> Bangalore
813,Delhi,Bangalore,23-06-2022,29-06-2022,Vistara,UK-935,18:00,21:50,3h 50m,1 stop,15295,0,23-06-2022 00:00,Night,6,230,Delhi -> Bangalore
814,Delhi,Bangalore,23-06-2022,29-06-2022,Vistara,UK-993,12:50,17:45,4h 55m,1 stop,15295,23,23-06-2022 23:00,Night,6,295,Delhi -> Bangalore
815,Delhi,Bangalore,23-06-2022,29-06-2022,Vistara,UK-993,12:50,18:15,5h 25m,1 stop,15295,14,23-06-2022 14:00,Afternoon,6,325,Delhi -> Bangalore
816,Delhi,Bangalore,23-06-2022,29-06-2022,Vistara,UK-951,14:20,19:15,4h 55m,1 stop,15295,22,23-06-2022 22:00,Night,6,295,Delhi -> Bangalore
817,Delhi,Bangalore,23-06-2022,29-06-2022,Vistara,UK-955,17:45,23:10,5h 25m,1 stop,15295,9,23-06-2022 09:00,Morning,6,325,Delhi -> Bangalore
818,Delhi,Bangalore,23-06-2022,29-06-2022,Vistara,UK-945,11:40,17:45,6h 5m,1 stop,15295,18,23-06-2022 18:00,Evening,6,365,Delhi -> Bangalore
819,Delhi,Bangalore,23-06-2022,29-06-2022,Vistara,UK-945,11:40,18:15,6h 35m,1 stop,15295,16,23-06-2022 16:00,Afternoon,6,395,Delhi -> Bangalore
820,Delhi,Bangalore,23-06-2022,29-06-2022,Vistara,UK-993,12:50,19:15,6h 25m,1 stop,15295,4,23-06-2022 04:00,Night,6,385,Delhi -> Bangalore
821,Delhi,Bangalore,23-06-2022,29-06-2022,Vistara,UK-941,16:45,23:10,6h 25m,1 stop,15295,3,23-06-2022 03:00,Night,6,385,Delhi -> Bangalore
822,Delhi,Bangalore,23-06-2022,29-06-2022,Vistara,UK-995,10:20,17:45,7h 25m,1 stop,15295,9,23-06-2022 09:00,Morning,6,445,Delhi -> Bangalore
823,Delhi,Bangalore,23-06-2022,29-06-2022,Vistara,UK-995,10:20,18:15,7h 55m,1 stop,15295,23,23-06-2022 23:00,Night,6,475,Delhi -> Bangalore
824,Delhi,Bangalore,23-06-2022,29-06-2022,Vistara,UK-945,11:40,19:15,7h 35m,1 stop,15295,16,23-06-2022 16:00,Afternoon,6,455,Delhi -> Bangalore
825,Delhi,Bangalore,23-06-2022,29-06-2022,Vistara,UK-933,15:30,23:10,7h 40m,1 stop,15295,9,23-06-2022 09:00,Morning,6,460,Delhi -> Bangalore
826,Delhi,Bangalore,23-06-2022,29-06-2022,Vistara,UK-927,09:30,17:45,8h 15m,1 stop,15295,16,23-06-2022 16:00,Afternoon,6,495,Delhi -> Bangalore
827,Delhi,Bangalore,23-06-2022,29-06-2022,Vistara,UK-927,09:30,18:15,8h 45m,1 stop,15295,19,23-06-2022 19:00,Evening,6,525,Delhi -> Bangalore
828,Delhi,Bangalore,23-06-2022,29-06-2022,Air India,AI-865,10:00,18:20,8h 20m,1 stop,15300,23,23-06-2022 23:00,Night,6,500,Delhi -> Bangalore
829,Delhi,Bangalore,23-06-2022,29-06-2022,Vistara,UK-995,10:20,19:15,8h 55m,1 stop,15295,4,23-06-2022 04:00,Night,6,535,Delhi -> Bangalore
830,Delhi,Bangalore,23-06-2022,29-06-2022,Vistara,UK-951,14:20,23:10,8h 50m,1 stop,15295,1,23-06-2022 01:00,Night,6,530,Delhi -> Bangalore
831,Delhi,Bangalore,23-06-2022,29-06-2022,Vistara,UK-927,09:30,19:15,9h 45m,1 stop,15295,5,23-06-2022 05:00,Morning,6,585,Delhi -> Bangalore
832,Delhi,Bangalore,23-06-2022,29-06-2022,Air India,AI-665,08:00,18:20,10h 20m,1 stop,15300,20,23-06-2022 20:00,Evening,6,620,Delhi -> Bangalore
833,Delhi,Bangalore,23-06-2022,29-06-2022,Vistara,UK-993,12:50,23:10,10h 20m,1 stop,15295,1,23-06-2022 01:00,Night,6,620,Delhi -> Bangalore
834,Delhi,Bangalore,23-06-2022,29-06-2022,Air India,AI-605,21:15,"07:50
+1D",10h 35m,1 stop,15300,12,23-06-2022 12:00,Afternoon,6,635,Delhi -> Bangalore
835,Delhi,Bangalore,23-06-2022,29-06-2022,Vistara,UK-981,21:30,"07:50
+1D",10h 20m,1 stop,15295,10,23-06-2022 10:00,Morning,6,620,Delhi -> Bangalore
836,Delhi,Bangalore,23-06-2022,29-06-2022,Air India,AI-887,07:00,18:20,11h 20m,1 stop,15300,10,23-06-2022 10:00,Morning,6,680,Delhi -> Bangalore
837,Delhi,Bangalore,23-06-2022,29-06-2022,Vistara,UK-945,11:40,23:10,11h 30m,1 stop,15295,15,23-06-2022 15:00,Afternoon,6,690,Delhi -> Bangalore
838,Delhi,Bangalore,23-06-2022,29-06-2022,Vistara,UK-953,20:40,"07:50
+1D",11h 10m,1 stop,15295,10,23-06-2022 10:00,Morning,6,670,Delhi -> Bangalore
839,Delhi,Bangalore,23-06-2022,29-06-2022,Vistara,UK-981,21:30,"08:50
+1D",11h 20m,1 stop,15295,18,23-06-2022 18:00,Evening,6,680,Delhi -> Bangalore
840,Delhi,Bangalore,23-06-2022,29-06-2022,Vistara,UK-975,05:55,17:45,11h 50m,1 stop,15295,14,23-06-2022 14:00,Afternoon,6,710,Delhi -> Bangalore
841,Delhi,Bangalore,23-06-2022,29-06-2022,Vistara,UK-975,05:55,18:15,12h 20m,1 stop,15295,22,23-06-2022 22:00,Night,6,740,Delhi -> Bangalore
842,Delhi,Bangalore,23-06-2022,29-06-2022,Vistara,UK-985,19:45,"07:50
+1D",12h 5m,1 stop,15295,22,23-06-2022 22:00,Night,6,725,Delhi -> Bangalore
843,Delhi,Bangalore,23-06-2022,29-06-2022,Air India,AI-805,20:00,"07:50
+1D",11h 50m,1 stop,15300,15,23-06-2022 15:00,Afternoon,6,710,Delhi -> Bangalore
844,Delhi,Bangalore,23-06-2022,29-06-2022,Vistara,UK-953,20:40,"08:50
+1D",12h 10m,1 stop,15295,10,23-06-2022 10:00,Morning,6,730,Delhi -> Bangalore
845,Delhi,Bangalore,23-06-2022,29-06-2022,Vistara,UK-975,05:55,19:15,13h 20m,1 stop,15295,21,23-06-2022 21:00,Night,6,800,Delhi -> Bangalore
846,Delhi,Bangalore,23-06-2022,29-06-2022,Vistara,UK-995,10:20,23:10,12h 50m,1 stop,15295,15,23-06-2022 15:00,Afternoon,6,770,Delhi -> Bangalore
847,Delhi,Bangalore,23-06-2022,29-06-2022,Vistara,UK-977,18:55,"07:50
+1D",12h 55m,1 stop,15295,7,23-06-2022 07:00,Morning,6,775,Delhi -> Bangalore
848,Delhi,Bangalore,23-06-2022,29-06-2022,Air India,AI-624,19:00,"07:50
+1D",12h 50m,1 stop,15300,3,23-06-2022 03:00,Night,6,770,Delhi -> Bangalore
849,Delhi,Bangalore,23-06-2022,29-06-2022,Vistara,UK-985,19:45,"08:50
+1D",13h 5m,1 stop,15295,7,23-06-2022 07:00,Morning,6,785,Delhi -> Bangalore
850,Delhi,Bangalore,23-06-2022,29-06-2022,Vistara,UK-927,09:30,23:10,13h 40m,1 stop,15295,3,23-06-2022 03:00,Night,6,820,Delhi -> Bangalore
851,Delhi,Bangalore,23-06-2022,29-06-2022,Vistara,UK-955,17:45,"07:50
+1D",14h 5m,1 stop,15295,23,23-06-2022 23:00,Night,6,845,Delhi -> Bangalore
852,Delhi,Bangalore,23-06-2022,29-06-2022,Air India,AI-441,17:55,"07:50
+1D",13h 55m,2 stops,15300,2,23-06-2022 02:00,Night,6,835,Delhi -> Bangalore
853,Delhi,Bangalore,23-06-2022,29-06-2022,Vistara,UK-977,18:55,"08:50
+1D",13h 55m,1 stop,15295,2,23-06-2022 02:00,Night,6,835,Delhi -> Bangalore
854,Delhi,Bangalore,23-06-2022,29-06-2022,Air India,AI-605,21:15,"11:10
+1D",13h 55m,1 stop,15300,17,23-06-2022 17:00,Evening,6,835,Delhi -> Bangalore
855,Delhi,Bangalore,23-06-2022,29-06-2022,Vistara,UK-941,16:45,"07:50
+1D",15h 5m,1 stop,15295,18,23-06-2022 18:00,Evening,6,905,Delhi -> Bangalore
856,Delhi,Bangalore,23-06-2022,29-06-2022,Vistara,UK-955,17:45,"08:50
+1D",15h 5m,1 stop,15295,18,23-06-2022 18:00,Evening,6,905,Delhi -> Bangalore
857,Delhi,Bangalore,23-06-2022,29-06-2022,Air India,AI-805,20:00,"11:10
+1D",15h 10m,1 stop,15300,20,23-06-2022 20:00,Evening,6,910,Delhi -> Bangalore
858,Delhi,Bangalore,23-06-2022,29-06-2022,Vistara,UK-913,05:55,21:50,15h 55m,1 stop,15295,4,23-06-2022 04:00,Night,6,955,Delhi -> Bangalore
859,Delhi,Bangalore,23-06-2022,29-06-2022,Vistara,UK-933,15:30,"07:50
+1D",16h 20m,1 stop,15295,17,23-06-2022 17:00,Evening,6,980,Delhi -> Bangalore
860,Delhi,Bangalore,23-06-2022,29-06-2022,Vistara,UK-941,16:45,"08:50
+1D",16h 5m,1 stop,15295,9,23-06-2022 09:00,Morning,6,965,Delhi -> Bangalore
861,Delhi,Bangalore,23-06-2022,29-06-2022,Air India,AI-624,19:00,"11:10
+1D",16h 10m,1 stop,15300,21,23-06-2022 21:00,Night,6,970,Delhi -> Bangalore
862,Delhi,Bangalore,23-06-2022,29-06-2022,Vistara,UK-975,05:55,23:10,17h 15m,1 stop,15295,20,23-06-2022 20:00,Evening,6,1035,Delhi -> Bangalore
863,Delhi,Bangalore,23-06-2022,29-06-2022,Vistara,UK-951,14:20,"07:50
+1D",17h 30m,1 stop,15295,5,23-06-2022 05:00,Morning,6,1050,Delhi -> Bangalore
864,Delhi,Bangalore,23-06-2022,29-06-2022,Vistara,UK-933,15:30,"08:50
+1D",17h 20m,1 stop,15295,0,23-06-2022 00:00,Night,6,1040,Delhi -> Bangalore
865,Delhi,Bangalore,23-06-2022,29-06-2022,Air India,AI-441,17:55,"11:10
+1D",17h 15m,2 stops,15300,4,23-06-2022 04:00,Night,6,1035,Delhi -> Bangalore
866,Delhi,Bangalore,23-06-2022,29-06-2022,Air India,AI-863,14:00,"07:50
+1D",17h 50m,1 stop,15300,8,23-06-2022 08:00,Morning,6,1070,Delhi -> Bangalore
867,Delhi,Bangalore,23-06-2022,29-06-2022,Vistara,UK-993,12:50,"07:50
+1D",19h 0m,1 stop,15295,11,23-06-2022 11:00,Morning,6,1140,Delhi -> Bangalore
868,Delhi,Bangalore,23-06-2022,29-06-2022,Vistara,UK-951,14:20,"08:50
+1D",18h 30m,1 stop,15295,13,23-06-2022 13:00,Afternoon,6,1110,Delhi -> Bangalore
869,Delhi,Bangalore,23-06-2022,29-06-2022,Vistara,UK-945,11:40,"07:50
+1D",20h 10m,1 stop,15295,1,23-06-2022 01:00,Night,6,1210,Delhi -> Bangalore
870,Delhi,Bangalore,23-06-2022,29-06-2022,Vistara,UK-993,12:50,"08:50
+1D",20h 0m,1 stop,15295,16,23-06-2022 16:00,Afternoon,6,1200,Delhi -> Bangalore
871,Delhi,Bangalore,23-06-2022,29-06-2022,Vistara,UK-981,21:30,"17:45
+1D",20h 15m,1 stop,15295,13,23-06-2022 13:00,Afternoon,6,1215,Delhi -> Bangalore
872,Delhi,Bangalore,23-06-2022,29-06-2022,Vistara,UK-945,11:40,"08:50
+1D",21h 10m,1 stop,15295,12,23-06-2022 12:00,Afternoon,6,1270,Delhi -> Bangalore
873,Delhi,Bangalore,23-06-2022,29-06-2022,Air India,AI-863,14:00,"11:10
+1D",21h 10m,1 stop,15300,8,23-06-2022 08:00,Morning,6,1270,Delhi -> Bangalore
874,Delhi,Bangalore,23-06-2022,29-06-2022,Vistara,UK-953,20:40,"17:45
+1D",21h 5m,1 stop,15295,14,23-06-2022 14:00,Afternoon,6,1265,Delhi -> Bangalore
875,Delhi,Bangalore,23-06-2022,29-06-2022,Air India,AI-605,21:15,"18:20
+1D",21h 5m,1 stop,15300,21,23-06-2022 21:00,Night,6,1265,Delhi -> Bangalore
876,Delhi,Bangalore,23-06-2022,29-06-2022,Vistara,UK-981,21:30,"18:15
+1D",20h 45m,1 stop,15295,14,23-06-2022 14:00,Afternoon,6,1245,Delhi -> Bangalore
877,Delhi,Bangalore,23-06-2022,29-06-2022,Vistara,UK-859,10:25,"08:45
+1D",22h 20m,1 stop,15396,23,23-06-2022 23:00,Night,6,1340,Delhi -> Bangalore
878,Delhi,Bangalore,23-06-2022,29-06-2022,Air India,AI-805,20:00,"18:20
+1D",22h 20m,1 stop,15300,10,23-06-2022 10:00,Morning,6,1340,Delhi -> Bangalore
879,Delhi,Bangalore,23-06-2022,29-06-2022,Air India,AI-624,19:00,"18:20
+1D",23h 20m,1 stop,15300,15,23-06-2022 15:00,Afternoon,6,1400,Delhi -> Bangalore
880,Delhi,Bangalore,23-06-2022,29-06-2022,Air India,AI-441,17:55,"18:20
+1D",24h 25m,2 stops,15300,16,23-06-2022 16:00,Afternoon,6,1465,Delhi -> Bangalore
881,Delhi,Bangalore,23-06-2022,29-06-2022,Vistara,UK-847,11:10,15:55,4h 45m,1 stop,15717,3,23-06-2022 03:00,Night,6,285,Delhi -> Bangalore
882,Delhi,Bangalore,23-06-2022,29-06-2022,Vistara,UK-963,08:50,17:45,8h 55m,1 stop,15612,0,23-06-2022 00:00,Night,6,535,Delhi -> Bangalore
883,Delhi,Bangalore,23-06-2022,29-06-2022,Vistara,UK-963,08:50,18:15,9h 25m,1 stop,15612,7,23-06-2022 07:00,Morning,6,565,Delhi -> Bangalore
884,Delhi,Bangalore,23-06-2022,29-06-2022,Vistara,UK-943,07:30,17:45,10h 15m,1 stop,15612,16,23-06-2022 16:00,Afternoon,6,615,Delhi -> Bangalore
885,Delhi,Bangalore,23-06-2022,29-06-2022,Vistara,UK-943,07:30,18:15,10h 45m,1 stop,15612,2,23-06-2022 02:00,Night,6,645,Delhi -> Bangalore
886,Delhi,Bangalore,23-06-2022,29-06-2022,Vistara,UK-963,08:50,19:15,10h 25m,1 stop,15612,19,23-06-2022 19:00,Evening,6,625,Delhi -> Bangalore
887,Delhi,Bangalore,23-06-2022,29-06-2022,Vistara,UK-943,07:30,19:15,11h 45m,1 stop,15612,14,23-06-2022 14:00,Afternoon,6,705,Delhi -> Bangalore
888,Delhi,Bangalore,23-06-2022,29-06-2022,Vistara,UK-963,08:50,23:10,14h 20m,1 stop,15612,14,23-06-2022 14:00,Afternoon,6,860,Delhi -> Bangalore
889,Delhi,Bangalore,23-06-2022,29-06-2022,Vistara,UK-943,07:30,23:10,15h 40m,1 stop,15612,23,23-06-2022 23:00,Night,6,940,Delhi -> Bangalore
890,Delhi,Bangalore,23-06-2022,29-06-2022,Vistara,UK-637,17:10,"18:15
+1D",25h 5m,1 stop,15610,21,23-06-2022 21:00,Night,6,1505,Delhi -> Bangalore
891,Delhi,Bangalore,23-06-2022,29-06-2022,Air India,AI-636,14:30,"07:50
+1D",17h 20m,2 stops,15825,13,23-06-2022 13:00,Afternoon,6,1040,Delhi -> Bangalore
892,Delhi,Bangalore,23-06-2022,29-06-2022,Air India,AI-636,14:30,"11:10
+1D",20h 40m,2 stops,15825,22,23-06-2022 22:00,Night,6,1240,Delhi -> Bangalore
893,Delhi,Bangalore,23-06-2022,29-06-2022,Air India,AI-636,14:30,"18:20
+1D",27h 50m,2 stops,15825,13,23-06-2022 13:00,Afternoon,6,1670,Delhi -> Bangalore
894,Delhi,Bangalore,23-06-2022,29-06-2022,Vistara,UK-933,15:30,20:55,5h 25m,1 stop,16032,23,23-06-2022 23:00,Night,6,325,Delhi -> Bangalore
895,Delhi,Bangalore,23-06-2022,29-06-2022,Vistara,UK-951,14:20,20:55,6h 35m,1 stop,16032,1,23-06-2022 01:00,Night,6,395,Delhi -> Bangalore
896,Delhi,Bangalore,23-06-2022,29-06-2022,Vistara,UK-993,12:50,20:55,8h 5m,1 stop,16032,12,23-06-2022 12:00,Afternoon,6,485,Delhi -> Bangalore
897,Delhi,Bangalore,23-06-2022,29-06-2022,Vistara,UK-945,11:40,20:55,9h 15m,1 stop,16032,13,23-06-2022 13:00,Afternoon,6,555,Delhi -> Bangalore
898,Delhi,Bangalore,23-06-2022,29-06-2022,Vistara,UK-995,10:20,20:55,10h 35m,1 stop,16032,23,23-06-2022 23:00,Night,6,635,Delhi -> Bangalore
899,Delhi,Bangalore,23-06-2022,29-06-2022,Vistara,UK-927,09:30,20:55,11h 25m,1 stop,16032,18,23-06-2022 18:00,Evening,6,685,Delhi -> Bangalore
900,Delhi,Bangalore,23-06-2022,29-06-2022,Vistara,UK-981,21:30,"10:45
+1D",13h 15m,1 stop,16032,6,23-06-2022 06:00,Morning,6,795,Delhi -> Bangalore
901,Delhi,Bangalore,23-06-2022,29-06-2022,Vistara,UK-953,20:40,"10:45
+1D",14h 5m,1 stop,16032,2,23-06-2022 02:00,Night,6,845,Delhi -> Bangalore
902,Delhi,Bangalore,23-06-2022,29-06-2022,Vistara,UK-975,05:55,20:55,15h 0m,1 stop,16032,14,23-06-2022 14:00,Afternoon,6,900,Delhi -> Bangalore
903,Delhi,Bangalore,23-06-2022,29-06-2022,Vistara,UK-985,19:45,"10:45
+1D",15h 0m,1 stop,16032,22,23-06-2022 22:00,Night,6,900,Delhi -> Bangalore
904,Delhi,Bangalore,23-06-2022,29-06-2022,Vistara,UK-977,18:55,"10:45
+1D",15h 50m,1 stop,16032,13,23-06-2022 13:00,Afternoon,6,950,Delhi -> Bangalore
905,Delhi,Bangalore,23-06-2022,29-06-2022,Vistara,UK-955,17:45,"10:45
+1D",17h 0m,1 stop,16032,10,23-06-2022 10:00,Morning,6,1020,Delhi -> Bangalore
906,Delhi,Bangalore,23-06-2022,29-06-2022,Vistara,UK-941,16:45,"10:45
+1D",18h 0m,1 stop,16032,14,23-06-2022 14:00,Afternoon,6,1080,Delhi -> Bangalore
907,Delhi,Bangalore,23-06-2022,29-06-2022,Vistara,UK-933,15:30,"10:45
+1D",19h 15m,1 stop,16032,12,23-06-2022 12:00,Afternoon,6,1155,Delhi -> Bangalore
908,Delhi,Bangalore,23-06-2022,29-06-2022,Vistara,UK-951,14:20,"10:45
+1D",20h 25m,1 stop,16032,17,23-06-2022 17:00,Evening,6,1225,Delhi -> Bangalore
909,Delhi,Bangalore,23-06-2022,29-06-2022,Vistara,UK-963,08:50,20:55,12h 5m,1 stop,16349,5,23-06-2022 05:00,Morning,6,725,Delhi -> Bangalore
910,Delhi,Bangalore,23-06-2022,29-06-2022,Vistara,UK-943,07:30,20:55,13h 25m,1 stop,16349,2,23-06-2022 02:00,Night,6,805,Delhi -> Bangalore
911,Delhi,Bangalore,23-06-2022,29-06-2022,Vistara,UK-975,05:55,10:45,4h 50m,1 stop,16557,18,23-06-2022 18:00,Evening,6,290,Delhi -> Bangalore
912,Delhi,Bangalore,23-06-2022,29-06-2022,Vistara,UK-741,09:40,16:20,6h 40m,1 stop,19600,14,23-06-2022 14:00,Afternoon,6,400,Delhi -> Bangalore
913,Delhi,Bangalore,23-06-2022,30-06-2022,IndiGo,6E-5036,02:25,05:15,2h 50m,non-stop,9419,22,23-06-2022 22:00,Night,7,170,Delhi -> Bangalore
914,Delhi,Bangalore,23-06-2022,30-06-2022,IndiGo,6E-2048,03:50,06:40,2h 50m,non-stop,9419,4,23-06-2022 04:00,Night,7,170,Delhi -> Bangalore
915,Delhi,Bangalore,23-06-2022,30-06-2022,GO FIRST,G8-113,05:50,08:30,2h 40m,non-stop,9419,9,23-06-2022 09:00,Morning,7,160,Delhi -> Bangalore
916,Delhi,Bangalore,23-06-2022,30-06-2022,IndiGo,6E-6612,06:00,08:35,2h 35m,non-stop,9419,6,23-06-2022 06:00,Morning,7,155,Delhi -> Bangalore
917,Delhi,Bangalore,23-06-2022,30-06-2022,SpiceJet,SG-191,06:05,08:55,2h 50m,non-stop,9419,16,23-06-2022 16:00,Afternoon,7,170,Delhi -> Bangalore
918,Delhi,Bangalore,23-06-2022,30-06-2022,Air India,AI-803,06:10,08:55,2h 45m,non-stop,9420,6,23-06-2022 06:00,Morning,7,165,Delhi -> Bangalore
919,Delhi,Bangalore,23-06-2022,30-06-2022,Vistara,UK-811,06:15,09:00,2h 45m,non-stop,9418,21,23-06-2022 21:00,Night,7,165,Delhi -> Bangalore
920,Delhi,Bangalore,23-06-2022,30-06-2022,IndiGo,6E-5009,06:55,09:50,2h 55m,non-stop,9419,11,23-06-2022 11:00,Morning,7,175,Delhi -> Bangalore
921,Delhi,Bangalore,23-06-2022,30-06-2022,Air Asia,I5-740,08:10,10:40,2h 30m,non-stop,9419,16,23-06-2022 16:00,Afternoon,7,150,Delhi -> Bangalore
922,Delhi,Bangalore,23-06-2022,30-06-2022,IndiGo,6.00E-308,08:20,11:00,2h 40m,non-stop,9419,12,23-06-2022 12:00,Afternoon,7,160,Delhi -> Bangalore
923,Delhi,Bangalore,23-06-2022,30-06-2022,Vistara,UK-801,09:05,11:50,2h 45m,non-stop,9418,19,23-06-2022 19:00,Evening,7,165,Delhi -> Bangalore
924,Delhi,Bangalore,23-06-2022,30-06-2022,IndiGo,6E-6827,09:15,11:55,2h 40m,non-stop,9419,3,23-06-2022 03:00,Night,7,160,Delhi -> Bangalore
925,Delhi,Bangalore,23-06-2022,30-06-2022,IndiGo,6E-2188,11:30,14:15,2h 45m,non-stop,9419,9,23-06-2022 09:00,Morning,7,165,Delhi -> Bangalore
926,Delhi,Bangalore,23-06-2022,30-06-2022,Vistara,UK-805,11:45,14:30,2h 45m,non-stop,9418,2,23-06-2022 02:00,Night,7,165,Delhi -> Bangalore
927,Delhi,Bangalore,23-06-2022,30-06-2022,IndiGo,6E-781,15:20,18:15,2h 55m,non-stop,9419,8,23-06-2022 08:00,Morning,7,175,Delhi -> Bangalore
928,Delhi,Bangalore,23-06-2022,30-06-2022,Vistara,UK-813,17:35,20:25,2h 50m,non-stop,9418,12,23-06-2022 12:00,Afternoon,7,170,Delhi -> Bangalore
929,Delhi,Bangalore,23-06-2022,30-06-2022,IndiGo,6E-2015,18:30,21:15,2h 45m,non-stop,9419,17,23-06-2022 17:00,Evening,7,165,Delhi -> Bangalore
930,Delhi,Bangalore,23-06-2022,30-06-2022,Vistara,UK-809,19:50,22:40,2h 50m,non-stop,9418,14,23-06-2022 14:00,Afternoon,7,170,Delhi -> Bangalore
931,Delhi,Bangalore,23-06-2022,30-06-2022,SpiceJet,SG-537,20:00,22:30,2h 30m,non-stop,9419,3,23-06-2022 03:00,Night,7,150,Delhi -> Bangalore
932,Delhi,Bangalore,23-06-2022,30-06-2022,IndiGo,6E-2532,20:10,23:00,2h 50m,non-stop,9419,14,23-06-2022 14:00,Afternoon,7,170,Delhi -> Bangalore
933,Delhi,Bangalore,23-06-2022,30-06-2022,GO FIRST,G8-119,20:30,23:20,2h 50m,non-stop,9419,21,23-06-2022 21:00,Night,7,170,Delhi -> Bangalore
934,Delhi,Bangalore,23-06-2022,30-06-2022,Vistara,UK-807,20:40,23:20,2h 40m,non-stop,9418,1,23-06-2022 01:00,Night,7,160,Delhi -> Bangalore
935,Delhi,Bangalore,23-06-2022,30-06-2022,Air India,AI-504,21:15,"00:05
+1D",2h 50m,non-stop,9420,14,23-06-2022 14:00,Afternoon,7,170,Delhi -> Bangalore
936,Delhi,Bangalore,23-06-2022,30-06-2022,IndiGo,6E-2131,21:30,"00:15
+1D",2h 45m,non-stop,9419,7,23-06-2022 07:00,Morning,7,165,Delhi -> Bangalore
937,Delhi,Bangalore,23-06-2022,30-06-2022,Air Asia,I5-1732,21:40,"00:30
+1D",2h 50m,non-stop,9419,7,23-06-2022 07:00,Morning,7,170,Delhi -> Bangalore
938,Delhi,Bangalore,23-06-2022,30-06-2022,IndiGo,6E-6565,22:55,"01:45
+1D",2h 50m,non-stop,9419,16,23-06-2022 16:00,Afternoon,7,170,Delhi -> Bangalore
939,Delhi,Bangalore,23-06-2022,30-06-2022,Air India,AI-807,16:45,20:15,3h 30m,non-stop,9420,11,23-06-2022 11:00,Morning,7,210,Delhi -> Bangalore
940,Delhi,Bangalore,23-06-2022,30-06-2022,GO FIRST,G8-286,10:40,15:05,4h 25m,1 stop,9419,18,23-06-2022 18:00,Evening,7,265,Delhi -> Bangalore
941,Delhi,Bangalore,23-06-2022,30-06-2022,GO FIRST,G8-2513,16:55,21:40,4h 45m,1 stop,9419,9,23-06-2022 09:00,Morning,7,285,Delhi -> Bangalore
942,Delhi,Bangalore,23-06-2022,30-06-2022,GO FIRST,G8-2501,02:40,07:40,5h 0m,1 stop,9419,8,23-06-2022 08:00,Morning,7,300,Delhi -> Bangalore
943,Delhi,Bangalore,23-06-2022,30-06-2022,IndiGo,6E-2003,11:15,16:30,5h 15m,1 stop,9472,4,23-06-2022 04:00,Night,7,315,Delhi -> Bangalore
944,Delhi,Bangalore,23-06-2022,30-06-2022,GO FIRST,G8-165,05:20,11:40,6h 20m,1 stop,9419,5,23-06-2022 05:00,Morning,7,380,Delhi -> Bangalore
945,Delhi,Bangalore,23-06-2022,30-06-2022,SpiceJet,SG-8903,06:30,12:55,6h 25m,1 stop,9419,19,23-06-2022 19:00,Evening,7,385,Delhi -> Bangalore
946,Delhi,Bangalore,23-06-2022,30-06-2022,SpiceJet,SG-361,14:50,21:00,6h 10m,1 stop,9419,1,23-06-2022 01:00,Night,7,370,Delhi -> Bangalore
947,Delhi,Bangalore,23-06-2022,30-06-2022,GO FIRST,G8-171,18:20,"00:20
+1D",6h 0m,1 stop,9419,23,23-06-2022 23:00,Night,7,360,Delhi -> Bangalore
948,Delhi,Bangalore,23-06-2022,30-06-2022,SpiceJet,SG-8185,09:20,16:50,7h 30m,1 stop,9419,12,23-06-2022 12:00,Afternoon,7,450,Delhi -> Bangalore
949,Delhi,Bangalore,23-06-2022,30-06-2022,GO FIRST,G8-2513,16:55,"00:20
+1D",7h 25m,1 stop,9419,5,23-06-2022 05:00,Morning,7,445,Delhi -> Bangalore
950,Delhi,Bangalore,23-06-2022,30-06-2022,SpiceJet,SG-957,15:10,23:25,8h 15m,1 stop,9419,4,23-06-2022 04:00,Night,7,495,Delhi -> Bangalore
951,Delhi,Bangalore,23-06-2022,30-06-2022,SpiceJet,SG-724,09:35,19:30,9h 55m,1 stop,9419,0,23-06-2022 00:00,Night,7,595,Delhi -> Bangalore
952,Delhi,Bangalore,23-06-2022,30-06-2022,IndiGo,6E-5186,13:00,15:35,2h 35m,non-stop,9682,20,23-06-2022 20:00,Evening,7,155,Delhi -> Bangalore
953,Delhi,Bangalore,23-06-2022,30-06-2022,IndiGo,6E-6191,13:10,18:00,4h 50m,1 stop,9734,21,23-06-2022 21:00,Night,7,290,Delhi -> Bangalore
954,Delhi,Bangalore,23-06-2022,30-06-2022,IndiGo,6E-2014,13:25,17:55,4h 30m,1 stop,9734,20,23-06-2022 20:00,Evening,7,270,Delhi -> Bangalore
955,Delhi,Bangalore,23-06-2022,30-06-2022,IndiGo,6E-2187,15:00,19:20,4h 20m,1 stop,9734,5,23-06-2022 05:00,Morning,7,260,Delhi -> Bangalore
956,Delhi,Bangalore,23-06-2022,30-06-2022,IndiGo,6E-5005,05:15,10:15,5h 0m,1 stop,9734,5,23-06-2022 05:00,Morning,7,300,Delhi -> Bangalore
957,Delhi,Bangalore,23-06-2022,30-06-2022,IndiGo,6E-2697,06:50,12:05,5h 15m,1 stop,9734,22,23-06-2022 22:00,Night,7,315,Delhi -> Bangalore
958,Delhi,Bangalore,23-06-2022,30-06-2022,IndiGo,6E-2774,07:55,13:10,5h 15m,1 stop,9734,15,23-06-2022 15:00,Afternoon,7,315,Delhi -> Bangalore
959,Delhi,Bangalore,23-06-2022,30-06-2022,IndiGo,6E-2004,12:45,17:55,5h 10m,1 stop,9734,3,23-06-2022 03:00,Night,7,310,Delhi -> Bangalore
960,Delhi,Bangalore,23-06-2022,30-06-2022,IndiGo,6E-6187,15:15,20:30,5h 15m,1 stop,9734,10,23-06-2022 10:00,Morning,7,315,Delhi -> Bangalore
961,Delhi,Bangalore,23-06-2022,30-06-2022,Air Asia,I5-768,15:30,20:45,5h 15m,1 stop,9735,23,23-06-2022 23:00,Night,7,315,Delhi -> Bangalore
962,Delhi,Bangalore,23-06-2022,30-06-2022,Air Asia,I5-552,10:40,16:25,5h 45m,1 stop,9735,22,23-06-2022 22:00,Night,7,345,Delhi -> Bangalore
963,Delhi,Bangalore,23-06-2022,30-06-2022,Air Asia,I5-783,07:10,15:25,8h 15m,1 stop,9735,8,23-06-2022 08:00,Morning,7,495,Delhi -> Bangalore
964,Delhi,Bangalore,23-06-2022,30-06-2022,Air Asia,I5-549,14:55,22:55,8h 0m,1 stop,9735,22,23-06-2022 22:00,Night,7,480,Delhi -> Bangalore
965,Delhi,Bangalore,23-06-2022,30-06-2022,Air Asia,I5-549,14:55,"00:05
+1D",9h 10m,1 stop,9735,2,23-06-2022 02:00,Night,7,550,Delhi -> Bangalore
966,Delhi,Bangalore,23-06-2022,30-06-2022,Vistara,UK-815,08:05,10:50,2h 45m,non-stop,10155,18,23-06-2022 18:00,Evening,7,165,Delhi -> Bangalore
967,Delhi,Bangalore,23-06-2022,30-06-2022,IndiGo,6E-2487,17:25,19:55,2h 30m,non-stop,10312,7,23-06-2022 07:00,Morning,7,150,Delhi -> Bangalore
968,Delhi,Bangalore,23-06-2022,30-06-2022,Vistara,UK-819,14:15,16:50,2h 35m,non-stop,10680,4,23-06-2022 04:00,Night,7,155,Delhi -> Bangalore
969,Delhi,Bangalore,23-06-2022,30-06-2022,Vistara,UK-817,16:05,18:50,2h 45m,non-stop,10680,3,23-06-2022 03:00,Night,7,165,Delhi -> Bangalore
970,Delhi,Bangalore,23-06-2022,30-06-2022,Air India,AI-506,09:45,12:30,2h 45m,non-stop,10890,23,23-06-2022 23:00,Night,7,165,Delhi -> Bangalore
971,Delhi,Bangalore,23-06-2022,30-06-2022,Vistara,UK-899,14:45,19:30,4h 45m,1 stop,14140,5,23-06-2022 05:00,Morning,7,285,Delhi -> Bangalore
972,Delhi,Bangalore,23-06-2022,30-06-2022,Vistara,UK-859,10:25,19:30,9h 5m,1 stop,14140,1,23-06-2022 01:00,Night,7,545,Delhi -> Bangalore
973,Delhi,Bangalore,23-06-2022,30-06-2022,Vistara,UK-871,20:35,"08:45
+1D",12h 10m,1 stop,14140,19,23-06-2022 19:00,Evening,7,730,Delhi -> Bangalore
974,Delhi,Bangalore,23-06-2022,30-06-2022,Vistara,UK-879,17:35,"08:45
+1D",15h 10m,1 stop,14140,10,23-06-2022 10:00,Morning,7,910,Delhi -> Bangalore
975,Delhi,Bangalore,23-06-2022,30-06-2022,Vistara,UK-899,14:45,"08:45
+1D",18h 0m,1 stop,14140,3,23-06-2022 03:00,Night,7,1080,Delhi -> Bangalore
976,Delhi,Bangalore,23-06-2022,30-06-2022,Vistara,UK-859,10:25,"08:45
+1D",22h 20m,1 stop,14140,14,23-06-2022 14:00,Afternoon,7,1340,Delhi -> Bangalore
977,Delhi,Bangalore,23-06-2022,30-06-2022,Air India,AI-502,13:30,16:15,2h 45m,non-stop,14880,5,23-06-2022 05:00,Morning,7,165,Delhi -> Bangalore
978,Delhi,Bangalore,23-06-2022,30-06-2022,Vistara,UK-935,18:00,21:50,3h 50m,1 stop,15295,21,23-06-2022 21:00,Night,7,230,Delhi -> Bangalore
979,Delhi,Bangalore,23-06-2022,30-06-2022,Vistara,UK-993,12:50,17:45,4h 55m,1 stop,15295,16,23-06-2022 16:00,Afternoon,7,295,Delhi -> Bangalore
980,Delhi,Bangalore,23-06-2022,30-06-2022,Vistara,UK-993,12:50,18:15,5h 25m,1 stop,15295,23,23-06-2022 23:00,Night,7,325,Delhi -> Bangalore
981,Delhi,Bangalore,23-06-2022,30-06-2022,Vistara,UK-951,14:20,19:15,4h 55m,1 stop,15295,5,23-06-2022 05:00,Morning,7,295,Delhi -> Bangalore
982,Delhi,Bangalore,23-06-2022,30-06-2022,Vistara,UK-955,17:45,23:10,5h 25m,1 stop,15295,18,23-06-2022 18:00,Evening,7,325,Delhi -> Bangalore
983,Delhi,Bangalore,23-06-2022,30-06-2022,GO FIRST,G8-338,10:55,17:25,6h 30m,1 stop,15163,1,23-06-2022 01:00,Night,7,390,Delhi -> Bangalore
984,Delhi,Bangalore,23-06-2022,30-06-2022,Vistara,UK-945,11:40,17:45,6h 5m,1 stop,15295,14,23-06-2022 14:00,Afternoon,7,365,Delhi -> Bangalore
985,Delhi,Bangalore,23-06-2022,30-06-2022,Vistara,UK-945,11:40,18:15,6h 35m,1 stop,15295,10,23-06-2022 10:00,Morning,7,395,Delhi -> Bangalore
986,Delhi,Bangalore,23-06-2022,30-06-2022,Vistara,UK-993,12:50,19:15,6h 25m,1 stop,15295,7,23-06-2022 07:00,Morning,7,385,Delhi -> Bangalore
987,Delhi,Bangalore,23-06-2022,30-06-2022,Vistara,UK-941,16:45,23:10,6h 25m,1 stop,15295,18,23-06-2022 18:00,Evening,7,385,Delhi -> Bangalore
988,Delhi,Bangalore,23-06-2022,30-06-2022,Vistara,UK-995,10:20,17:45,7h 25m,1 stop,15295,12,23-06-2022 12:00,Afternoon,7,445,Delhi -> Bangalore
989,Delhi,Bangalore,23-06-2022,30-06-2022,Vistara,UK-995,10:20,18:15,7h 55m,1 stop,15295,11,23-06-2022 11:00,Morning,7,475,Delhi -> Bangalore
990,Delhi,Bangalore,23-06-2022,30-06-2022,Vistara,UK-945,11:40,19:15,7h 35m,1 stop,15295,4,23-06-2022 04:00,Night,7,455,Delhi -> Bangalore
991,Delhi,Bangalore,23-06-2022,30-06-2022,Vistara,UK-933,15:30,23:10,7h 40m,1 stop,15295,5,23-06-2022 05:00,Morning,7,460,Delhi -> Bangalore
992,Delhi,Bangalore,23-06-2022,30-06-2022,Vistara,UK-927,09:30,17:45,8h 15m,1 stop,15295,21,23-06-2022 21:00,Night,7,495,Delhi -> Bangalore
993,Delhi,Bangalore,23-06-2022,30-06-2022,Vistara,UK-927,09:30,18:15,8h 45m,1 stop,15295,3,23-06-2022 03:00,Night,7,525,Delhi -> Bangalore
994,Delhi,Bangalore,23-06-2022,30-06-2022,Air India,AI-865,10:00,18:20,8h 20m,1 stop,15300,18,23-06-2022 18:00,Evening,7,500,Delhi -> Bangalore
995,Delhi,Bangalore,23-06-2022,30-06-2022,Vistara,UK-963,08:50,17:45,8h 55m,1 stop,15295,19,23-06-2022 19:00,Evening,7,535,Delhi -> Bangalore
996,Delhi,Bangalore,23-06-2022,30-06-2022,Vistara,UK-995,10:20,19:15,8h 55m,1 stop,15295,0,23-06-2022 00:00,Night,7,535,Delhi -> Bangalore
997,Delhi,Bangalore,23-06-2022,30-06-2022,Vistara,UK-951,14:20,23:10,8h 50m,1 stop,15295,19,23-06-2022 19:00,Evening,7,530,Delhi -> Bangalore
998,Delhi,Bangalore,23-06-2022,30-06-2022,Vistara,UK-963,08:50,18:15,9h 25m,1 stop,15295,16,23-06-2022 16:00,Afternoon,7,565,Delhi -> Bangalore
999,Delhi,Bangalore,23-06-2022,30-06-2022,Vistara,UK-927,09:30,19:15,9h 45m,1 stop,15295,11,23-06-2022 11:00,Morning,7,585,Delhi -> Bangalore
1000,Delhi,Bangalore,23-06-2022,30-06-2022,Vistara,UK-943,07:30,17:45,10h 15m,1 stop,15295,14,23-06-2022 14:00,Afternoon,7,615,Delhi -> Bangalore
1001,Delhi,Bangalore,23-06-2022,30-06-2022,Vistara,UK-943,07:30,18:15,10h 45m,1 stop,15295,0,23-06-2022 00:00,Night,7,645,Delhi -> Bangalore
1002,Delhi,Bangalore,23-06-2022,30-06-2022,Air India,AI-665,08:00,18:20,10h 20m,1 stop,15300,13,23-06-2022 13:00,Afternoon,7,620,Delhi -> Bangalore
1003,Delhi,Bangalore,23-06-2022,30-06-2022,Vistara,UK-963,08:50,19:15,10h 25m,1 stop,15295,5,23-06-2022 05:00,Morning,7,625,Delhi -> Bangalore
1004,Delhi,Bangalore,23-06-2022,30-06-2022,Vistara,UK-993,12:50,23:10,10h 20m,1 stop,15295,4,23-06-2022 04:00,Night,7,620,Delhi -> Bangalore
1005,Delhi,Bangalore,23-06-2022,30-06-2022,Air India,AI-605,21:15,"07:50
+1D",10h 35m,1 stop,15300,10,23-06-2022 10:00,Morning,7,635,Delhi -> Bangalore
1006,Delhi,Bangalore,23-06-2022,30-06-2022,Vistara,UK-981,21:30,"07:50
+1D",10h 20m,1 stop,15295,3,23-06-2022 03:00,Night,7,620,Delhi -> Bangalore
1007,Delhi,Bangalore,23-06-2022,30-06-2022,Air India,AI-887,07:00,18:20,11h 20m,1 stop,15300,12,23-06-2022 12:00,Afternoon,7,680,Delhi -> Bangalore
1008,Delhi,Bangalore,23-06-2022,30-06-2022,Vistara,UK-945,11:40,23:10,11h 30m,1 stop,15295,10,23-06-2022 10:00,Morning,7,690,Delhi -> Bangalore
1009,Delhi,Bangalore,23-06-2022,30-06-2022,Vistara,UK-953,20:40,"07:50
+1D",11h 10m,1 stop,15295,2,23-06-2022 02:00,Night,7,670,Delhi -> Bangalore
1010,Delhi,Bangalore,23-06-2022,30-06-2022,Vistara,UK-981,21:30,"08:50
+1D",11h 20m,1 stop,15295,0,23-06-2022 00:00,Night,7,680,Delhi -> Bangalore
1011,Delhi,Bangalore,23-06-2022,30-06-2022,Vistara,UK-975,05:55,17:45,11h 50m,1 stop,15295,5,23-06-2022 05:00,Morning,7,710,Delhi -> Bangalore
1012,Delhi,Bangalore,23-06-2022,30-06-2022,Vistara,UK-943,07:30,19:15,11h 45m,1 stop,15295,17,23-06-2022 17:00,Evening,7,705,Delhi -> Bangalore
1013,Delhi,Bangalore,23-06-2022,30-06-2022,Vistara,UK-985,19:45,"07:50
+1D",12h 5m,1 stop,15295,23,23-06-2022 23:00,Night,7,725,Delhi -> Bangalore
1014,Delhi,Bangalore,23-06-2022,30-06-2022,Air India,AI-805,20:00,"07:50
+1D",11h 50m,1 stop,15300,9,23-06-2022 09:00,Morning,7,710,Delhi -> Bangalore
1015,Delhi,Bangalore,23-06-2022,30-06-2022,Vistara,UK-953,20:40,"08:50
+1D",12h 10m,1 stop,15295,4,23-06-2022 04:00,Night,7,730,Delhi -> Bangalore
1016,Delhi,Bangalore,23-06-2022,30-06-2022,Vistara,UK-973,20:45,"08:30
+1D",11h 45m,1 stop,15295,22,23-06-2022 22:00,Night,7,705,Delhi -> Bangalore
1017,Delhi,Bangalore,23-06-2022,30-06-2022,Vistara,UK-975,05:55,18:15,12h 20m,1 stop,15295,9,23-06-2022 09:00,Morning,7,740,Delhi -> Bangalore
1018,Delhi,Bangalore,23-06-2022,30-06-2022,Vistara,UK-995,10:20,23:10,12h 50m,1 stop,15295,11,23-06-2022 11:00,Morning,7,770,Delhi -> Bangalore
1019,Delhi,Bangalore,23-06-2022,30-06-2022,Air India,AI-624,19:00,"07:50
+1D",12h 50m,1 stop,15300,1,23-06-2022 01:00,Night,7,770,Delhi -> Bangalore
1020,Delhi,Bangalore,23-06-2022,30-06-2022,Vistara,UK-975,05:55,19:15,13h 20m,1 stop,15295,12,23-06-2022 12:00,Afternoon,7,800,Delhi -> Bangalore
1021,Delhi,Bangalore,23-06-2022,30-06-2022,Vistara,UK-977,18:55,"07:50
+1D",12h 55m,1 stop,15295,7,23-06-2022 07:00,Morning,7,775,Delhi -> Bangalore
1022,Delhi,Bangalore,23-06-2022,30-06-2022,Vistara,UK-985,19:45,"08:50
+1D",13h 5m,1 stop,15295,1,23-06-2022 01:00,Night,7,785,Delhi -> Bangalore
1023,Delhi,Bangalore,23-06-2022,30-06-2022,Vistara,UK-927,09:30,23:10,13h 40m,1 stop,15295,19,23-06-2022 19:00,Evening,7,820,Delhi -> Bangalore
1024,Delhi,Bangalore,23-06-2022,30-06-2022,Vistara,UK-955,17:45,"07:50
+1D",14h 5m,1 stop,15295,0,23-06-2022 00:00,Night,7,845,Delhi -> Bangalore
1025,Delhi,Bangalore,23-06-2022,30-06-2022,Air India,AI-441,17:55,"07:50
+1D",13h 55m,2 stops,15300,4,23-06-2022 04:00,Night,7,835,Delhi -> Bangalore
1026,Delhi,Bangalore,23-06-2022,30-06-2022,Vistara,UK-977,18:55,"08:50
+1D",13h 55m,1 stop,15295,8,23-06-2022 08:00,Morning,7,835,Delhi -> Bangalore
1027,Delhi,Bangalore,23-06-2022,30-06-2022,Air India,AI-605,21:15,"11:10
+1D",13h 55m,1 stop,15300,16,23-06-2022 16:00,Afternoon,7,835,Delhi -> Bangalore
1028,Delhi,Bangalore,23-06-2022,30-06-2022,Vistara,UK-963,08:50,23:10,14h 20m,1 stop,15295,8,23-06-2022 08:00,Morning,7,860,Delhi -> Bangalore
1029,Delhi,Bangalore,23-06-2022,30-06-2022,Vistara,UK-991,17:45,"08:30
+1D",14h 45m,1 stop,15295,10,23-06-2022 10:00,Morning,7,885,Delhi -> Bangalore
1030,Delhi,Bangalore,23-06-2022,30-06-2022,Vistara,UK-941,16:45,"07:50
+1D",15h 5m,1 stop,15295,14,23-06-2022 14:00,Afternoon,7,905,Delhi -> Bangalore
1031,Delhi,Bangalore,23-06-2022,30-06-2022,Vistara,UK-955,17:45,"08:50
+1D",15h 5m,1 stop,15295,23,23-06-2022 23:00,Night,7,905,Delhi -> Bangalore
1032,Delhi,Bangalore,23-06-2022,30-06-2022,Air India,AI-805,20:00,"11:10
+1D",15h 10m,1 stop,15300,5,23-06-2022 05:00,Morning,7,910,Delhi -> Bangalore
1033,Delhi,Bangalore,23-06-2022,30-06-2022,Vistara,UK-913,05:55,21:50,15h 55m,1 stop,15295,22,23-06-2022 22:00,Night,7,955,Delhi -> Bangalore
1034,Delhi,Bangalore,23-06-2022,30-06-2022,Vistara,UK-943,07:30,23:10,15h 40m,1 stop,15295,2,23-06-2022 02:00,Night,7,940,Delhi -> Bangalore
1035,Delhi,Bangalore,23-06-2022,30-06-2022,Vistara,UK-941,16:45,"08:50
+1D",16h 5m,1 stop,15295,16,23-06-2022 16:00,Afternoon,7,965,Delhi -> Bangalore
1036,Delhi,Bangalore,23-06-2022,30-06-2022,Air India,AI-624,19:00,"11:10
+1D",16h 10m,1 stop,15300,4,23-06-2022 04:00,Night,7,970,Delhi -> Bangalore
1037,Delhi,Bangalore,23-06-2022,30-06-2022,Vistara,UK-933,15:30,"07:50
+1D",16h 20m,1 stop,15295,11,23-06-2022 11:00,Morning,7,980,Delhi -> Bangalore
1038,Delhi,Bangalore,23-06-2022,30-06-2022,Vistara,UK-975,05:55,23:10,17h 15m,1 stop,15295,17,23-06-2022 17:00,Evening,7,1035,Delhi -> Bangalore
1039,Delhi,Bangalore,23-06-2022,30-06-2022,Vistara,UK-951,14:20,"07:50
+1D",17h 30m,1 stop,15295,13,23-06-2022 13:00,Afternoon,7,1050,Delhi -> Bangalore
1040,Delhi,Bangalore,23-06-2022,30-06-2022,Air India,AI-636,14:30,"07:50
+1D",17h 20m,2 stops,15300,20,23-06-2022 20:00,Evening,7,1040,Delhi -> Bangalore
1041,Delhi,Bangalore,23-06-2022,30-06-2022,Vistara,UK-933,15:30,"08:50
+1D",17h 20m,1 stop,15295,23,23-06-2022 23:00,Night,7,1040,Delhi -> Bangalore
1042,Delhi,Bangalore,23-06-2022,30-06-2022,Air India,AI-441,17:55,"11:10
+1D",17h 15m,2 stops,15300,10,23-06-2022 10:00,Morning,7,1035,Delhi -> Bangalore
1043,Delhi,Bangalore,23-06-2022,30-06-2022,Air India,AI-863,14:00,"07:50
+1D",17h 50m,1 stop,15300,8,23-06-2022 08:00,Morning,7,1070,Delhi -> Bangalore
1044,Delhi,Bangalore,23-06-2022,30-06-2022,Vistara,UK-997,14:10,"08:30
+1D",18h 20m,1 stop,15295,1,23-06-2022 01:00,Night,7,1100,Delhi -> Bangalore
1045,Delhi,Bangalore,23-06-2022,30-06-2022,Air India,AI-863,14:00,"11:10
+1D",21h 10m,1 stop,15300,11,23-06-2022 11:00,Morning,7,1270,Delhi -> Bangalore
1046,Delhi,Bangalore,23-06-2022,30-06-2022,Air India,AI-636,14:30,"11:10
+1D",20h 40m,2 stops,15300,2,23-06-2022 02:00,Night,7,1240,Delhi -> Bangalore
1047,Delhi,Bangalore,23-06-2022,30-06-2022,Vistara,UK-971,08:40,"08:30
+1D",23h 50m,1 stop,15295,2,23-06-2022 02:00,Night,7,1430,Delhi -> Bangalore
1048,Delhi,Bangalore,23-06-2022,30-06-2022,Vistara,UK-973,20:45,"20:30
+1D",23h 45m,1 stop,15295,0,23-06-2022 00:00,Night,7,1425,Delhi -> Bangalore
1049,Delhi,Bangalore,23-06-2022,30-06-2022,Vistara,UK-991,17:45,"20:30
+1D",26h 45m,1 stop,15295,7,23-06-2022 07:00,Morning,7,1605,Delhi -> Bangalore
1050,Delhi,Bangalore,23-06-2022,30-06-2022,Vistara,UK-829,07:20,19:30,12h 10m,1 stop,15402,21,23-06-2022 21:00,Night,7,730,Delhi -> Bangalore
1051,Delhi,Bangalore,23-06-2022,30-06-2022,Air India,AI-605,21:15,"18:20
+1D",21h 5m,1 stop,15510,7,23-06-2022 07:00,Morning,7,1265,Delhi -> Bangalore
1052,Delhi,Bangalore,23-06-2022,30-06-2022,Air India,AI-805,20:00,"18:20
+1D",22h 20m,1 stop,15510,10,23-06-2022 10:00,Morning,7,1340,Delhi -> Bangalore
1053,Delhi,Bangalore,23-06-2022,30-06-2022,Air India,AI-624,19:00,"18:20
+1D",23h 20m,1 stop,15510,8,23-06-2022 08:00,Morning,7,1400,Delhi -> Bangalore
1054,Delhi,Bangalore,23-06-2022,30-06-2022,Air India,AI-441,17:55,"18:20
+1D",24h 25m,2 stops,15510,4,23-06-2022 04:00,Night,7,1465,Delhi -> Bangalore
1055,Delhi,Bangalore,23-06-2022,30-06-2022,Air India,AI-636,14:30,"18:20
+1D",27h 50m,2 stops,15510,13,23-06-2022 13:00,Afternoon,7,1670,Delhi -> Bangalore
1056,Delhi,Bangalore,23-06-2022,30-06-2022,Vistara,UK-637,17:10,"18:15
+1D",25h 5m,1 stop,15610,2,23-06-2022 02:00,Night,7,1505,Delhi -> Bangalore
1057,Delhi,Bangalore,23-06-2022,30-06-2022,Vistara,UK-975,05:55,10:45,4h 50m,1 stop,16032,20,23-06-2022 20:00,Evening,7,290,Delhi -> Bangalore
1058,Delhi,Bangalore,23-06-2022,30-06-2022,Vistara,UK-933,15:30,20:55,5h 25m,1 stop,16032,4,23-06-2022 04:00,Night,7,325,Delhi -> Bangalore
1059,Delhi,Bangalore,23-06-2022,30-06-2022,Vistara,UK-951,14:20,20:55,6h 35m,1 stop,16032,4,23-06-2022 04:00,Night,7,395,Delhi -> Bangalore
1060,Delhi,Bangalore,23-06-2022,30-06-2022,Vistara,UK-993,12:50,20:55,8h 5m,1 stop,16032,18,23-06-2022 18:00,Evening,7,485,Delhi -> Bangalore
1061,Delhi,Bangalore,23-06-2022,30-06-2022,Vistara,UK-945,11:40,20:55,9h 15m,1 stop,16032,13,23-06-2022 13:00,Afternoon,7,555,Delhi -> Bangalore
1062,Delhi,Bangalore,23-06-2022,30-06-2022,Vistara,UK-995,10:20,20:55,10h 35m,1 stop,16032,3,23-06-2022 03:00,Night,7,635,Delhi -> Bangalore
1063,Delhi,Bangalore,23-06-2022,30-06-2022,Vistara,UK-927,09:30,20:55,11h 25m,1 stop,16032,12,23-06-2022 12:00,Afternoon,7,685,Delhi -> Bangalore
1064,Delhi,Bangalore,23-06-2022,30-06-2022,Vistara,UK-963,08:50,20:55,12h 5m,1 stop,16032,9,23-06-2022 09:00,Morning,7,725,Delhi -> Bangalore
1065,Delhi,Bangalore,23-06-2022,30-06-2022,Vistara,UK-943,07:30,20:55,13h 25m,1 stop,16032,17,23-06-2022 17:00,Evening,7,805,Delhi -> Bangalore
1066,Delhi,Bangalore,23-06-2022,30-06-2022,Vistara,UK-981,21:30,"10:45
+1D",13h 15m,1 stop,16032,7,23-06-2022 07:00,Morning,7,795,Delhi -> Bangalore
1067,Delhi,Bangalore,23-06-2022,30-06-2022,Vistara,UK-953,20:40,"10:45
+1D",14h 5m,1 stop,16032,7,23-06-2022 07:00,Morning,7,845,Delhi -> Bangalore
1068,Delhi,Bangalore,23-06-2022,30-06-2022,Vistara,UK-975,05:55,20:55,15h 0m,1 stop,16032,6,23-06-2022 06:00,Morning,7,900,Delhi -> Bangalore
1069,Delhi,Bangalore,23-06-2022,30-06-2022,Vistara,UK-985,19:45,"10:45
+1D",15h 0m,1 stop,16032,7,23-06-2022 07:00,Morning,7,900,Delhi -> Bangalore
1070,Delhi,Bangalore,23-06-2022,30-06-2022,Vistara,UK-977,18:55,"10:45
+1D",15h 50m,1 stop,16032,13,23-06-2022 13:00,Afternoon,7,950,Delhi -> Bangalore
1071,Delhi,Bangalore,23-06-2022,30-06-2022,Vistara,UK-955,17:45,"10:45
+1D",17h 0m,1 stop,16032,18,23-06-2022 18:00,Evening,7,1020,Delhi -> Bangalore
1072,Delhi,Bangalore,23-06-2022,30-06-2022,Vistara,UK-941,16:45,"10:45
+1D",18h 0m,1 stop,16032,5,23-06-2022 05:00,Morning,7,1080,Delhi -> Bangalore
1073,Delhi,Bangalore,23-06-2022,30-06-2022,Vistara,UK-847,11:10,15:55,4h 45m,1 stop,16242,0,23-06-2022 00:00,Night,7,285,Delhi -> Bangalore
1074,Delhi,Mumbai,23-06-2022,23-06-2022,Air India,AI-805,20:00,22:10,2h 10m,non-stop,7845,22,23-06-2022 22:00,Night,0,130,Delhi -> Mumbai
1075,Delhi,Mumbai,23-06-2022,23-06-2022,GO FIRST,G8-346,19:35,21:45,2h 10m,non-stop,8579,14,23-06-2022 14:00,Afternoon,0,130,Delhi -> Mumbai
1076,Delhi,Mumbai,23-06-2022,23-06-2022,Air India,AI-605,21:15,23:35,2h 20m,non-stop,8580,0,23-06-2022 00:00,Night,0,140,Delhi -> Mumbai
1077,Delhi,Mumbai,23-06-2022,23-06-2022,GO FIRST,G8-328,21:15,23:45,2h 30m,non-stop,8579,16,23-06-2022 16:00,Afternoon,0,150,Delhi -> Mumbai
1078,Delhi,Mumbai,23-06-2022,23-06-2022,SpiceJet,SG-711,21:40,23:55,2h 15m,non-stop,8579,0,23-06-2022 00:00,Night,0,135,Delhi -> Mumbai
1079,Delhi,Mumbai,23-06-2022,23-06-2022,IndiGo,6E-2114,21:45,"00:10
+1D",2h 25m,non-stop,8579,14,23-06-2022 14:00,Afternoon,0,145,Delhi -> Mumbai
1080,Delhi,Mumbai,23-06-2022,23-06-2022,GO FIRST,G8-354,22:45,"01:00
+1D",2h 15m,non-stop,8579,22,23-06-2022 22:00,Night,0,135,Delhi -> Mumbai
1081,Delhi,Mumbai,23-06-2022,23-06-2022,IndiGo,6E-2519,23:35,"01:40
+1D",2h 5m,non-stop,8579,1,23-06-2022 01:00,Night,0,125,Delhi -> Mumbai
1082,Delhi,Mumbai,23-06-2022,23-06-2022,Air Asia,I5-1732,21:40,"07:15
+1D",9h 35m,1 stop,8581,13,23-06-2022 13:00,Afternoon,0,575,Delhi -> Mumbai
1083,Delhi,Mumbai,23-06-2022,23-06-2022,IndiGo,6E-6261,19:45,21:55,2h 10m,non-stop,8789,20,23-06-2022 20:00,Evening,0,130,Delhi -> Mumbai
1084,Delhi,Mumbai,23-06-2022,23-06-2022,Vistara,UK-981,21:30,23:30,2h 0m,non-stop,8895,7,23-06-2022 07:00,Morning,0,120,Delhi -> Mumbai
1085,Delhi,Mumbai,23-06-2022,23-06-2022,SpiceJet,SG-8169,19:45,22:00,2h 15m,non-stop,8999,7,23-06-2022 07:00,Morning,0,135,Delhi -> Mumbai
1086,Delhi,Mumbai,23-06-2022,23-06-2022,Vistara,UK-929,21:20,"06:15
+1D",8h 55m,1 stop,9031,18,23-06-2022 18:00,Evening,0,535,Delhi -> Mumbai
1087,Delhi,Mumbai,23-06-2022,23-06-2022,Vistara,UK-985,19:45,21:55,2h 10m,non-stop,9315,6,23-06-2022 06:00,Morning,0,130,Delhi -> Mumbai
1088,Delhi,Mumbai,23-06-2022,23-06-2022,Vistara,UK-929,21:20,"09:40
+1D",12h 20m,1 stop,9976,18,23-06-2022 18:00,Evening,0,740,Delhi -> Mumbai
1089,Delhi,Mumbai,23-06-2022,23-06-2022,IndiGo,6.00E-153,19:35,"00:20
+1D",4h 45m,1 stop,12622,5,23-06-2022 05:00,Morning,0,285,Delhi -> Mumbai
1090,Delhi,Mumbai,23-06-2022,23-06-2022,Air India,AI-883,22:00,"08:05
+1D",10h 5m,1 stop,13200,5,23-06-2022 05:00,Morning,0,605,Delhi -> Mumbai
1091,Delhi,Mumbai,23-06-2022,23-06-2022,Air India,AI-883,22:00,"16:35
+1D",18h 35m,1 stop,13200,2,23-06-2022 02:00,Night,0,1115,Delhi -> Mumbai
1092,Delhi,Mumbai,23-06-2022,23-06-2022,Vistara,UK-929,21:20,"23:05
+1D",25h 45m,1 stop,13546,6,23-06-2022 06:00,Morning,0,1545,Delhi -> Mumbai
1093,Delhi,Mumbai,23-06-2022,23-06-2022,Air India,AI-479,21:15,"11:35
+1D",14h 20m,1 stop,14315,18,23-06-2022 18:00,Evening,0,860,Delhi -> Mumbai
1094,Delhi,Mumbai,23-06-2022,23-06-2022,Vistara,UK-953,20:40,22:50,2h 10m,non-stop,15720,7,23-06-2022 07:00,Morning,0,130,Delhi -> Mumbai
1095,Delhi,Mumbai,23-06-2022,23-06-2022,Air India,AI-504,21:15,"08:35
+1D",11h 20m,1 stop,15615,9,23-06-2022 09:00,Morning,0,680,Delhi -> Mumbai
1096,Delhi,Mumbai,23-06-2022,23-06-2022,Vistara,UK-871,20:35,"08:40
+1D",12h 5m,1 stop,15927,19,23-06-2022 19:00,Evening,0,725,Delhi -> Mumbai
1097,Delhi,Mumbai,23-06-2022,23-06-2022,Air India,AI-504,21:15,"10:35
+1D",13h 20m,1 stop,16140,14,23-06-2022 14:00,Afternoon,0,800,Delhi -> Mumbai
1098,Delhi,Mumbai,23-06-2022,23-06-2022,Air India,AI-540,20:40,"08:05
+1D",11h 25m,1 stop,16875,14,23-06-2022 14:00,Afternoon,0,685,Delhi -> Mumbai
1099,Delhi,Mumbai,23-06-2022,23-06-2022,Vistara,UK-807,20:40,"08:15
+1D",11h 35m,1 stop,16872,0,23-06-2022 00:00,Night,0,695,Delhi -> Mumbai
1100,Delhi,Mumbai,23-06-2022,23-06-2022,Vistara,UK-809,19:50,"08:15
+1D",12h 25m,1 stop,16872,19,23-06-2022 19:00,Evening,0,745,Delhi -> Mumbai
1101,Delhi,Mumbai,23-06-2022,23-06-2022,Vistara,UK-807,20:40,"12:00
+1D",15h 20m,1 stop,16872,6,23-06-2022 06:00,Morning,0,920,Delhi -> Mumbai
1102,Delhi,Mumbai,23-06-2022,23-06-2022,Vistara,UK-809,19:50,"12:00
+1D",16h 10m,1 stop,16872,3,23-06-2022 03:00,Night,0,970,Delhi -> Mumbai
1103,Delhi,Mumbai,23-06-2022,23-06-2022,Vistara,UK-871,20:35,"10:00
+1D",13h 25m,1 stop,17084,5,23-06-2022 05:00,Morning,0,805,Delhi -> Mumbai
1104,Delhi,Mumbai,23-06-2022,23-06-2022,Vistara,UK-807,20:40,"11:25
+1D",14h 45m,1 stop,17189,0,23-06-2022 00:00,Night,0,885,Delhi -> Mumbai
1105,Delhi,Mumbai,23-06-2022,23-06-2022,Vistara,UK-809,19:50,"11:25
+1D",15h 35m,1 stop,17189,4,23-06-2022 04:00,Night,0,935,Delhi -> Mumbai
1106,Delhi,Mumbai,23-06-2022,23-06-2022,Air India,AI-762,20:15,"12:20
+1D",16h 5m,1 stop,17610,22,23-06-2022 22:00,Night,0,965,Delhi -> Mumbai
1107,Delhi,Mumbai,23-06-2022,23-06-2022,Air India,AI-762,20:15,"20:15
+1D",24h 0m,1 stop,17820,0,23-06-2022 00:00,Night,0,1440,Delhi -> Mumbai
1108,Delhi,Mumbai,23-06-2022,23-06-2022,Vistara,UK-807,20:40,"10:15
+1D",13h 35m,1 stop,18134,3,23-06-2022 03:00,Night,0,815,Delhi -> Mumbai
1109,Delhi,Mumbai,23-06-2022,23-06-2022,Vistara,UK-809,19:50,"10:15
+1D",14h 25m,1 stop,18134,21,23-06-2022 21:00,Night,0,865,Delhi -> Mumbai
1110,Delhi,Mumbai,23-06-2022,23-06-2022,Vistara,UK-835,19:55,"09:00
+1D",13h 5m,1 stop,18342,1,23-06-2022 01:00,Night,0,785,Delhi -> Mumbai
1111,Delhi,Mumbai,23-06-2022,23-06-2022,Vistara,UK-835,19:55,"11:40
+1D",15h 45m,1 stop,18342,9,23-06-2022 09:00,Morning,0,945,Delhi -> Mumbai
1112,Delhi,Mumbai,23-06-2022,23-06-2022,Vistara,UK-727,20:30,"13:00
+1D",16h 30m,1 stop,18342,4,23-06-2022 04:00,Night,0,990,Delhi -> Mumbai
1113,Delhi,Mumbai,23-06-2022,23-06-2022,Vistara,UK-835,19:55,"14:30
+1D",18h 35m,1 stop,18342,9,23-06-2022 09:00,Morning,0,1115,Delhi -> Mumbai
1114,Delhi,Mumbai,23-06-2022,23-06-2022,Vistara,UK-727,20:30,"20:20
+1D",23h 50m,1 stop,18342,0,23-06-2022 00:00,Night,0,1430,Delhi -> Mumbai
1115,Delhi,Mumbai,23-06-2022,23-06-2022,Vistara,UK-727,20:30,"23:30
+1D",27h 0m,1 stop,18342,21,23-06-2022 21:00,Night,0,1620,Delhi -> Mumbai
1116,Delhi,Mumbai,23-06-2022,24-06-2022,Air Asia,I5-764,04:25,06:35,2h 10m,non-stop,8579,5,23-06-2022 05:00,Morning,1,130,Delhi -> Mumbai
1117,Delhi,Mumbai,23-06-2022,24-06-2022,Vistara,UK-975,05:55,07:55,2h 0m,non-stop,8578,12,23-06-2022 12:00,Afternoon,1,120,Delhi -> Mumbai
1118,Delhi,Mumbai,23-06-2022,24-06-2022,GO FIRST,G8-530,06:00,08:10,2h 10m,non-stop,8579,14,23-06-2022 14:00,Afternoon,1,130,Delhi -> Mumbai
1119,Delhi,Mumbai,23-06-2022,24-06-2022,IndiGo,6E-5023,06:30,08:35,2h 5m,non-stop,8579,3,23-06-2022 03:00,Night,1,125,Delhi -> Mumbai
1120,Delhi,Mumbai,23-06-2022,24-06-2022,Air India,AI-887,07:00,09:05,2h 5m,non-stop,8580,12,23-06-2022 12:00,Afternoon,1,125,Delhi -> Mumbai
1121,Delhi,Mumbai,23-06-2022,24-06-2022,IndiGo,6E-6814,07:20,09:25,2h 5m,non-stop,8579,23,23-06-2022 23:00,Night,1,125,Delhi -> Mumbai
1122,Delhi,Mumbai,23-06-2022,24-06-2022,SpiceJet,SG-8701,07:20,09:35,2h 15m,non-stop,8579,19,23-06-2022 19:00,Evening,1,135,Delhi -> Mumbai
1123,Delhi,Mumbai,23-06-2022,24-06-2022,Air India,AI-665,08:00,10:10,2h 10m,non-stop,8580,23,23-06-2022 23:00,Night,1,130,Delhi -> Mumbai
1124,Delhi,Mumbai,23-06-2022,24-06-2022,IndiGo,6E-2129,08:00,10:20,2h 20m,non-stop,8579,14,23-06-2022 14:00,Afternoon,1,140,Delhi -> Mumbai
1125,Delhi,Mumbai,23-06-2022,24-06-2022,IndiGo,6E-6278,08:45,11:00,2h 15m,non-stop,8579,7,23-06-2022 07:00,Morning,1,135,Delhi -> Mumbai
1126,Delhi,Mumbai,23-06-2022,24-06-2022,Vistara,UK-927,09:30,11:35,2h 5m,non-stop,8578,4,23-06-2022 04:00,Night,1,125,Delhi -> Mumbai
1127,Delhi,Mumbai,23-06-2022,24-06-2022,IndiGo,6E-5328,09:35,12:00,2h 25m,non-stop,8579,14,23-06-2022 14:00,Afternoon,1,145,Delhi -> Mumbai
1128,Delhi,Mumbai,23-06-2022,24-06-2022,Vistara,UK-995,10:20,12:35,2h 15m,non-stop,8578,3,23-06-2022 03:00,Night,1,135,Delhi -> Mumbai
1129,Delhi,Mumbai,23-06-2022,24-06-2022,IndiGo,6E-5342,10:45,12:50,2h 5m,non-stop,8579,11,23-06-2022 11:00,Morning,1,125,Delhi -> Mumbai
1130,Delhi,Mumbai,23-06-2022,24-06-2022,GO FIRST,G8-338,10:55,13:10,2h 15m,non-stop,8579,12,23-06-2022 12:00,Afternoon,1,135,Delhi -> Mumbai
1131,Delhi,Mumbai,23-06-2022,24-06-2022,Vistara,UK-945,11:40,14:00,2h 20m,non-stop,8578,1,23-06-2022 01:00,Night,1,140,Delhi -> Mumbai
1132,Delhi,Mumbai,23-06-2022,24-06-2022,IndiGo,6E-2138,11:55,13:55,2h 0m,non-stop,8579,18,23-06-2022 18:00,Evening,1,120,Delhi -> Mumbai
1133,Delhi,Mumbai,23-06-2022,24-06-2022,Vistara,UK-993,12:50,15:00,2h 10m,non-stop,8578,18,23-06-2022 18:00,Evening,1,130,Delhi -> Mumbai
1134,Delhi,Mumbai,23-06-2022,24-06-2022,GO FIRST,G8-336,14:00,16:10,2h 10m,non-stop,8579,3,23-06-2022 03:00,Night,1,130,Delhi -> Mumbai
1135,Delhi,Mumbai,23-06-2022,24-06-2022,IndiGo,6E-2176,14:10,16:20,2h 10m,non-stop,8579,3,23-06-2022 03:00,Night,1,130,Delhi -> Mumbai
1136,Delhi,Mumbai,23-06-2022,24-06-2022,Vistara,UK-951,14:20,16:30,2h 10m,non-stop,8578,10,23-06-2022 10:00,Morning,1,130,Delhi -> Mumbai
1137,Delhi,Mumbai,23-06-2022,24-06-2022,IndiGo,6E-5306,15:25,17:35,2h 10m,non-stop,8579,4,23-06-2022 04:00,Night,1,130,Delhi -> Mumbai
1138,Delhi,Mumbai,23-06-2022,24-06-2022,Vistara,UK-933,15:30,17:40,2h 10m,non-stop,8578,19,23-06-2022 19:00,Evening,1,130,Delhi -> Mumbai
1139,Delhi,Mumbai,23-06-2022,24-06-2022,IndiGo,6E-864,16:15,18:25,2h 10m,non-stop,8579,10,23-06-2022 10:00,Morning,1,130,Delhi -> Mumbai
1140,Delhi,Mumbai,23-06-2022,24-06-2022,Vistara,UK-941,16:45,19:05,2h 20m,non-stop,8578,9,23-06-2022 09:00,Morning,1,140,Delhi -> Mumbai
1141,Delhi,Mumbai,23-06-2022,24-06-2022,GO FIRST,G8-323,18:50,21:05,2h 15m,non-stop,8579,7,23-06-2022 07:00,Morning,1,135,Delhi -> Mumbai
1142,Delhi,Mumbai,23-06-2022,24-06-2022,SpiceJet,SG-8709,19:00,21:10,2h 10m,non-stop,8579,5,23-06-2022 05:00,Morning,1,130,Delhi -> Mumbai
1143,Delhi,Mumbai,23-06-2022,24-06-2022,SpiceJet,SG-8169,19:45,22:00,2h 15m,non-stop,8579,5,23-06-2022 05:00,Morning,1,135,Delhi -> Mumbai
1144,Delhi,Mumbai,23-06-2022,24-06-2022,GO FIRST,G8-346,20:45,22:55,2h 10m,non-stop,8579,7,23-06-2022 07:00,Morning,1,130,Delhi -> Mumbai
1145,Delhi,Mumbai,23-06-2022,24-06-2022,GO FIRST,G8-328,20:55,23:25,2h 30m,non-stop,8579,22,23-06-2022 22:00,Night,1,150,Delhi -> Mumbai
1146,Delhi,Mumbai,23-06-2022,24-06-2022,Air India,AI-605,21:15,23:35,2h 20m,non-stop,8580,14,23-06-2022 14:00,Afternoon,1,140,Delhi -> Mumbai
1147,Delhi,Mumbai,23-06-2022,24-06-2022,IndiGo,6E-2114,21:45,"00:10
+1D",2h 25m,non-stop,8579,13,23-06-2022 13:00,Afternoon,1,145,Delhi -> Mumbai
1148,Delhi,Mumbai,23-06-2022,24-06-2022,GO FIRST,G8-354,22:45,"01:00
+1D",2h 15m,non-stop,8579,10,23-06-2022 10:00,Morning,1,135,Delhi -> Mumbai
1149,Delhi,Mumbai,23-06-2022,24-06-2022,IndiGo,6E-2519,23:35,"01:40
+1D",2h 5m,non-stop,8579,11,23-06-2022 11:00,Morning,1,125,Delhi -> Mumbai
1150,Delhi,Mumbai,23-06-2022,24-06-2022,Air India,AI-865,10:00,12:35,2h 35m,non-stop,8580,12,23-06-2022 12:00,Afternoon,1,155,Delhi -> Mumbai
1151,Delhi,Mumbai,23-06-2022,24-06-2022,Air India,AI-636,15:00,18:15,3h 15m,1 stop,8580,7,23-06-2022 07:00,Morning,1,195,Delhi -> Mumbai
1152,Delhi,Mumbai,23-06-2022,24-06-2022,GO FIRST,G8-719,05:55,10:20,4h 25m,1 stop,8579,17,23-06-2022 17:00,Evening,1,265,Delhi -> Mumbai
1153,Delhi,Mumbai,23-06-2022,24-06-2022,SpiceJet,SG-2962,06:15,10:55,4h 40m,1 stop,8579,0,23-06-2022 00:00,Night,1,280,Delhi -> Mumbai
1154,Delhi,Mumbai,23-06-2022,24-06-2022,GO FIRST,G8-190,05:20,10:45,5h 25m,1 stop,8579,14,23-06-2022 14:00,Afternoon,1,325,Delhi -> Mumbai
1155,Delhi,Mumbai,23-06-2022,24-06-2022,GO FIRST,G8-190,05:20,11:30,6h 10m,1 stop,8579,7,23-06-2022 07:00,Morning,1,370,Delhi -> Mumbai
1156,Delhi,Mumbai,23-06-2022,24-06-2022,SpiceJet,SG-8373,09:50,16:10,6h 20m,1 stop,8579,10,23-06-2022 10:00,Morning,1,380,Delhi -> Mumbai
1157,Delhi,Mumbai,23-06-2022,24-06-2022,GO FIRST,G8-717,13:35,19:40,6h 5m,1 stop,8579,11,23-06-2022 11:00,Morning,1,365,Delhi -> Mumbai
1158,Delhi,Mumbai,23-06-2022,24-06-2022,SpiceJet,SG-8963,09:25,16:10,6h 45m,1 stop,8579,11,23-06-2022 11:00,Morning,1,405,Delhi -> Mumbai
1159,Delhi,Mumbai,23-06-2022,24-06-2022,GO FIRST,G8-406,10:30,17:50,7h 20m,1 stop,8579,3,23-06-2022 03:00,Night,1,440,Delhi -> Mumbai
1160,Delhi,Mumbai,23-06-2022,24-06-2022,Vistara,UK-963,08:50,11:10,2h 20m,non-stop,8895,15,23-06-2022 15:00,Afternoon,1,140,Delhi -> Mumbai
1161,Delhi,Mumbai,23-06-2022,24-06-2022,Air India,AI-624,19:00,21:15,2h 15m,non-stop,8790,3,23-06-2022 03:00,Night,1,135,Delhi -> Mumbai
1162,Delhi,Mumbai,23-06-2022,24-06-2022,Air India,AI-805,20:00,22:10,2h 10m,non-stop,8790,4,23-06-2022 04:00,Night,1,130,Delhi -> Mumbai
1163,Delhi,Mumbai,23-06-2022,24-06-2022,Air India,AI-441,17:55,22:10,4h 15m,1 stop,8790,23,23-06-2022 23:00,Night,1,255,Delhi -> Mumbai
1164,Delhi,Mumbai,23-06-2022,24-06-2022,IndiGo,6E-5318,17:00,19:05,2h 5m,non-stop,9209,4,23-06-2022 04:00,Night,1,125,Delhi -> Mumbai
1165,Delhi,Mumbai,23-06-2022,24-06-2022,Air Asia,I5-744,07:25,14:05,6h 40m,1 stop,9107,7,23-06-2022 07:00,Morning,1,400,Delhi -> Mumbai
1166,Delhi,Mumbai,23-06-2022,24-06-2022,Air Asia,I5-1732,21:40,"07:15
+1D",9h 35m,1 stop,9107,9,23-06-2022 09:00,Morning,1,575,Delhi -> Mumbai
1167,Delhi,Mumbai,23-06-2022,24-06-2022,Air Asia,I5-721,21:00,"07:15
+1D",10h 15m,1 stop,9107,16,23-06-2022 16:00,Afternoon,1,615,Delhi -> Mumbai
1168,Delhi,Mumbai,23-06-2022,24-06-2022,Vistara,UK-959,06:30,"06:15
+1D",23h 45m,1 stop,9031,8,23-06-2022 08:00,Morning,1,1425,Delhi -> Mumbai
1169,Delhi,Mumbai,23-06-2022,24-06-2022,Vistara,UK-969,18:10,"06:15
+1D",12h 5m,1 stop,9451,21,23-06-2022 21:00,Night,1,725,Delhi -> Mumbai
1170,Delhi,Mumbai,23-06-2022,24-06-2022,Vistara,UK-969,18:10,"09:40
+1D",15h 30m,1 stop,9451,18,23-06-2022 18:00,Evening,1,930,Delhi -> Mumbai
1171,Delhi,Mumbai,23-06-2022,24-06-2022,Vistara,UK-943,07:30,09:45,2h 15m,non-stop,9840,13,23-06-2022 13:00,Afternoon,1,135,Delhi -> Mumbai
1172,Delhi,Mumbai,23-06-2022,24-06-2022,Air India,AI-863,14:00,16:15,2h 15m,non-stop,9840,7,23-06-2022 07:00,Morning,1,135,Delhi -> Mumbai
1173,Delhi,Mumbai,23-06-2022,24-06-2022,IndiGo,6E-6261,19:45,21:55,2h 10m,non-stop,9839,8,23-06-2022 08:00,Morning,1,130,Delhi -> Mumbai
1174,Delhi,Mumbai,23-06-2022,24-06-2022,Vistara,UK-929,21:20,"06:15
+1D",8h 55m,1 stop,9976,21,23-06-2022 21:00,Night,1,535,Delhi -> Mumbai
1175,Delhi,Mumbai,23-06-2022,24-06-2022,Vistara,UK-929,21:20,"09:40
+1D",12h 20m,1 stop,9976,10,23-06-2022 10:00,Morning,1,740,Delhi -> Mumbai
1176,Delhi,Mumbai,23-06-2022,24-06-2022,Vistara,UK-929,21:20,"23:05
+1D",25h 45m,1 stop,9976,22,23-06-2022 22:00,Night,1,1545,Delhi -> Mumbai
1177,Delhi,Mumbai,23-06-2022,24-06-2022,Vistara,UK-953,20:40,22:50,2h 10m,non-stop,10365,0,23-06-2022 00:00,Night,1,130,Delhi -> Mumbai
1178,Delhi,Mumbai,23-06-2022,24-06-2022,Air Asia,I5-552,10:40,19:15,8h 35m,1 stop,10232,13,23-06-2022 13:00,Afternoon,1,515,Delhi -> Mumbai
1179,Delhi,Mumbai,23-06-2022,24-06-2022,IndiGo,6E-2017,18:10,20:25,2h 15m,non-stop,10679,4,23-06-2022 04:00,Night,1,135,Delhi -> Mumbai
1180,Delhi,Mumbai,23-06-2022,24-06-2022,Vistara,UK-981,21:30,23:30,2h 0m,non-stop,10890,20,23-06-2022 20:00,Evening,1,120,Delhi -> Mumbai
1181,Delhi,Mumbai,23-06-2022,24-06-2022,IndiGo,6E-7403,07:20,12:05,4h 45m,1 stop,11152,13,23-06-2022 13:00,Afternoon,1,285,Delhi -> Mumbai
1182,Delhi,Mumbai,23-06-2022,24-06-2022,Air India,AI-497,05:15,09:20,4h 5m,1 stop,11625,3,23-06-2022 03:00,Night,1,245,Delhi -> Mumbai
1183,Delhi,Mumbai,23-06-2022,24-06-2022,Air Asia,I5-798,12:50,19:15,6h 25m,1 stop,11431,21,23-06-2022 21:00,Night,1,385,Delhi -> Mumbai
1184,Delhi,Mumbai,23-06-2022,24-06-2022,Vistara,UK-985,19:45,21:55,2h 10m,non-stop,11730,22,23-06-2022 22:00,Night,1,130,Delhi -> Mumbai
1185,Delhi,Mumbai,23-06-2022,24-06-2022,IndiGo,6E-761,18:45,"00:05
+1D",5h 20m,1 stop,12202,0,23-06-2022 00:00,Night,1,320,Delhi -> Mumbai
1186,Delhi,Mumbai,23-06-2022,24-06-2022,IndiGo,6E-2033,00:15,05:30,5h 15m,1 stop,12622,21,23-06-2022 21:00,Night,1,315,Delhi -> Mumbai
1187,Delhi,Mumbai,23-06-2022,24-06-2022,IndiGo,6E-2077,05:20,10:35,5h 15m,1 stop,12622,22,23-06-2022 22:00,Night,1,315,Delhi -> Mumbai
1188,Delhi,Mumbai,23-06-2022,24-06-2022,IndiGo,6E-2141,13:35,18:45,5h 10m,1 stop,12622,18,23-06-2022 18:00,Evening,1,310,Delhi -> Mumbai
1189,Delhi,Mumbai,23-06-2022,24-06-2022,IndiGo,6.00E-153,19:35,"00:20
+1D",4h 45m,1 stop,12622,7,23-06-2022 07:00,Morning,1,285,Delhi -> Mumbai
1190,Delhi,Mumbai,23-06-2022,24-06-2022,IndiGo,6E-6022,11:15,16:55,5h 40m,1 stop,12622,14,23-06-2022 14:00,Afternoon,1,340,Delhi -> Mumbai
1191,Delhi,Mumbai,23-06-2022,24-06-2022,Vistara,UK-913,05:55,15:50,9h 55m,1 stop,12670,20,23-06-2022 20:00,Evening,1,595,Delhi -> Mumbai
1192,Delhi,Mumbai,23-06-2022,24-06-2022,Air India,AI-469,05:20,16:25,11h 5m,2 stops,12740,14,23-06-2022 14:00,Afternoon,1,665,Delhi -> Mumbai
1193,Delhi,Mumbai,23-06-2022,24-06-2022,Vistara,UK-935,18:00,"15:50
+1D",21h 50m,1 stop,12670,8,23-06-2022 08:00,Morning,1,1310,Delhi -> Mumbai
1194,Delhi,Mumbai,23-06-2022,24-06-2022,IndiGo,6E-6373,06:30,11:20,4h 50m,1 stop,12832,20,23-06-2022 20:00,Evening,1,290,Delhi -> Mumbai
1195,Delhi,Mumbai,23-06-2022,24-06-2022,Vistara,UK-955,17:45,20:05,2h 20m,non-stop,13410,8,23-06-2022 08:00,Morning,1,140,Delhi -> Mumbai
1196,Delhi,Mumbai,23-06-2022,24-06-2022,IndiGo,6E-2168,17:50,22:10,4h 20m,1 stop,13567,9,23-06-2022 09:00,Morning,1,260,Delhi -> Mumbai
1197,Delhi,Mumbai,23-06-2022,24-06-2022,Vistara,UK-969,18:10,23:05,4h 55m,1 stop,13546,19,23-06-2022 19:00,Evening,1,295,Delhi -> Mumbai
1198,Delhi,Mumbai,23-06-2022,24-06-2022,Vistara,UK-959,06:30,23:05,16h 35m,1 stop,13546,20,23-06-2022 20:00,Evening,1,995,Delhi -> Mumbai
1199,Delhi,Mumbai,23-06-2022,24-06-2022,Air India,AI-403,12:50,19:15,6h 25m,1 stop,13692,8,23-06-2022 08:00,Morning,1,385,Delhi -> Mumbai
1200,Delhi,Mumbai,23-06-2022,24-06-2022,Air India,AI-883,22:00,"08:05
+1D",10h 5m,1 stop,13725,2,23-06-2022 02:00,Night,1,605,Delhi -> Mumbai
1201,Delhi,Mumbai,23-06-2022,24-06-2022,Vistara,UK-637,17:10,"11:15
+1D",18h 5m,1 stop,13615,19,23-06-2022 19:00,Evening,1,1085,Delhi -> Mumbai
1202,Delhi,Mumbai,23-06-2022,24-06-2022,Vistara,UK-706,13:40,"11:15
+1D",21h 35m,1 stop,13615,10,23-06-2022 10:00,Morning,1,1295,Delhi -> Mumbai
1203,Delhi,Mumbai,23-06-2022,24-06-2022,Air India,AI-883,22:00,"16:35
+1D",18h 35m,1 stop,13935,5,23-06-2022 05:00,Morning,1,1115,Delhi -> Mumbai
1204,Delhi,Mumbai,23-06-2022,24-06-2022,Air India,AI-560,07:10,23:50,16h 40m,1 stop,14145,1,23-06-2022 01:00,Night,1,1000,Delhi -> Mumbai
1205,Delhi,Mumbai,23-06-2022,24-06-2022,Vistara,UK-637,17:10,22:20,5h 10m,1 stop,14352,6,23-06-2022 06:00,Morning,1,310,Delhi -> Mumbai
1206,Delhi,Mumbai,23-06-2022,24-06-2022,Vistara,UK-706,13:40,22:20,8h 40m,1 stop,14352,17,23-06-2022 17:00,Evening,1,520,Delhi -> Mumbai
1207,Delhi,Mumbai,23-06-2022,24-06-2022,Air India,AI-479,21:15,"11:35
+1D",14h 20m,1 stop,14525,1,23-06-2022 01:00,Night,1,860,Delhi -> Mumbai
1208,Delhi,Mumbai,23-06-2022,24-06-2022,Vistara,UK-643,14:10,19:00,4h 50m,1 stop,15297,16,23-06-2022 16:00,Afternoon,1,290,Delhi -> Mumbai
1209,Delhi,Mumbai,23-06-2022,24-06-2022,Air India,AI-415,16:45,"12:05
+1D",19h 20m,1 stop,15436,10,23-06-2022 10:00,Morning,1,1160,Delhi -> Mumbai
1210,Delhi,Mumbai,23-06-2022,24-06-2022,Air India,AI-473,18:40,"17:15
+1D",22h 35m,1 stop,15405,11,23-06-2022 11:00,Morning,1,1355,Delhi -> Mumbai
1211,Delhi,Mumbai,23-06-2022,24-06-2022,Vistara,UK-781,17:50,23:30,5h 40m,1 stop,15505,18,23-06-2022 18:00,Evening,1,340,Delhi -> Mumbai
1212,Delhi,Mumbai,23-06-2022,24-06-2022,Vistara,UK-977,18:55,21:15,2h 20m,non-stop,15720,21,23-06-2022 21:00,Night,1,140,Delhi -> Mumbai
1213,Delhi,Mumbai,23-06-2022,24-06-2022,Vistara,UK-673,13:20,18:20,5h 0m,1 stop,16032,23,23-06-2022 23:00,Night,1,300,Delhi -> Mumbai
1214,Delhi,Mumbai,23-06-2022,24-06-2022,Vistara,UK-811,06:15,12:00,5h 45m,1 stop,16135,6,23-06-2022 06:00,Morning,1,345,Delhi -> Mumbai
1215,Delhi,Mumbai,23-06-2022,24-06-2022,GO FIRST,G8-213,11:50,18:25,6h 35m,1 stop,16163,19,23-06-2022 19:00,Evening,1,395,Delhi -> Mumbai
1216,Delhi,Mumbai,23-06-2022,24-06-2022,SpiceJet,SG-8171,12:05,18:50,6h 45m,1 stop,16098,5,23-06-2022 05:00,Morning,1,405,Delhi -> Mumbai
1217,Delhi,Mumbai,23-06-2022,24-06-2022,Air India,AI-803,06:10,21:05,14h 55m,1 stop,16350,20,23-06-2022 20:00,Evening,1,895,Delhi -> Mumbai
1218,Delhi,Mumbai,23-06-2022,24-06-2022,Air India,AI-406,10:15,15:40,5h 25m,1 stop,16928,23,23-06-2022 23:00,Night,1,325,Delhi -> Mumbai
1219,Delhi,Mumbai,23-06-2022,24-06-2022,Air India,AI-504,21:15,"08:35
+1D",11h 20m,1 stop,16875,0,23-06-2022 00:00,Night,1,680,Delhi -> Mumbai
1220,Delhi,Mumbai,23-06-2022,24-06-2022,Air India,AI-506,09:45,"08:35
+1D",22h 50m,1 stop,16875,16,23-06-2022 16:00,Afternoon,1,1370,Delhi -> Mumbai
1221,Delhi,Mumbai,23-06-2022,24-06-2022,Air India,AI-407,13:45,"12:05
+1D",22h 20m,1 stop,17011,10,23-06-2022 10:00,Morning,1,1340,Delhi -> Mumbai
1222,Delhi,Mumbai,23-06-2022,24-06-2022,Air India,AI-885,10:45,16:35,5h 50m,1 stop,17190,21,23-06-2022 21:00,Night,1,350,Delhi -> Mumbai
1223,Delhi,Mumbai,23-06-2022,24-06-2022,Air India,AI-506,09:45,21:05,11h 20m,1 stop,17085,17,23-06-2022 17:00,Evening,1,680,Delhi -> Mumbai
1224,Delhi,Mumbai,23-06-2022,24-06-2022,Air India,AI-885,10:45,"00:35
+1D",13h 50m,1 stop,17190,20,23-06-2022 20:00,Evening,1,830,Delhi -> Mumbai
1225,Delhi,Mumbai,23-06-2022,24-06-2022,Air India,AI-504,21:15,"10:35
+1D",13h 20m,1 stop,17085,16,23-06-2022 16:00,Afternoon,1,800,Delhi -> Mumbai
1226,Delhi,Mumbai,23-06-2022,24-06-2022,Vistara,UK-705,07:30,13:00,5h 30m,1 stop,17605,6,23-06-2022 06:00,Morning,1,330,Delhi -> Mumbai
1227,Delhi,Mumbai,23-06-2022,24-06-2022,Air India,AI-451,15:00,"16:25
+1D",25h 25m,1 stop,17505,16,23-06-2022 16:00,Afternoon,1,1525,Delhi -> Mumbai
1228,Delhi,Mumbai,23-06-2022,24-06-2022,Vistara,UK-707,17:30,23:30,6h 0m,1 stop,17922,19,23-06-2022 19:00,Evening,1,360,Delhi -> Mumbai
1229,Delhi,Mumbai,23-06-2022,24-06-2022,Air India,AI-540,20:40,"08:05
+1D",11h 25m,1 stop,17820,8,23-06-2022 08:00,Morning,1,685,Delhi -> Mumbai
1230,Delhi,Mumbai,23-06-2022,24-06-2022,Air India,AI-401,06:50,20:15,13h 25m,1 stop,17820,16,23-06-2022 16:00,Afternoon,1,805,Delhi -> Mumbai
1231,Delhi,Mumbai,23-06-2022,24-06-2022,Air India,AI-807,17:15,"08:35
+1D",15h 20m,1 stop,17820,19,23-06-2022 19:00,Evening,1,920,Delhi -> Mumbai
1232,Delhi,Mumbai,23-06-2022,24-06-2022,SpiceJet,SG-751,11:30,18:00,6h 30m,1 stop,18115,21,23-06-2022 21:00,Night,1,390,Delhi -> Mumbai
1233,Delhi,Mumbai,23-06-2022,24-06-2022,Air India,AI-762,20:15,"12:20
+1D",16h 5m,1 stop,18030,21,23-06-2022 21:00,Night,1,965,Delhi -> Mumbai
1234,Delhi,Mumbai,23-06-2022,24-06-2022,Air India,AI-807,17:15,"10:35
+1D",17h 20m,1 stop,18030,7,23-06-2022 07:00,Morning,1,1040,Delhi -> Mumbai
1235,Delhi,Mumbai,23-06-2022,24-06-2022,Air India,AI-764,16:45,"12:20
+1D",19h 35m,1 stop,18030,16,23-06-2022 16:00,Afternoon,1,1175,Delhi -> Mumbai
1236,Delhi,Mumbai,23-06-2022,24-06-2022,Air India,AI-877,11:10,17:15,6h 5m,1 stop,18240,6,23-06-2022 06:00,Morning,1,365,Delhi -> Mumbai
1237,Delhi,Mumbai,23-06-2022,24-06-2022,Air India,AI-540,20:40,"18:00
+1D",21h 20m,1 stop,18555,0,23-06-2022 00:00,Night,1,1280,Delhi -> Mumbai
1238,Delhi,Mumbai,23-06-2022,24-06-2022,Air India,AI-767,12:10,20:15,8h 5m,1 stop,19080,12,23-06-2022 12:00,Afternoon,1,485,Delhi -> Mumbai
1239,Delhi,Mumbai,23-06-2022,24-06-2022,Air India,AI-762,20:15,"20:15
+1D",24h 0m,1 stop,19500,22,23-06-2022 22:00,Night,1,1440,Delhi -> Mumbai
1240,Delhi,Mumbai,23-06-2022,24-06-2022,Air India,AI-764,16:45,"20:15
+1D",27h 30m,1 stop,19500,18,23-06-2022 18:00,Evening,1,1650,Delhi -> Mumbai
1241,Delhi,Mumbai,23-06-2022,24-06-2022,Air India,AI-839,21:30,"23:50
+1D",26h 20m,1 stop,20025,23,23-06-2022 23:00,Night,1,1580,Delhi -> Mumbai
1242,Delhi,Mumbai,23-06-2022,24-06-2022,Vistara,UK-817,16:05,21:50,5h 45m,1 stop,20969,18,23-06-2022 18:00,Evening,1,345,Delhi -> Mumbai
1243,Delhi,Mumbai,23-06-2022,24-06-2022,Vistara,UK-813,17:35,23:25,5h 50m,1 stop,21494,16,23-06-2022 16:00,Afternoon,1,350,Delhi -> Mumbai
1244,Delhi,Mumbai,23-06-2022,24-06-2022,Air India,AI-502,13:30,"08:35
+1D",19h 5m,1 stop,21600,12,23-06-2022 12:00,Afternoon,1,1145,Delhi -> Mumbai
1245,Delhi,Mumbai,23-06-2022,24-06-2022,Air India,AI-502,13:30,21:05,7h 35m,1 stop,21810,15,23-06-2022 15:00,Afternoon,1,455,Delhi -> Mumbai
1246,Delhi,Mumbai,23-06-2022,24-06-2022,Vistara,UK-819,14:15,20:15,6h 0m,1 stop,22754,7,23-06-2022 07:00,Morning,1,360,Delhi -> Mumbai
1247,Delhi,Mumbai,23-06-2022,24-06-2022,Vistara,UK-899,14:45,20:30,5h 45m,1 stop,24539,18,23-06-2022 18:00,Evening,1,345,Delhi -> Mumbai
1248,Delhi,Mumbai,23-06-2022,24-06-2022,Vistara,UK-879,17:35,23:00,5h 25m,1 stop,24959,17,23-06-2022 17:00,Evening,1,325,Delhi -> Mumbai
1249,Delhi,Mumbai,23-06-2022,24-06-2022,Air India,AI-801,14:30,22:40,8h 10m,1 stop,26850,0,23-06-2022 00:00,Night,1,490,Delhi -> Mumbai
1250,Delhi,Mumbai,23-06-2022,24-06-2022,Air India,AI-465,16:55,"10:10
+1D",17h 15m,1 stop,32943,13,23-06-2022 13:00,Afternoon,1,1035,Delhi -> Mumbai
1251,Delhi,Mumbai,23-06-2022,25-06-2022,IndiGo,6E-2009,02:00,04:10,2h 10m,non-stop,8579,18,23-06-2022 18:00,Evening,2,130,Delhi -> Mumbai
1252,Delhi,Mumbai,23-06-2022,25-06-2022,Air Asia,I5-764,04:25,06:35,2h 10m,non-stop,8579,14,23-06-2022 14:00,Afternoon,2,130,Delhi -> Mumbai
1253,Delhi,Mumbai,23-06-2022,25-06-2022,Vistara,UK-975,05:55,07:55,2h 0m,non-stop,8578,17,23-06-2022 17:00,Evening,2,120,Delhi -> Mumbai
1254,Delhi,Mumbai,23-06-2022,25-06-2022,IndiGo,6E-5023,06:30,08:35,2h 5m,non-stop,8579,1,23-06-2022 01:00,Night,2,125,Delhi -> Mumbai
1255,Delhi,Mumbai,23-06-2022,25-06-2022,IndiGo,6E-6814,07:20,09:25,2h 5m,non-stop,8579,21,23-06-2022 21:00,Night,2,125,Delhi -> Mumbai
1256,Delhi,Mumbai,23-06-2022,25-06-2022,SpiceJet,SG-8701,07:20,09:35,2h 15m,non-stop,8579,16,23-06-2022 16:00,Afternoon,2,135,Delhi -> Mumbai
1257,Delhi,Mumbai,23-06-2022,25-06-2022,Vistara,UK-943,07:30,09:45,2h 15m,non-stop,8578,17,23-06-2022 17:00,Evening,2,135,Delhi -> Mumbai
1258,Delhi,Mumbai,23-06-2022,25-06-2022,IndiGo,6E-2129,08:00,10:20,2h 20m,non-stop,8579,5,23-06-2022 05:00,Morning,2,140,Delhi -> Mumbai
1259,Delhi,Mumbai,23-06-2022,25-06-2022,IndiGo,6E-6278,08:45,11:00,2h 15m,non-stop,8579,18,23-06-2022 18:00,Evening,2,135,Delhi -> Mumbai
1260,Delhi,Mumbai,23-06-2022,25-06-2022,Vistara,UK-963,08:50,11:10,2h 20m,non-stop,8578,3,23-06-2022 03:00,Night,2,140,Delhi -> Mumbai
1261,Delhi,Mumbai,23-06-2022,25-06-2022,Vistara,UK-927,09:30,11:35,2h 5m,non-stop,8578,0,23-06-2022 00:00,Night,2,125,Delhi -> Mumbai
1262,Delhi,Mumbai,23-06-2022,25-06-2022,Vistara,UK-995,10:20,12:35,2h 15m,non-stop,8578,7,23-06-2022 07:00,Morning,2,135,Delhi -> Mumbai
1263,Delhi,Mumbai,23-06-2022,25-06-2022,IndiGo,6E-5342,10:45,12:50,2h 5m,non-stop,8579,22,23-06-2022 22:00,Night,2,125,Delhi -> Mumbai
1264,Delhi,Mumbai,23-06-2022,25-06-2022,Vistara,UK-945,11:40,14:00,2h 20m,non-stop,8578,6,23-06-2022 06:00,Morning,2,140,Delhi -> Mumbai
1265,Delhi,Mumbai,23-06-2022,25-06-2022,IndiGo,6E-2138,11:55,13:55,2h 0m,non-stop,8579,2,23-06-2022 02:00,Night,2,120,Delhi -> Mumbai
1266,Delhi,Mumbai,23-06-2022,25-06-2022,Vistara,UK-993,12:50,15:00,2h 10m,non-stop,8578,9,23-06-2022 09:00,Morning,2,130,Delhi -> Mumbai
1267,Delhi,Mumbai,23-06-2022,25-06-2022,IndiGo,6E-2176,14:10,16:20,2h 10m,non-stop,8579,9,23-06-2022 09:00,Morning,2,130,Delhi -> Mumbai
1268,Delhi,Mumbai,23-06-2022,25-06-2022,IndiGo,6E-5306,15:25,17:35,2h 10m,non-stop,8579,18,23-06-2022 18:00,Evening,2,130,Delhi -> Mumbai
1269,Delhi,Mumbai,23-06-2022,25-06-2022,Vistara,UK-933,15:30,17:40,2h 10m,non-stop,8578,13,23-06-2022 13:00,Afternoon,2,130,Delhi -> Mumbai
1270,Delhi,Mumbai,23-06-2022,25-06-2022,Vistara,UK-941,16:45,19:05,2h 20m,non-stop,8578,1,23-06-2022 01:00,Night,2,140,Delhi -> Mumbai
1271,Delhi,Mumbai,23-06-2022,25-06-2022,IndiGo,6E-5318,17:00,19:05,2h 5m,non-stop,8579,0,23-06-2022 00:00,Night,2,125,Delhi -> Mumbai
1272,Delhi,Mumbai,23-06-2022,25-06-2022,Vistara,UK-955,17:45,20:05,2h 20m,non-stop,8578,22,23-06-2022 22:00,Night,2,140,Delhi -> Mumbai
1273,Delhi,Mumbai,23-06-2022,25-06-2022,IndiGo,6E-2017,18:10,20:25,2h 15m,non-stop,8579,22,23-06-2022 22:00,Night,2,135,Delhi -> Mumbai
1274,Delhi,Mumbai,23-06-2022,25-06-2022,Vistara,UK-977,18:55,21:15,2h 20m,non-stop,8578,17,23-06-2022 17:00,Evening,2,140,Delhi -> Mumbai
1275,Delhi,Mumbai,23-06-2022,25-06-2022,SpiceJet,SG-8709,19:00,21:10,2h 10m,non-stop,8579,6,23-06-2022 06:00,Morning,2,130,Delhi -> Mumbai
1276,Delhi,Mumbai,23-06-2022,25-06-2022,Vistara,UK-985,19:45,21:55,2h 10m,non-stop,8578,7,23-06-2022 07:00,Morning,2,130,Delhi -> Mumbai
1277,Delhi,Mumbai,23-06-2022,25-06-2022,IndiGo,6E-6261,19:45,21:55,2h 10m,non-stop,8579,0,23-06-2022 00:00,Night,2,130,Delhi -> Mumbai
1278,Delhi,Mumbai,23-06-2022,25-06-2022,SpiceJet,SG-8169,19:45,22:00,2h 15m,non-stop,8579,22,23-06-2022 22:00,Night,2,135,Delhi -> Mumbai
1279,Delhi,Mumbai,23-06-2022,25-06-2022,Vistara,UK-953,20:40,22:50,2h 10m,non-stop,8578,2,23-06-2022 02:00,Night,2,130,Delhi -> Mumbai
1280,Delhi,Mumbai,23-06-2022,25-06-2022,Air India,AI-605,21:15,23:35,2h 20m,non-stop,8580,23,23-06-2022 23:00,Night,2,140,Delhi -> Mumbai
1281,Delhi,Mumbai,23-06-2022,25-06-2022,Vistara,UK-981,21:30,23:30,2h 0m,non-stop,8578,22,23-06-2022 22:00,Night,2,120,Delhi -> Mumbai
1282,Delhi,Mumbai,23-06-2022,25-06-2022,IndiGo,6E-2114,21:45,"00:10
+1D",2h 25m,non-stop,8579,7,23-06-2022 07:00,Morning,2,145,Delhi -> Mumbai
1283,Delhi,Mumbai,23-06-2022,25-06-2022,IndiGo,6E-2519,23:35,"01:40
+1D",2h 5m,non-stop,8579,21,23-06-2022 21:00,Night,2,125,Delhi -> Mumbai
1284,Delhi,Mumbai,23-06-2022,25-06-2022,GO FIRST,G8-719,05:55,10:20,4h 25m,1 stop,8579,14,23-06-2022 14:00,Afternoon,2,265,Delhi -> Mumbai
1285,Delhi,Mumbai,23-06-2022,25-06-2022,SpiceJet,SG-2962,06:15,10:55,4h 40m,1 stop,8579,4,23-06-2022 04:00,Night,2,280,Delhi -> Mumbai
1286,Delhi,Mumbai,23-06-2022,25-06-2022,Vistara,UK-969,18:10,23:05,4h 55m,1 stop,8714,2,23-06-2022 02:00,Night,2,295,Delhi -> Mumbai
1287,Delhi,Mumbai,23-06-2022,25-06-2022,GO FIRST,G8-190,05:20,10:45,5h 25m,1 stop,8579,18,23-06-2022 18:00,Evening,2,325,Delhi -> Mumbai
1288,Delhi,Mumbai,23-06-2022,25-06-2022,SpiceJet,SG-751,11:30,18:00,6h 30m,1 stop,8579,0,23-06-2022 00:00,Night,2,390,Delhi -> Mumbai
1289,Delhi,Mumbai,23-06-2022,25-06-2022,GO FIRST,G8-717,13:35,19:40,6h 5m,1 stop,8579,14,23-06-2022 14:00,Afternoon,2,365,Delhi -> Mumbai
1290,Delhi,Mumbai,23-06-2022,25-06-2022,SpiceJet,SG-3749,15:30,21:45,6h 15m,1 stop,8579,7,23-06-2022 07:00,Morning,2,375,Delhi -> Mumbai
1291,Delhi,Mumbai,23-06-2022,25-06-2022,Vistara,UK-929,21:20,"06:15
+1D",8h 55m,1 stop,8714,1,23-06-2022 01:00,Night,2,535,Delhi -> Mumbai
1292,Delhi,Mumbai,23-06-2022,25-06-2022,Vistara,UK-969,18:10,"06:15
+1D",12h 5m,1 stop,8714,2,23-06-2022 02:00,Night,2,725,Delhi -> Mumbai
1293,Delhi,Mumbai,23-06-2022,25-06-2022,Vistara,UK-929,21:20,"09:40
+1D",12h 20m,1 stop,8714,23,23-06-2022 23:00,Night,2,740,Delhi -> Mumbai
1294,Delhi,Mumbai,23-06-2022,25-06-2022,Vistara,UK-969,18:10,"09:40
+1D",15h 30m,1 stop,8714,13,23-06-2022 13:00,Afternoon,2,930,Delhi -> Mumbai
1295,Delhi,Mumbai,23-06-2022,25-06-2022,Vistara,UK-959,06:30,23:05,16h 35m,1 stop,8714,23,23-06-2022 23:00,Night,2,995,Delhi -> Mumbai
1296,Delhi,Mumbai,23-06-2022,25-06-2022,Vistara,UK-959,06:30,"06:15
+1D",23h 45m,1 stop,8714,13,23-06-2022 13:00,Afternoon,2,1425,Delhi -> Mumbai
1297,Delhi,Mumbai,23-06-2022,25-06-2022,Vistara,UK-929,21:20,"23:05
+1D",25h 45m,1 stop,8714,10,23-06-2022 10:00,Morning,2,1545,Delhi -> Mumbai
1298,Delhi,Mumbai,23-06-2022,25-06-2022,Air India,AI-887,07:00,09:05,2h 5m,non-stop,8790,15,23-06-2022 15:00,Afternoon,2,125,Delhi -> Mumbai
1299,Delhi,Mumbai,23-06-2022,25-06-2022,GO FIRST,G8-334,07:00,09:15,2h 15m,non-stop,8847,3,23-06-2022 03:00,Night,2,135,Delhi -> Mumbai
1300,Delhi,Mumbai,23-06-2022,25-06-2022,Air India,AI-665,08:00,10:10,2h 10m,non-stop,8790,19,23-06-2022 19:00,Evening,2,130,Delhi -> Mumbai
1301,Delhi,Mumbai,23-06-2022,25-06-2022,Air India,AI-865,10:00,12:35,2h 35m,non-stop,8790,4,23-06-2022 04:00,Night,2,155,Delhi -> Mumbai
1302,Delhi,Mumbai,23-06-2022,25-06-2022,GO FIRST,G8-338,10:55,13:10,2h 15m,non-stop,8847,21,23-06-2022 21:00,Night,2,135,Delhi -> Mumbai
1303,Delhi,Mumbai,23-06-2022,25-06-2022,GO FIRST,G8-336,14:00,16:10,2h 10m,non-stop,8847,20,23-06-2022 20:00,Evening,2,130,Delhi -> Mumbai
1304,Delhi,Mumbai,23-06-2022,25-06-2022,Air India,AI-863,14:00,16:15,2h 15m,non-stop,8790,13,23-06-2022 13:00,Afternoon,2,135,Delhi -> Mumbai
1305,Delhi,Mumbai,23-06-2022,25-06-2022,Air India,AI-624,19:00,21:15,2h 15m,non-stop,8790,22,23-06-2022 22:00,Night,2,135,Delhi -> Mumbai
1306,Delhi,Mumbai,23-06-2022,25-06-2022,GO FIRST,G8-323,19:15,21:30,2h 15m,non-stop,8847,15,23-06-2022 15:00,Afternoon,2,135,Delhi -> Mumbai
1307,Delhi,Mumbai,23-06-2022,25-06-2022,Air India,AI-805,20:00,22:10,2h 10m,non-stop,8790,17,23-06-2022 17:00,Evening,2,130,Delhi -> Mumbai
1308,Delhi,Mumbai,23-06-2022,25-06-2022,GO FIRST,G8-328,20:55,23:25,2h 30m,non-stop,8847,6,23-06-2022 06:00,Morning,2,150,Delhi -> Mumbai
1309,Delhi,Mumbai,23-06-2022,25-06-2022,Air India,AI-441,17:55,22:10,4h 15m,1 stop,8790,9,23-06-2022 09:00,Morning,2,255,Delhi -> Mumbai
1310,Delhi,Mumbai,23-06-2022,25-06-2022,Air Asia,I5-744,07:25,14:05,6h 40m,1 stop,9107,6,23-06-2022 06:00,Morning,2,400,Delhi -> Mumbai
1311,Delhi,Mumbai,23-06-2022,25-06-2022,Air Asia,I5-552,10:40,19:15,8h 35m,1 stop,9107,0,23-06-2022 00:00,Night,2,515,Delhi -> Mumbai
1312,Delhi,Mumbai,23-06-2022,25-06-2022,Air Asia,I5-1732,21:40,"07:15
+1D",9h 35m,1 stop,9107,22,23-06-2022 22:00,Night,2,575,Delhi -> Mumbai
1313,Delhi,Mumbai,23-06-2022,25-06-2022,Air Asia,I5-721,21:00,"07:15
+1D",10h 15m,1 stop,9107,20,23-06-2022 20:00,Evening,2,615,Delhi -> Mumbai
1314,Delhi,Mumbai,23-06-2022,25-06-2022,Air India,AI-636,14:30,18:10,3h 40m,1 stop,9315,18,23-06-2022 18:00,Evening,2,220,Delhi -> Mumbai
1315,Delhi,Mumbai,23-06-2022,25-06-2022,Vistara,UK-951,14:20,16:30,2h 10m,non-stop,9840,15,23-06-2022 15:00,Afternoon,2,130,Delhi -> Mumbai
1316,Delhi,Mumbai,23-06-2022,25-06-2022,Air Asia,I5-798,12:50,19:15,6h 25m,1 stop,10232,18,23-06-2022 18:00,Evening,2,385,Delhi -> Mumbai
1317,Delhi,Mumbai,23-06-2022,25-06-2022,Air Asia,I5-753,13:00,14:50,1h 50m,non-stop,10711,3,23-06-2022 03:00,Night,2,110,Delhi -> Mumbai
1318,Delhi,Mumbai,23-06-2022,25-06-2022,IndiGo,6E-7403,07:20,12:05,4h 45m,1 stop,10522,17,23-06-2022 17:00,Evening,2,285,Delhi -> Mumbai
1319,Delhi,Mumbai,23-06-2022,25-06-2022,IndiGo,6E-761,18:45,"00:05
+1D",5h 20m,1 stop,10942,1,23-06-2022 01:00,Night,2,320,Delhi -> Mumbai
1320,Delhi,Mumbai,23-06-2022,25-06-2022,Air India,AI-497,05:15,09:20,4h 5m,1 stop,11835,0,23-06-2022 00:00,Night,2,245,Delhi -> Mumbai
1321,Delhi,Mumbai,23-06-2022,25-06-2022,IndiGo,6E-6373,06:30,11:20,4h 50m,1 stop,12622,14,23-06-2022 14:00,Afternoon,2,290,Delhi -> Mumbai
1322,Delhi,Mumbai,23-06-2022,25-06-2022,IndiGo,6E-2168,17:50,22:10,4h 20m,1 stop,12622,4,23-06-2022 04:00,Night,2,260,Delhi -> Mumbai
1323,Delhi,Mumbai,23-06-2022,25-06-2022,IndiGo,6.00E-153,19:35,"00:20
+1D",4h 45m,1 stop,12622,19,23-06-2022 19:00,Evening,2,285,Delhi -> Mumbai
1324,Delhi,Mumbai,23-06-2022,25-06-2022,IndiGo,6E-2033,00:15,05:30,5h 15m,1 stop,12622,10,23-06-2022 10:00,Morning,2,315,Delhi -> Mumbai
1325,Delhi,Mumbai,23-06-2022,25-06-2022,IndiGo,6E-2077,05:20,10:35,5h 15m,1 stop,12622,9,23-06-2022 09:00,Morning,2,315,Delhi -> Mumbai
1326,Delhi,Mumbai,23-06-2022,25-06-2022,IndiGo,6E-6022,11:15,16:55,5h 40m,1 stop,12622,1,23-06-2022 01:00,Night,2,340,Delhi -> Mumbai
1327,Delhi,Mumbai,23-06-2022,25-06-2022,IndiGo,6E-2141,13:35,18:45,5h 10m,1 stop,12622,2,23-06-2022 02:00,Night,2,310,Delhi -> Mumbai
1328,Delhi,Mumbai,23-06-2022,25-06-2022,Vistara,UK-913,05:55,15:50,9h 55m,1 stop,12670,22,23-06-2022 22:00,Night,2,595,Delhi -> Mumbai
1329,Delhi,Mumbai,23-06-2022,25-06-2022,Vistara,UK-935,18:00,"15:50
+1D",21h 50m,1 stop,12670,22,23-06-2022 22:00,Night,2,1310,Delhi -> Mumbai
1330,Delhi,Mumbai,23-06-2022,25-06-2022,Air India,AI-469,05:20,16:25,11h 5m,2 stops,12950,11,23-06-2022 11:00,Morning,2,665,Delhi -> Mumbai
1331,Delhi,Mumbai,23-06-2022,25-06-2022,Air India,AI-883,22:00,"08:05
+1D",10h 5m,1 stop,13725,19,23-06-2022 19:00,Evening,2,605,Delhi -> Mumbai
1332,Delhi,Mumbai,23-06-2022,25-06-2022,Vistara,UK-637,17:10,22:20,5h 10m,1 stop,14352,4,23-06-2022 04:00,Night,2,310,Delhi -> Mumbai
1333,Delhi,Mumbai,23-06-2022,25-06-2022,Air India,AI-403,12:50,19:15,6h 25m,1 stop,14427,4,23-06-2022 04:00,Night,2,385,Delhi -> Mumbai
1334,Delhi,Mumbai,23-06-2022,25-06-2022,Vistara,UK-879,17:35,23:00,5h 25m,1 stop,14877,5,23-06-2022 05:00,Morning,2,325,Delhi -> Mumbai
1335,Delhi,Mumbai,23-06-2022,25-06-2022,Vistara,UK-899,14:45,20:30,5h 45m,1 stop,15396,8,23-06-2022 08:00,Morning,2,345,Delhi -> Mumbai
1336,Delhi,Mumbai,23-06-2022,25-06-2022,Vistara,UK-781,17:50,23:30,5h 40m,1 stop,15505,1,23-06-2022 01:00,Night,2,340,Delhi -> Mumbai
1337,Delhi,Mumbai,23-06-2022,25-06-2022,Air India,AI-425,05:45,"08:55
+1D",27h 10m,1 stop,15510,20,23-06-2022 20:00,Evening,2,1630,Delhi -> Mumbai
1338,Delhi,Mumbai,23-06-2022,25-06-2022,Air India,AI-406,10:15,15:40,5h 25m,1 stop,15720,11,23-06-2022 11:00,Morning,2,325,Delhi -> Mumbai
1339,Delhi,Mumbai,23-06-2022,25-06-2022,Vistara,UK-673,13:20,18:20,5h 0m,1 stop,15612,2,23-06-2022 02:00,Night,2,300,Delhi -> Mumbai
1340,Delhi,Mumbai,23-06-2022,25-06-2022,Air India,AI-479,21:15,"11:35
+1D",14h 20m,1 stop,15785,19,23-06-2022 19:00,Evening,2,860,Delhi -> Mumbai
1341,Delhi,Mumbai,23-06-2022,25-06-2022,SpiceJet,SG-8211,09:00,14:55,5h 55m,1 stop,16098,21,23-06-2022 21:00,Night,2,355,Delhi -> Mumbai
1342,Delhi,Mumbai,23-06-2022,25-06-2022,Air India,AI-415,16:45,"12:05
+1D",19h 20m,1 stop,15961,11,23-06-2022 11:00,Morning,2,1160,Delhi -> Mumbai
1343,Delhi,Mumbai,23-06-2022,25-06-2022,GO FIRST,G8-190,05:20,11:30,6h 10m,1 stop,16222,23,23-06-2022 23:00,Night,2,370,Delhi -> Mumbai
1344,Delhi,Mumbai,23-06-2022,25-06-2022,SpiceJet,SG-8963,09:25,16:10,6h 45m,1 stop,16697,16,23-06-2022 16:00,Afternoon,2,405,Delhi -> Mumbai
1345,Delhi,Mumbai,23-06-2022,25-06-2022,Air India,AI-504,21:15,"08:35
+1D",11h 20m,1 stop,16875,9,23-06-2022 09:00,Morning,2,680,Delhi -> Mumbai
1346,Delhi,Mumbai,23-06-2022,25-06-2022,Air India,AI-885,10:45,"00:35
+1D",13h 50m,1 stop,16875,23,23-06-2022 23:00,Night,2,830,Delhi -> Mumbai
1347,Delhi,Mumbai,23-06-2022,25-06-2022,Air India,AI-885,10:45,16:35,5h 50m,1 stop,17085,13,23-06-2022 13:00,Afternoon,2,350,Delhi -> Mumbai
1348,Delhi,Mumbai,23-06-2022,25-06-2022,Air India,AI-504,21:15,"10:35
+1D",13h 20m,1 stop,17085,22,23-06-2022 22:00,Night,2,800,Delhi -> Mumbai
1349,Delhi,Mumbai,23-06-2022,25-06-2022,Air India,AI-451,15:00,"16:25
+1D",25h 25m,1 stop,17190,16,23-06-2022 16:00,Afternoon,2,1525,Delhi -> Mumbai
1350,Delhi,Mumbai,23-06-2022,25-06-2022,Vistara,UK-643,14:10,19:00,4h 50m,1 stop,17504,17,23-06-2022 17:00,Evening,2,290,Delhi -> Mumbai
1351,Delhi,Mumbai,23-06-2022,25-06-2022,Air India,AI-877,11:10,17:15,6h 5m,1 stop,17400,18,23-06-2022 18:00,Evening,2,365,Delhi -> Mumbai
1352,Delhi,Mumbai,23-06-2022,25-06-2022,Vistara,UK-705,07:30,13:00,5h 30m,1 stop,17605,16,23-06-2022 16:00,Afternoon,2,330,Delhi -> Mumbai
1353,Delhi,Mumbai,23-06-2022,25-06-2022,Vistara,UK-707,17:30,23:30,6h 0m,1 stop,17605,13,23-06-2022 13:00,Afternoon,2,360,Delhi -> Mumbai
1354,Delhi,Mumbai,23-06-2022,25-06-2022,Vistara,UK-817,16:05,21:50,5h 45m,1 stop,17922,8,23-06-2022 08:00,Morning,2,345,Delhi -> Mumbai
1355,Delhi,Mumbai,23-06-2022,25-06-2022,Air India,AI-803,06:10,21:05,14h 55m,1 stop,17820,7,23-06-2022 07:00,Morning,2,895,Delhi -> Mumbai
1356,Delhi,Mumbai,23-06-2022,25-06-2022,Air India,AI-883,22:00,"16:35
+1D",18h 35m,1 stop,17925,1,23-06-2022 01:00,Night,2,1115,Delhi -> Mumbai
1357,Delhi,Mumbai,23-06-2022,25-06-2022,Vistara,UK-811,06:15,12:00,5h 45m,1 stop,18134,12,23-06-2022 12:00,Afternoon,2,345,Delhi -> Mumbai
1358,Delhi,Mumbai,23-06-2022,25-06-2022,Air India,AI-762,20:15,"12:20
+1D",16h 5m,1 stop,18030,6,23-06-2022 06:00,Morning,2,965,Delhi -> Mumbai
1359,Delhi,Mumbai,23-06-2022,25-06-2022,Air India,AI-407,13:45,"12:05
+1D",22h 20m,1 stop,18219,8,23-06-2022 08:00,Morning,2,1340,Delhi -> Mumbai
1360,Delhi,Mumbai,23-06-2022,25-06-2022,Air India,AI-439,05:55,18:00,12h 5m,1 stop,18345,21,23-06-2022 21:00,Night,2,725,Delhi -> Mumbai
1361,Delhi,Mumbai,23-06-2022,25-06-2022,Air India,AI-502,13:30,"08:35
+1D",19h 5m,1 stop,18555,21,23-06-2022 21:00,Night,2,1145,Delhi -> Mumbai
1362,Delhi,Mumbai,23-06-2022,25-06-2022,Air India,AI-764,16:45,"12:20
+1D",19h 35m,1 stop,18555,10,23-06-2022 10:00,Morning,2,1175,Delhi -> Mumbai
1363,Delhi,Mumbai,23-06-2022,25-06-2022,Air India,AI-502,13:30,21:05,7h 35m,1 stop,18765,13,23-06-2022 13:00,Afternoon,2,455,Delhi -> Mumbai
1364,Delhi,Mumbai,23-06-2022,25-06-2022,Vistara,UK-813,17:35,23:25,5h 50m,1 stop,18974,3,23-06-2022 03:00,Night,2,350,Delhi -> Mumbai
1365,Delhi,Mumbai,23-06-2022,25-06-2022,Air India,AI-401,06:50,20:15,13h 25m,1 stop,19290,12,23-06-2022 12:00,Afternoon,2,805,Delhi -> Mumbai
1366,Delhi,Mumbai,23-06-2022,25-06-2022,Air India,AI-762,20:15,"20:15
+1D",24h 0m,1 stop,20235,1,23-06-2022 01:00,Night,2,1440,Delhi -> Mumbai
1367,Delhi,Mumbai,23-06-2022,25-06-2022,Air India,AI-764,16:45,"20:15
+1D",27h 30m,1 stop,20760,22,23-06-2022 22:00,Night,2,1650,Delhi -> Mumbai
1368,Delhi,Mumbai,23-06-2022,25-06-2022,Vistara,UK-819,14:15,20:15,6h 0m,1 stop,21389,4,23-06-2022 04:00,Night,2,360,Delhi -> Mumbai
1369,Delhi,Mumbai,23-06-2022,25-06-2022,Air India,AI-767,12:10,20:15,8h 5m,1 stop,21653,10,23-06-2022 10:00,Morning,2,485,Delhi -> Mumbai
1370,Delhi,Mumbai,23-06-2022,25-06-2022,Air India,AI-542,09:45,23:50,14h 5m,1 stop,21600,5,23-06-2022 05:00,Morning,2,845,Delhi -> Mumbai
1371,Delhi,Mumbai,23-06-2022,25-06-2022,Air India,AI-807,17:15,"08:35
+1D",15h 20m,1 stop,21810,17,23-06-2022 17:00,Evening,2,920,Delhi -> Mumbai
1372,Delhi,Mumbai,23-06-2022,25-06-2022,Air India,AI-506,09:45,"08:35
+1D",22h 50m,1 stop,21810,20,23-06-2022 20:00,Evening,2,1370,Delhi -> Mumbai
1373,Delhi,Mumbai,23-06-2022,25-06-2022,Air India,AI-506,09:45,21:05,11h 20m,1 stop,22020,9,23-06-2022 09:00,Morning,2,680,Delhi -> Mumbai
1374,Delhi,Mumbai,23-06-2022,25-06-2022,Air India,AI-807,17:15,"10:35
+1D",17h 20m,1 stop,22020,3,23-06-2022 03:00,Night,2,1040,Delhi -> Mumbai
1375,Delhi,Mumbai,23-06-2022,25-06-2022,Air India,AI-485,05:30,16:25,10h 55m,1 stop,23385,8,23-06-2022 08:00,Morning,2,655,Delhi -> Mumbai
1376,Delhi,Mumbai,23-06-2022,25-06-2022,Air India,AI-540,20:40,"08:05
+1D",11h 25m,1 stop,28530,5,23-06-2022 05:00,Morning,2,685,Delhi -> Mumbai
1377,Delhi,Mumbai,23-06-2022,25-06-2022,Air India,AI-465,16:55,"10:10
+1D",17h 15m,1 stop,33153,1,23-06-2022 01:00,Night,2,1035,Delhi -> Mumbai
1378,Delhi,Mumbai,23-06-2022,26-06-2022,IndiGo,6E-2009,02:00,04:10,2h 10m,non-stop,8579,16,23-06-2022 16:00,Afternoon,3,130,Delhi -> Mumbai
1379,Delhi,Mumbai,23-06-2022,26-06-2022,GO FIRST,G8-2501,02:40,04:50,2h 10m,non-stop,8579,4,23-06-2022 04:00,Night,3,130,Delhi -> Mumbai
1380,Delhi,Mumbai,23-06-2022,26-06-2022,Air Asia,I5-764,04:25,06:35,2h 10m,non-stop,8579,5,23-06-2022 05:00,Morning,3,130,Delhi -> Mumbai
1381,Delhi,Mumbai,23-06-2022,26-06-2022,IndiGo,6E-5023,06:30,08:35,2h 5m,non-stop,8579,11,23-06-2022 11:00,Morning,3,125,Delhi -> Mumbai
1382,Delhi,Mumbai,23-06-2022,26-06-2022,GO FIRST,G8-334,07:00,09:15,2h 15m,non-stop,8579,22,23-06-2022 22:00,Night,3,135,Delhi -> Mumbai
1383,Delhi,Mumbai,23-06-2022,26-06-2022,IndiGo,6E-6814,07:20,09:25,2h 5m,non-stop,8579,20,23-06-2022 20:00,Evening,3,125,Delhi -> Mumbai
1384,Delhi,Mumbai,23-06-2022,26-06-2022,SpiceJet,SG-8701,07:20,09:35,2h 15m,non-stop,8579,9,23-06-2022 09:00,Morning,3,135,Delhi -> Mumbai
1385,Delhi,Mumbai,23-06-2022,26-06-2022,Vistara,UK-943,07:30,09:45,2h 15m,non-stop,8578,21,23-06-2022 21:00,Night,3,135,Delhi -> Mumbai
1386,Delhi,Mumbai,23-06-2022,26-06-2022,IndiGo,6E-2129,08:00,10:20,2h 20m,non-stop,8579,20,23-06-2022 20:00,Evening,3,140,Delhi -> Mumbai
1387,Delhi,Mumbai,23-06-2022,26-06-2022,IndiGo,6E-6278,08:45,11:00,2h 15m,non-stop,8579,5,23-06-2022 05:00,Morning,3,135,Delhi -> Mumbai
1388,Delhi,Mumbai,23-06-2022,26-06-2022,Vistara,UK-927,09:30,11:35,2h 5m,non-stop,8578,7,23-06-2022 07:00,Morning,3,125,Delhi -> Mumbai
1389,Delhi,Mumbai,23-06-2022,26-06-2022,Vistara,UK-995,10:20,12:35,2h 15m,non-stop,8578,1,23-06-2022 01:00,Night,3,135,Delhi -> Mumbai
1390,Delhi,Mumbai,23-06-2022,26-06-2022,IndiGo,6E-5342,10:45,12:50,2h 5m,non-stop,8579,11,23-06-2022 11:00,Morning,3,125,Delhi -> Mumbai
1391,Delhi,Mumbai,23-06-2022,26-06-2022,GO FIRST,G8-338,10:55,13:10,2h 15m,non-stop,8579,12,23-06-2022 12:00,Afternoon,3,135,Delhi -> Mumbai
1392,Delhi,Mumbai,23-06-2022,26-06-2022,IndiGo,6E-2138,11:55,13:55,2h 0m,non-stop,8579,20,23-06-2022 20:00,Evening,3,120,Delhi -> Mumbai
1393,Delhi,Mumbai,23-06-2022,26-06-2022,GO FIRST,G8-336,14:00,16:10,2h 10m,non-stop,8579,6,23-06-2022 06:00,Morning,3,130,Delhi -> Mumbai
1394,Delhi,Mumbai,23-06-2022,26-06-2022,IndiGo,6E-2176,14:10,16:20,2h 10m,non-stop,8579,9,23-06-2022 09:00,Morning,3,130,Delhi -> Mumbai
1395,Delhi,Mumbai,23-06-2022,26-06-2022,IndiGo,6E-5306,15:25,17:35,2h 10m,non-stop,8579,12,23-06-2022 12:00,Afternoon,3,130,Delhi -> Mumbai
1396,Delhi,Mumbai,23-06-2022,26-06-2022,IndiGo,6E-864,16:15,18:25,2h 10m,non-stop,8579,16,23-06-2022 16:00,Afternoon,3,130,Delhi -> Mumbai
1397,Delhi,Mumbai,23-06-2022,26-06-2022,Vistara,UK-941,16:45,19:05,2h 20m,non-stop,8578,20,23-06-2022 20:00,Evening,3,140,Delhi -> Mumbai
1398,Delhi,Mumbai,23-06-2022,26-06-2022,IndiGo,6E-5318,17:00,19:05,2h 5m,non-stop,8579,13,23-06-2022 13:00,Afternoon,3,125,Delhi -> Mumbai
1399,Delhi,Mumbai,23-06-2022,26-06-2022,IndiGo,6E-2017,18:10,20:25,2h 15m,non-stop,8579,1,23-06-2022 01:00,Night,3,135,Delhi -> Mumbai
1400,Delhi,Mumbai,23-06-2022,26-06-2022,SpiceJet,SG-8709,19:00,21:10,2h 10m,non-stop,8579,21,23-06-2022 21:00,Night,3,130,Delhi -> Mumbai
1401,Delhi,Mumbai,23-06-2022,26-06-2022,IndiGo,6E-6261,19:45,21:55,2h 10m,non-stop,8579,10,23-06-2022 10:00,Morning,3,130,Delhi -> Mumbai
1402,Delhi,Mumbai,23-06-2022,26-06-2022,SpiceJet,SG-8169,19:45,22:00,2h 15m,non-stop,8579,0,23-06-2022 00:00,Night,3,135,Delhi -> Mumbai
1403,Delhi,Mumbai,23-06-2022,26-06-2022,GO FIRST,G8-346,19:50,22:00,2h 10m,non-stop,8579,18,23-06-2022 18:00,Evening,3,130,Delhi -> Mumbai
1404,Delhi,Mumbai,23-06-2022,26-06-2022,GO FIRST,G8-328,20:55,23:25,2h 30m,non-stop,8579,20,23-06-2022 20:00,Evening,3,150,Delhi -> Mumbai
1405,Delhi,Mumbai,23-06-2022,26-06-2022,Air India,AI-605,21:15,23:35,2h 20m,non-stop,8580,3,23-06-2022 03:00,Night,3,140,Delhi -> Mumbai
1406,Delhi,Mumbai,23-06-2022,26-06-2022,SpiceJet,SG-711,21:40,23:55,2h 15m,non-stop,8579,18,23-06-2022 18:00,Evening,3,135,Delhi -> Mumbai
1407,Delhi,Mumbai,23-06-2022,26-06-2022,IndiGo,6E-2114,21:45,"00:10
+1D",2h 25m,non-stop,8579,20,23-06-2022 20:00,Evening,3,145,Delhi -> Mumbai
1408,Delhi,Mumbai,23-06-2022,26-06-2022,GO FIRST,G8-354,22:45,"01:00
+1D",2h 15m,non-stop,8579,10,23-06-2022 10:00,Morning,3,135,Delhi -> Mumbai
1409,Delhi,Mumbai,23-06-2022,26-06-2022,IndiGo,6E-2519,23:35,"01:40
+1D",2h 5m,non-stop,8579,7,23-06-2022 07:00,Morning,3,125,Delhi -> Mumbai
1410,Delhi,Mumbai,23-06-2022,26-06-2022,GO FIRST,G8-719,05:55,10:20,4h 25m,1 stop,8579,10,23-06-2022 10:00,Morning,3,265,Delhi -> Mumbai
1411,Delhi,Mumbai,23-06-2022,26-06-2022,SpiceJet,SG-2962,06:15,10:55,4h 40m,1 stop,8579,3,23-06-2022 03:00,Night,3,280,Delhi -> Mumbai
1412,Delhi,Mumbai,23-06-2022,26-06-2022,Vistara,UK-969,18:10,23:05,4h 55m,1 stop,8714,16,23-06-2022 16:00,Afternoon,3,295,Delhi -> Mumbai
1413,Delhi,Mumbai,23-06-2022,26-06-2022,GO FIRST,G8-190,05:20,10:45,5h 25m,1 stop,8579,6,23-06-2022 06:00,Morning,3,325,Delhi -> Mumbai
1414,Delhi,Mumbai,23-06-2022,26-06-2022,GO FIRST,G8-713,20:05,"02:00
+1D",5h 55m,1 stop,8579,7,23-06-2022 07:00,Morning,3,355,Delhi -> Mumbai
1415,Delhi,Mumbai,23-06-2022,26-06-2022,SpiceJet,SG-8373,09:50,16:10,6h 20m,1 stop,8579,2,23-06-2022 02:00,Night,3,380,Delhi -> Mumbai
1416,Delhi,Mumbai,23-06-2022,26-06-2022,SpiceJet,SG-751,11:30,18:00,6h 30m,1 stop,8579,21,23-06-2022 21:00,Night,3,390,Delhi -> Mumbai
1417,Delhi,Mumbai,23-06-2022,26-06-2022,GO FIRST,G8-717,13:35,19:40,6h 5m,1 stop,8579,1,23-06-2022 01:00,Night,3,365,Delhi -> Mumbai
1418,Delhi,Mumbai,23-06-2022,26-06-2022,SpiceJet,SG-8963,09:25,16:10,6h 45m,1 stop,8579,22,23-06-2022 22:00,Night,3,405,Delhi -> Mumbai
1419,Delhi,Mumbai,23-06-2022,26-06-2022,Vistara,UK-969,18:10,"06:15
+1D",12h 5m,1 stop,8714,14,23-06-2022 14:00,Afternoon,3,725,Delhi -> Mumbai
1420,Delhi,Mumbai,23-06-2022,26-06-2022,Vistara,UK-959,06:30,23:05,16h 35m,1 stop,8714,23,23-06-2022 23:00,Night,3,995,Delhi -> Mumbai
1421,Delhi,Mumbai,23-06-2022,26-06-2022,Vistara,UK-959,06:30,"06:15
+1D",23h 45m,1 stop,8714,21,23-06-2022 21:00,Night,3,1425,Delhi -> Mumbai
1422,Delhi,Mumbai,23-06-2022,26-06-2022,Air India,AI-665,08:00,10:10,2h 10m,non-stop,8790,21,23-06-2022 21:00,Night,3,130,Delhi -> Mumbai
1423,Delhi,Mumbai,23-06-2022,26-06-2022,Vistara,UK-963,08:50,11:10,2h 20m,non-stop,8895,4,23-06-2022 04:00,Night,3,140,Delhi -> Mumbai
1424,Delhi,Mumbai,23-06-2022,26-06-2022,Air India,AI-865,10:00,12:35,2h 35m,non-stop,8790,23,23-06-2022 23:00,Night,3,155,Delhi -> Mumbai
1425,Delhi,Mumbai,23-06-2022,26-06-2022,Air India,AI-863,14:00,16:15,2h 15m,non-stop,8790,0,23-06-2022 00:00,Night,3,135,Delhi -> Mumbai
1426,Delhi,Mumbai,23-06-2022,26-06-2022,Vistara,UK-955,17:45,20:05,2h 20m,non-stop,8895,3,23-06-2022 03:00,Night,3,140,Delhi -> Mumbai
1427,Delhi,Mumbai,23-06-2022,26-06-2022,GO FIRST,G8-323,18:45,21:00,2h 15m,non-stop,8935,14,23-06-2022 14:00,Afternoon,3,135,Delhi -> Mumbai
1428,Delhi,Mumbai,23-06-2022,26-06-2022,Vistara,UK-977,18:55,21:15,2h 20m,non-stop,8895,19,23-06-2022 19:00,Evening,3,140,Delhi -> Mumbai
1429,Delhi,Mumbai,23-06-2022,26-06-2022,Air India,AI-624,19:00,21:15,2h 15m,non-stop,8790,18,23-06-2022 18:00,Evening,3,135,Delhi -> Mumbai
1430,Delhi,Mumbai,23-06-2022,26-06-2022,Air India,AI-805,20:00,22:10,2h 10m,non-stop,8790,2,23-06-2022 02:00,Night,3,130,Delhi -> Mumbai
1431,Delhi,Mumbai,23-06-2022,26-06-2022,Air India,AI-636,14:30,18:10,3h 40m,1 stop,8790,19,23-06-2022 19:00,Evening,3,220,Delhi -> Mumbai
1432,Delhi,Mumbai,23-06-2022,26-06-2022,Air India,AI-441,17:55,22:10,4h 15m,1 stop,8790,10,23-06-2022 10:00,Morning,3,255,Delhi -> Mumbai
1433,Delhi,Mumbai,23-06-2022,26-06-2022,Air Asia,I5-744,07:25,14:05,6h 40m,1 stop,9107,16,23-06-2022 16:00,Afternoon,3,400,Delhi -> Mumbai
1434,Delhi,Mumbai,23-06-2022,26-06-2022,Air Asia,I5-798,12:50,19:15,6h 25m,1 stop,9107,12,23-06-2022 12:00,Afternoon,3,385,Delhi -> Mumbai
1435,Delhi,Mumbai,23-06-2022,26-06-2022,Air Asia,I5-552,10:40,19:15,8h 35m,1 stop,9107,10,23-06-2022 10:00,Morning,3,515,Delhi -> Mumbai
1436,Delhi,Mumbai,23-06-2022,26-06-2022,Vistara,UK-929,21:20,"06:15
+1D",8h 55m,1 stop,9031,1,23-06-2022 01:00,Night,3,535,Delhi -> Mumbai
1437,Delhi,Mumbai,23-06-2022,26-06-2022,Air Asia,I5-798,12:50,23:45,10h 55m,1 stop,9107,8,23-06-2022 08:00,Morning,3,655,Delhi -> Mumbai
1438,Delhi,Mumbai,23-06-2022,26-06-2022,Vistara,UK-929,21:20,"09:40
+1D",12h 20m,1 stop,9031,1,23-06-2022 01:00,Night,3,740,Delhi -> Mumbai
1439,Delhi,Mumbai,23-06-2022,26-06-2022,Vistara,UK-969,18:10,"09:40
+1D",15h 30m,1 stop,9031,20,23-06-2022 20:00,Evening,3,930,Delhi -> Mumbai
1440,Delhi,Mumbai,23-06-2022,26-06-2022,Vistara,UK-929,21:20,"23:05
+1D",25h 45m,1 stop,9031,8,23-06-2022 08:00,Morning,3,1545,Delhi -> Mumbai
1441,Delhi,Mumbai,23-06-2022,26-06-2022,Vistara,UK-945,11:40,14:00,2h 20m,non-stop,9315,8,23-06-2022 08:00,Morning,3,140,Delhi -> Mumbai
1442,Delhi,Mumbai,23-06-2022,26-06-2022,Vistara,UK-993,12:50,15:00,2h 10m,non-stop,9315,7,23-06-2022 07:00,Morning,3,130,Delhi -> Mumbai
1443,Delhi,Mumbai,23-06-2022,26-06-2022,Vistara,UK-933,15:30,17:40,2h 10m,non-stop,9315,16,23-06-2022 16:00,Afternoon,3,130,Delhi -> Mumbai
1444,Delhi,Mumbai,23-06-2022,26-06-2022,Vistara,UK-985,19:45,21:55,2h 10m,non-stop,9315,0,23-06-2022 00:00,Night,3,130,Delhi -> Mumbai
1445,Delhi,Mumbai,23-06-2022,26-06-2022,Vistara,UK-953,20:40,22:50,2h 10m,non-stop,9315,10,23-06-2022 10:00,Morning,3,130,Delhi -> Mumbai
1446,Delhi,Mumbai,23-06-2022,26-06-2022,Air Asia,I5-753,13:00,14:50,1h 50m,non-stop,9661,7,23-06-2022 07:00,Morning,3,110,Delhi -> Mumbai
1447,Delhi,Mumbai,23-06-2022,26-06-2022,Vistara,UK-951,14:20,16:30,2h 10m,non-stop,9840,9,23-06-2022 09:00,Morning,3,130,Delhi -> Mumbai
1448,Delhi,Mumbai,23-06-2022,26-06-2022,Vistara,UK-981,21:30,23:30,2h 0m,non-stop,9840,6,23-06-2022 06:00,Morning,3,120,Delhi -> Mumbai
1449,Delhi,Mumbai,23-06-2022,26-06-2022,IndiGo,6E-7403,07:20,12:05,4h 45m,1 stop,10522,2,23-06-2022 02:00,Night,3,285,Delhi -> Mumbai
1450,Delhi,Mumbai,23-06-2022,26-06-2022,Air Asia,I5-1529,09:35,20:40,11h 5m,1 stop,11431,2,23-06-2022 02:00,Night,3,665,Delhi -> Mumbai
1451,Delhi,Mumbai,23-06-2022,26-06-2022,IndiGo,6E-761,18:45,"00:05
+1D",5h 20m,1 stop,12412,17,23-06-2022 17:00,Evening,3,320,Delhi -> Mumbai
1452,Delhi,Mumbai,23-06-2022,26-06-2022,IndiGo,6E-6373,06:30,11:20,4h 50m,1 stop,12622,4,23-06-2022 04:00,Night,3,290,Delhi -> Mumbai
1453,Delhi,Mumbai,23-06-2022,26-06-2022,IndiGo,6E-2168,17:50,22:10,4h 20m,1 stop,12622,11,23-06-2022 11:00,Morning,3,260,Delhi -> Mumbai
1454,Delhi,Mumbai,23-06-2022,26-06-2022,IndiGo,6.00E-153,19:35,"00:20
+1D",4h 45m,1 stop,12622,11,23-06-2022 11:00,Morning,3,285,Delhi -> Mumbai
1455,Delhi,Mumbai,23-06-2022,26-06-2022,IndiGo,6E-2033,00:15,05:30,5h 15m,1 stop,12622,18,23-06-2022 18:00,Evening,3,315,Delhi -> Mumbai
1456,Delhi,Mumbai,23-06-2022,26-06-2022,IndiGo,6E-2077,05:20,10:35,5h 15m,1 stop,12622,5,23-06-2022 05:00,Morning,3,315,Delhi -> Mumbai
1457,Delhi,Mumbai,23-06-2022,26-06-2022,Vistara,UK-913,05:55,15:50,9h 55m,1 stop,12670,1,23-06-2022 01:00,Night,3,595,Delhi -> Mumbai
1458,Delhi,Mumbai,23-06-2022,26-06-2022,Vistara,UK-935,18:00,"15:50
+1D",21h 50m,1 stop,12670,11,23-06-2022 11:00,Morning,3,1310,Delhi -> Mumbai
1459,Delhi,Mumbai,23-06-2022,26-06-2022,Air India,AI-497,05:15,09:20,4h 5m,1 stop,12885,18,23-06-2022 18:00,Evening,3,245,Delhi -> Mumbai
1460,Delhi,Mumbai,23-06-2022,26-06-2022,IndiGo,6E-6939,17:20,21:45,4h 25m,1 stop,13042,4,23-06-2022 04:00,Night,3,265,Delhi -> Mumbai
1461,Delhi,Mumbai,23-06-2022,26-06-2022,IndiGo,6E-6022,11:15,16:55,5h 40m,1 stop,13252,11,23-06-2022 11:00,Morning,3,340,Delhi -> Mumbai
1462,Delhi,Mumbai,23-06-2022,26-06-2022,Air India,AI-403,12:50,19:15,6h 25m,1 stop,14427,16,23-06-2022 16:00,Afternoon,3,385,Delhi -> Mumbai
1463,Delhi,Mumbai,23-06-2022,26-06-2022,Air India,AI-883,22:00,"08:05
+1D",10h 5m,1 stop,14460,16,23-06-2022 16:00,Afternoon,3,605,Delhi -> Mumbai
1464,Delhi,Mumbai,23-06-2022,26-06-2022,Vistara,UK-781,17:50,23:30,5h 40m,1 stop,15505,9,23-06-2022 09:00,Morning,3,340,Delhi -> Mumbai
1465,Delhi,Mumbai,23-06-2022,26-06-2022,Air India,AI-406,10:15,15:40,5h 25m,1 stop,16245,22,23-06-2022 22:00,Night,3,325,Delhi -> Mumbai
1466,Delhi,Mumbai,23-06-2022,26-06-2022,Vistara,UK-673,13:20,18:20,5h 0m,1 stop,16769,16,23-06-2022 16:00,Afternoon,3,300,Delhi -> Mumbai
1467,Delhi,Mumbai,23-06-2022,26-06-2022,SpiceJet,SG-8171,12:05,18:50,6h 45m,1 stop,16775,14,23-06-2022 14:00,Afternoon,3,405,Delhi -> Mumbai
1468,Delhi,Mumbai,23-06-2022,26-06-2022,Air India,AI-504,21:15,"08:35
+1D",11h 20m,1 stop,16875,11,23-06-2022 11:00,Morning,3,680,Delhi -> Mumbai
1469,Delhi,Mumbai,23-06-2022,26-06-2022,Vistara,UK-637,17:10,22:20,5h 10m,1 stop,16977,15,23-06-2022 15:00,Afternoon,3,310,Delhi -> Mumbai
1470,Delhi,Mumbai,23-06-2022,26-06-2022,Vistara,UK-879,17:35,23:00,5h 25m,1 stop,17084,23,23-06-2022 23:00,Night,3,325,Delhi -> Mumbai
1471,Delhi,Mumbai,23-06-2022,26-06-2022,Air India,AI-504,21:15,"10:35
+1D",13h 20m,1 stop,17085,18,23-06-2022 18:00,Evening,3,800,Delhi -> Mumbai
1472,Delhi,Mumbai,23-06-2022,26-06-2022,Vistara,UK-643,14:10,19:00,4h 50m,1 stop,17504,7,23-06-2022 07:00,Morning,3,290,Delhi -> Mumbai
1473,Delhi,Mumbai,23-06-2022,26-06-2022,Vistara,UK-707,17:30,23:30,6h 0m,1 stop,17605,20,23-06-2022 20:00,Evening,3,360,Delhi -> Mumbai
1474,Delhi,Mumbai,23-06-2022,26-06-2022,Air India,AI-540,20:40,"08:05
+1D",11h 25m,1 stop,17820,16,23-06-2022 16:00,Afternoon,3,685,Delhi -> Mumbai
1475,Delhi,Mumbai,23-06-2022,26-06-2022,GO FIRST,G8-300,08:50,14:40,5h 50m,1 stop,18554,22,23-06-2022 22:00,Night,3,350,Delhi -> Mumbai
1476,Delhi,Mumbai,23-06-2022,26-06-2022,Vistara,UK-705,07:30,13:00,5h 30m,1 stop,18867,4,23-06-2022 04:00,Night,3,330,Delhi -> Mumbai
1477,Delhi,Mumbai,23-06-2022,26-06-2022,Air India,AI-885,10:45,16:35,5h 50m,1 stop,18870,21,23-06-2022 21:00,Night,3,350,Delhi -> Mumbai
1478,Delhi,Mumbai,23-06-2022,26-06-2022,Vistara,UK-899,14:45,20:30,5h 45m,1 stop,20129,15,23-06-2022 15:00,Afternoon,3,345,Delhi -> Mumbai
1479,Delhi,Mumbai,23-06-2022,26-06-2022,Air India,AI-506,09:45,21:05,11h 20m,1 stop,20970,5,23-06-2022 05:00,Morning,3,680,Delhi -> Mumbai
1480,Delhi,Mumbai,23-06-2022,26-06-2022,Air India,AI-767,12:10,20:15,8h 5m,1 stop,21495,7,23-06-2022 07:00,Morning,3,485,Delhi -> Mumbai
1481,Delhi,Mumbai,23-06-2022,26-06-2022,Air India,AI-801,15:00,22:40,7h 40m,1 stop,21653,17,23-06-2022 17:00,Evening,3,460,Delhi -> Mumbai
1482,Delhi,Mumbai,23-06-2022,26-06-2022,Air India,AI-502,13:30,21:05,7h 35m,1 stop,25170,11,23-06-2022 11:00,Morning,3,455,Delhi -> Mumbai
1483,Delhi,Mumbai,23-06-2022,26-06-2022,GO FIRST,G8-190,05:20,11:30,6h 10m,1 stop,25887,14,23-06-2022 14:00,Afternoon,3,370,Delhi -> Mumbai
1484,Delhi,Mumbai,23-06-2022,26-06-2022,Vistara,UK-817,16:05,21:50,5h 45m,1 stop,26534,8,23-06-2022 08:00,Morning,3,345,Delhi -> Mumbai
1485,Delhi,Mumbai,23-06-2022,26-06-2022,Vistara,UK-813,17:35,23:25,5h 50m,1 stop,27794,12,23-06-2022 12:00,Afternoon,3,350,Delhi -> Mumbai
1486,Delhi,Mumbai,23-06-2022,26-06-2022,Vistara,UK-819,14:15,20:15,6h 0m,1 stop,28844,14,23-06-2022 14:00,Afternoon,3,360,Delhi -> Mumbai
1487,Delhi,Mumbai,23-06-2022,27-06-2022,GO FIRST,G8-2501,02:40,04:50,2h 10m,non-stop,8579,9,23-06-2022 09:00,Morning,4,130,Delhi -> Mumbai
1488,Delhi,Mumbai,23-06-2022,27-06-2022,Vistara,UK-975,05:55,07:55,2h 0m,non-stop,8578,15,23-06-2022 15:00,Afternoon,4,120,Delhi -> Mumbai
1489,Delhi,Mumbai,23-06-2022,27-06-2022,IndiGo,6E-5023,06:30,08:35,2h 5m,non-stop,8579,6,23-06-2022 06:00,Morning,4,125,Delhi -> Mumbai
1490,Delhi,Mumbai,23-06-2022,27-06-2022,GO FIRST,G8-334,07:00,09:15,2h 15m,non-stop,8579,16,23-06-2022 16:00,Afternoon,4,135,Delhi -> Mumbai
1491,Delhi,Mumbai,23-06-2022,27-06-2022,IndiGo,6E-6814,07:20,09:25,2h 5m,non-stop,8579,22,23-06-2022 22:00,Night,4,125,Delhi -> Mumbai
1492,Delhi,Mumbai,23-06-2022,27-06-2022,SpiceJet,SG-8701,07:20,09:35,2h 15m,non-stop,8579,20,23-06-2022 20:00,Evening,4,135,Delhi -> Mumbai
1493,Delhi,Mumbai,23-06-2022,27-06-2022,IndiGo,6E-2129,08:00,10:20,2h 20m,non-stop,8579,21,23-06-2022 21:00,Night,4,140,Delhi -> Mumbai
1494,Delhi,Mumbai,23-06-2022,27-06-2022,IndiGo,6E-6278,08:45,11:00,2h 15m,non-stop,8579,6,23-06-2022 06:00,Morning,4,135,Delhi -> Mumbai
1495,Delhi,Mumbai,23-06-2022,27-06-2022,Vistara,UK-995,10:20,12:35,2h 15m,non-stop,8578,13,23-06-2022 13:00,Afternoon,4,135,Delhi -> Mumbai
1496,Delhi,Mumbai,23-06-2022,27-06-2022,IndiGo,6E-5342,10:45,12:50,2h 5m,non-stop,8579,14,23-06-2022 14:00,Afternoon,4,125,Delhi -> Mumbai
1497,Delhi,Mumbai,23-06-2022,27-06-2022,GO FIRST,G8-338,10:55,13:10,2h 15m,non-stop,8579,20,23-06-2022 20:00,Evening,4,135,Delhi -> Mumbai
1498,Delhi,Mumbai,23-06-2022,27-06-2022,IndiGo,6E-2138,11:55,13:55,2h 0m,non-stop,8579,6,23-06-2022 06:00,Morning,4,120,Delhi -> Mumbai
1499,Delhi,Mumbai,23-06-2022,27-06-2022,Vistara,UK-993,12:50,15:00,2h 10m,non-stop,8578,8,23-06-2022 08:00,Morning,4,130,Delhi -> Mumbai
1500,Delhi,Mumbai,23-06-2022,27-06-2022,GO FIRST,G8-336,14:00,16:10,2h 10m,non-stop,8579,18,23-06-2022 18:00,Evening,4,130,Delhi -> Mumbai
1501,Delhi,Mumbai,23-06-2022,27-06-2022,Air India,AI-863,14:00,16:15,2h 15m,non-stop,8580,15,23-06-2022 15:00,Afternoon,4,135,Delhi -> Mumbai
1502,Delhi,Mumbai,23-06-2022,27-06-2022,IndiGo,6E-2176,14:10,16:20,2h 10m,non-stop,8579,7,23-06-2022 07:00,Morning,4,130,Delhi -> Mumbai
1503,Delhi,Mumbai,23-06-2022,27-06-2022,Vistara,UK-951,14:20,16:30,2h 10m,non-stop,8578,17,23-06-2022 17:00,Evening,4,130,Delhi -> Mumbai
1504,Delhi,Mumbai,23-06-2022,27-06-2022,IndiGo,6E-5306,15:25,17:35,2h 10m,non-stop,8579,22,23-06-2022 22:00,Night,4,130,Delhi -> Mumbai
1505,Delhi,Mumbai,23-06-2022,27-06-2022,Vistara,UK-933,15:30,17:40,2h 10m,non-stop,8578,17,23-06-2022 17:00,Evening,4,130,Delhi -> Mumbai
1506,Delhi,Mumbai,23-06-2022,27-06-2022,IndiGo,6E-864,16:15,18:25,2h 10m,non-stop,8579,19,23-06-2022 19:00,Evening,4,130,Delhi -> Mumbai
1507,Delhi,Mumbai,23-06-2022,27-06-2022,Vistara,UK-941,16:45,19:05,2h 20m,non-stop,8578,6,23-06-2022 06:00,Morning,4,140,Delhi -> Mumbai
1508,Delhi,Mumbai,23-06-2022,27-06-2022,IndiGo,6E-5318,17:00,19:05,2h 5m,non-stop,8579,2,23-06-2022 02:00,Night,4,125,Delhi -> Mumbai
1509,Delhi,Mumbai,23-06-2022,27-06-2022,Vistara,UK-955,17:45,20:05,2h 20m,non-stop,8578,17,23-06-2022 17:00,Evening,4,140,Delhi -> Mumbai
1510,Delhi,Mumbai,23-06-2022,27-06-2022,IndiGo,6E-2017,18:10,20:25,2h 15m,non-stop,8579,9,23-06-2022 09:00,Morning,4,135,Delhi -> Mumbai
1511,Delhi,Mumbai,23-06-2022,27-06-2022,GO FIRST,G8-323,18:45,21:00,2h 15m,non-stop,8579,6,23-06-2022 06:00,Morning,4,135,Delhi -> Mumbai
1512,Delhi,Mumbai,23-06-2022,27-06-2022,Vistara,UK-977,18:55,21:15,2h 20m,non-stop,8578,16,23-06-2022 16:00,Afternoon,4,140,Delhi -> Mumbai
1513,Delhi,Mumbai,23-06-2022,27-06-2022,SpiceJet,SG-8709,19:00,21:10,2h 10m,non-stop,8579,13,23-06-2022 13:00,Afternoon,4,130,Delhi -> Mumbai
1514,Delhi,Mumbai,23-06-2022,27-06-2022,Air India,AI-624,19:00,21:15,2h 15m,non-stop,8580,23,23-06-2022 23:00,Night,4,135,Delhi -> Mumbai
1515,Delhi,Mumbai,23-06-2022,27-06-2022,Vistara,UK-985,19:45,21:55,2h 10m,non-stop,8578,2,23-06-2022 02:00,Night,4,130,Delhi -> Mumbai
1516,Delhi,Mumbai,23-06-2022,27-06-2022,IndiGo,6E-6261,19:45,21:55,2h 10m,non-stop,8579,11,23-06-2022 11:00,Morning,4,130,Delhi -> Mumbai
1517,Delhi,Mumbai,23-06-2022,27-06-2022,SpiceJet,SG-8169,19:45,22:00,2h 15m,non-stop,8579,12,23-06-2022 12:00,Afternoon,4,135,Delhi -> Mumbai
1518,Delhi,Mumbai,23-06-2022,27-06-2022,Air India,AI-805,20:00,22:10,2h 10m,non-stop,8580,1,23-06-2022 01:00,Night,4,130,Delhi -> Mumbai
1519,Delhi,Mumbai,23-06-2022,27-06-2022,Vistara,UK-953,20:40,22:50,2h 10m,non-stop,8578,2,23-06-2022 02:00,Night,4,130,Delhi -> Mumbai
1520,Delhi,Mumbai,23-06-2022,27-06-2022,GO FIRST,G8-328,20:55,23:25,2h 30m,non-stop,8579,4,23-06-2022 04:00,Night,4,150,Delhi -> Mumbai
1521,Delhi,Mumbai,23-06-2022,27-06-2022,Air India,AI-605,21:15,23:35,2h 20m,non-stop,8580,10,23-06-2022 10:00,Morning,4,140,Delhi -> Mumbai
1522,Delhi,Mumbai,23-06-2022,27-06-2022,Vistara,UK-981,21:30,23:30,2h 0m,non-stop,8578,7,23-06-2022 07:00,Morning,4,120,Delhi -> Mumbai
1523,Delhi,Mumbai,23-06-2022,27-06-2022,SpiceJet,SG-711,21:40,23:55,2h 15m,non-stop,8579,22,23-06-2022 22:00,Night,4,135,Delhi -> Mumbai
1524,Delhi,Mumbai,23-06-2022,27-06-2022,IndiGo,6E-2114,21:45,"00:10
+1D",2h 25m,non-stop,8579,22,23-06-2022 22:00,Night,4,145,Delhi -> Mumbai
1525,Delhi,Mumbai,23-06-2022,27-06-2022,GO FIRST,G8-354,22:45,"01:00
+1D",2h 15m,non-stop,8579,11,23-06-2022 11:00,Morning,4,135,Delhi -> Mumbai
1526,Delhi,Mumbai,23-06-2022,27-06-2022,IndiGo,6E-2519,23:35,"01:40
+1D",2h 5m,non-stop,8579,6,23-06-2022 06:00,Morning,4,125,Delhi -> Mumbai
1527,Delhi,Mumbai,23-06-2022,27-06-2022,Air India,AI-865,10:00,12:35,2h 35m,non-stop,8580,14,23-06-2022 14:00,Afternoon,4,155,Delhi -> Mumbai
1528,Delhi,Mumbai,23-06-2022,27-06-2022,Air India,AI-636,14:30,18:10,3h 40m,1 stop,8580,23,23-06-2022 23:00,Night,4,220,Delhi -> Mumbai
1529,Delhi,Mumbai,23-06-2022,27-06-2022,GO FIRST,G8-719,05:55,10:20,4h 25m,1 stop,8579,16,23-06-2022 16:00,Afternoon,4,265,Delhi -> Mumbai
1530,Delhi,Mumbai,23-06-2022,27-06-2022,SpiceJet,SG-2962,06:15,10:55,4h 40m,1 stop,8579,3,23-06-2022 03:00,Night,4,280,Delhi -> Mumbai
1531,Delhi,Mumbai,23-06-2022,27-06-2022,Air India,AI-441,17:55,22:10,4h 15m,1 stop,8580,21,23-06-2022 21:00,Night,4,255,Delhi -> Mumbai
1532,Delhi,Mumbai,23-06-2022,27-06-2022,GO FIRST,G8-190,05:20,10:45,5h 25m,1 stop,8579,12,23-06-2022 12:00,Afternoon,4,325,Delhi -> Mumbai
1533,Delhi,Mumbai,23-06-2022,27-06-2022,GO FIRST,G8-190,05:20,11:30,6h 10m,1 stop,8579,17,23-06-2022 17:00,Evening,4,370,Delhi -> Mumbai
1534,Delhi,Mumbai,23-06-2022,27-06-2022,SpiceJet,SG-8373,09:50,16:10,6h 20m,1 stop,8579,0,23-06-2022 00:00,Night,4,380,Delhi -> Mumbai
1535,Delhi,Mumbai,23-06-2022,27-06-2022,SpiceJet,SG-751,11:30,18:00,6h 30m,1 stop,8579,15,23-06-2022 15:00,Afternoon,4,390,Delhi -> Mumbai
1536,Delhi,Mumbai,23-06-2022,27-06-2022,GO FIRST,G8-717,13:35,19:40,6h 5m,1 stop,8579,12,23-06-2022 12:00,Afternoon,4,365,Delhi -> Mumbai
1537,Delhi,Mumbai,23-06-2022,27-06-2022,GO FIRST,G8-713,20:05,"02:40
+1D",6h 35m,1 stop,8579,9,23-06-2022 09:00,Morning,4,395,Delhi -> Mumbai
1538,Delhi,Mumbai,23-06-2022,27-06-2022,SpiceJet,SG-8963,09:25,16:10,6h 45m,1 stop,8579,11,23-06-2022 11:00,Morning,4,405,Delhi -> Mumbai
1539,Delhi,Mumbai,23-06-2022,27-06-2022,SpiceJet,SG-8171,12:05,18:50,6h 45m,1 stop,8579,1,23-06-2022 01:00,Night,4,405,Delhi -> Mumbai
1540,Delhi,Mumbai,23-06-2022,27-06-2022,Air India,AI-887,07:00,09:05,2h 5m,non-stop,8790,22,23-06-2022 22:00,Night,4,125,Delhi -> Mumbai
1541,Delhi,Mumbai,23-06-2022,27-06-2022,Air India,AI-665,08:00,10:10,2h 10m,non-stop,8790,2,23-06-2022 02:00,Night,4,130,Delhi -> Mumbai
1542,Delhi,Mumbai,23-06-2022,27-06-2022,Vistara,UK-927,09:30,11:35,2h 5m,non-stop,8895,9,23-06-2022 09:00,Morning,4,125,Delhi -> Mumbai
1543,Delhi,Mumbai,23-06-2022,27-06-2022,Vistara,UK-945,11:40,14:00,2h 20m,non-stop,8895,1,23-06-2022 01:00,Night,4,140,Delhi -> Mumbai
1544,Delhi,Mumbai,23-06-2022,27-06-2022,Vistara,UK-969,18:10,23:05,4h 55m,1 stop,9031,22,23-06-2022 22:00,Night,4,295,Delhi -> Mumbai
1545,Delhi,Mumbai,23-06-2022,27-06-2022,Vistara,UK-929,21:20,"06:15
+1D",8h 55m,1 stop,9031,12,23-06-2022 12:00,Afternoon,4,535,Delhi -> Mumbai
1546,Delhi,Mumbai,23-06-2022,27-06-2022,Air Asia,I5-740,08:10,20:40,12h 30m,1 stop,9107,12,23-06-2022 12:00,Afternoon,4,750,Delhi -> Mumbai
1547,Delhi,Mumbai,23-06-2022,27-06-2022,Vistara,UK-969,18:10,"06:15
+1D",12h 5m,1 stop,9031,17,23-06-2022 17:00,Evening,4,725,Delhi -> Mumbai
1548,Delhi,Mumbai,23-06-2022,27-06-2022,Vistara,UK-929,21:20,"09:40
+1D",12h 20m,1 stop,9031,2,23-06-2022 02:00,Night,4,740,Delhi -> Mumbai
1549,Delhi,Mumbai,23-06-2022,27-06-2022,Air Asia,I5-552,10:40,23:45,13h 5m,1 stop,9107,6,23-06-2022 06:00,Morning,4,785,Delhi -> Mumbai
1550,Delhi,Mumbai,23-06-2022,27-06-2022,Vistara,UK-969,18:10,"09:40
+1D",15h 30m,1 stop,9031,13,23-06-2022 13:00,Afternoon,4,930,Delhi -> Mumbai
1551,Delhi,Mumbai,23-06-2022,27-06-2022,Vistara,UK-929,21:20,"23:05
+1D",25h 45m,1 stop,9031,19,23-06-2022 19:00,Evening,4,1545,Delhi -> Mumbai
1552,Delhi,Mumbai,23-06-2022,27-06-2022,Vistara,UK-963,08:50,11:10,2h 20m,non-stop,9315,16,23-06-2022 16:00,Afternoon,4,140,Delhi -> Mumbai
1553,Delhi,Mumbai,23-06-2022,27-06-2022,Vistara,UK-959,06:30,23:05,16h 35m,1 stop,9976,20,23-06-2022 20:00,Evening,4,995,Delhi -> Mumbai
1554,Delhi,Mumbai,23-06-2022,27-06-2022,Vistara,UK-959,06:30,"06:15
+1D",23h 45m,1 stop,9976,11,23-06-2022 11:00,Morning,4,1425,Delhi -> Mumbai
1555,Delhi,Mumbai,23-06-2022,27-06-2022,IndiGo,6E-7403,07:20,12:05,4h 45m,1 stop,10522,15,23-06-2022 15:00,Afternoon,4,285,Delhi -> Mumbai
1556,Delhi,Mumbai,23-06-2022,27-06-2022,IndiGo,6E-761,18:45,"00:05
+1D",5h 20m,1 stop,10942,23,23-06-2022 23:00,Night,4,320,Delhi -> Mumbai
1557,Delhi,Mumbai,23-06-2022,27-06-2022,Vistara,UK-943,07:30,09:45,2h 15m,non-stop,11205,11,23-06-2022 11:00,Morning,4,135,Delhi -> Mumbai
1558,Delhi,Mumbai,23-06-2022,27-06-2022,Air India,AI-481,08:40,"09:40
+1D",25h 0m,1 stop,11382,14,23-06-2022 14:00,Afternoon,4,1500,Delhi -> Mumbai
1559,Delhi,Mumbai,23-06-2022,27-06-2022,IndiGo,6E-6373,06:30,11:20,4h 50m,1 stop,12622,9,23-06-2022 09:00,Morning,4,290,Delhi -> Mumbai
1560,Delhi,Mumbai,23-06-2022,27-06-2022,IndiGo,6E-2168,17:50,22:10,4h 20m,1 stop,12622,6,23-06-2022 06:00,Morning,4,260,Delhi -> Mumbai
1561,Delhi,Mumbai,23-06-2022,27-06-2022,IndiGo,6.00E-153,19:35,"00:20
+1D",4h 45m,1 stop,12622,19,23-06-2022 19:00,Evening,4,285,Delhi -> Mumbai
1562,Delhi,Mumbai,23-06-2022,27-06-2022,IndiGo,6E-2033,00:15,05:30,5h 15m,1 stop,12622,4,23-06-2022 04:00,Night,4,315,Delhi -> Mumbai
1563,Delhi,Mumbai,23-06-2022,27-06-2022,IndiGo,6E-2077,05:20,10:35,5h 15m,1 stop,12622,0,23-06-2022 00:00,Night,4,315,Delhi -> Mumbai
1564,Delhi,Mumbai,23-06-2022,27-06-2022,Air India,AI-621,13:05,18:10,5h 5m,1 stop,12675,16,23-06-2022 16:00,Afternoon,4,305,Delhi -> Mumbai
1565,Delhi,Mumbai,23-06-2022,27-06-2022,IndiGo,6E-2141,13:35,18:45,5h 10m,1 stop,12622,2,23-06-2022 02:00,Night,4,310,Delhi -> Mumbai
1566,Delhi,Mumbai,23-06-2022,27-06-2022,IndiGo,6E-6022,11:15,16:55,5h 40m,1 stop,12622,12,23-06-2022 12:00,Afternoon,4,340,Delhi -> Mumbai
1567,Delhi,Mumbai,23-06-2022,27-06-2022,Air India,AI-497,05:15,09:20,4h 5m,1 stop,12885,13,23-06-2022 13:00,Afternoon,4,245,Delhi -> Mumbai
1568,Delhi,Mumbai,23-06-2022,27-06-2022,Vistara,UK-637,17:10,22:20,5h 10m,1 stop,13615,23,23-06-2022 23:00,Night,4,310,Delhi -> Mumbai
1569,Delhi,Mumbai,23-06-2022,27-06-2022,Vistara,UK-879,17:35,23:00,5h 25m,1 stop,14140,17,23-06-2022 17:00,Evening,4,325,Delhi -> Mumbai
1570,Delhi,Mumbai,23-06-2022,27-06-2022,Air India,AI-403,12:50,19:15,6h 25m,1 stop,14007,3,23-06-2022 03:00,Night,4,385,Delhi -> Mumbai
1571,Delhi,Mumbai,23-06-2022,27-06-2022,Air India,AI-883,22:00,"08:05
+1D",10h 5m,1 stop,14460,17,23-06-2022 17:00,Evening,4,605,Delhi -> Mumbai
1572,Delhi,Mumbai,23-06-2022,27-06-2022,Air India,AI-885,10:45,"00:35
+1D",13h 50m,1 stop,14460,4,23-06-2022 04:00,Night,4,830,Delhi -> Mumbai
1573,Delhi,Mumbai,23-06-2022,27-06-2022,Air India,AI-560,07:10,23:50,16h 40m,1 stop,14355,15,23-06-2022 15:00,Afternoon,4,1000,Delhi -> Mumbai
1574,Delhi,Mumbai,23-06-2022,27-06-2022,Air India,AI-883,22:00,"16:35
+1D",18h 35m,1 stop,14460,0,23-06-2022 00:00,Night,4,1115,Delhi -> Mumbai
1575,Delhi,Mumbai,23-06-2022,27-06-2022,Air India,AI-885,10:45,16:35,5h 50m,1 stop,14670,20,23-06-2022 20:00,Evening,4,350,Delhi -> Mumbai
1576,Delhi,Mumbai,23-06-2022,27-06-2022,Vistara,UK-899,14:45,20:30,5h 45m,1 stop,14774,13,23-06-2022 13:00,Afternoon,4,345,Delhi -> Mumbai
1577,Delhi,Mumbai,23-06-2022,27-06-2022,GO FIRST,G8-213,11:50,18:25,6h 35m,1 stop,15266,14,23-06-2022 14:00,Afternoon,4,395,Delhi -> Mumbai
1578,Delhi,Mumbai,23-06-2022,27-06-2022,Air India,AI-411,07:05,16:25,9h 20m,1 stop,15195,8,23-06-2022 08:00,Morning,4,560,Delhi -> Mumbai
1579,Delhi,Mumbai,23-06-2022,27-06-2022,Vistara,UK-781,17:50,23:30,5h 40m,1 stop,15505,14,23-06-2022 14:00,Afternoon,4,340,Delhi -> Mumbai
1580,Delhi,Mumbai,23-06-2022,27-06-2022,Air India,AI-542,09:45,23:50,14h 5m,1 stop,15405,16,23-06-2022 16:00,Afternoon,4,845,Delhi -> Mumbai
1581,Delhi,Mumbai,23-06-2022,27-06-2022,Air India,AI-479,21:15,"11:35
+1D",14h 20m,1 stop,15575,23,23-06-2022 23:00,Night,4,860,Delhi -> Mumbai
1582,Delhi,Mumbai,23-06-2022,27-06-2022,Air India,AI-415,16:45,"12:05
+1D",19h 20m,1 stop,15541,3,23-06-2022 03:00,Night,4,1160,Delhi -> Mumbai
1583,Delhi,Mumbai,23-06-2022,27-06-2022,Air India,AI-406,10:15,15:40,5h 25m,1 stop,15615,11,23-06-2022 11:00,Morning,4,325,Delhi -> Mumbai
1584,Delhi,Mumbai,23-06-2022,27-06-2022,Vistara,UK-673,13:20,18:20,5h 0m,1 stop,15612,4,23-06-2022 04:00,Night,4,300,Delhi -> Mumbai
1585,Delhi,Mumbai,23-06-2022,27-06-2022,Air India,AI-877,11:10,17:15,6h 5m,1 stop,15720,4,23-06-2022 04:00,Night,4,365,Delhi -> Mumbai
1586,Delhi,Mumbai,23-06-2022,27-06-2022,Air India,AI-473,18:40,"17:15
+1D",22h 35m,1 stop,15720,10,23-06-2022 10:00,Morning,4,1355,Delhi -> Mumbai
1587,Delhi,Mumbai,23-06-2022,27-06-2022,Air India,AI-504,21:15,"08:35
+1D",11h 20m,1 stop,16140,5,23-06-2022 05:00,Morning,4,680,Delhi -> Mumbai
1588,Delhi,Mumbai,23-06-2022,27-06-2022,Air India,AI-504,21:15,"10:35
+1D",13h 20m,1 stop,16140,6,23-06-2022 06:00,Morning,4,800,Delhi -> Mumbai
1589,Delhi,Mumbai,23-06-2022,27-06-2022,Air India,AI-807,16:45,"08:35
+1D",15h 50m,1 stop,16140,23,23-06-2022 23:00,Night,4,950,Delhi -> Mumbai
1590,Delhi,Mumbai,23-06-2022,27-06-2022,Air India,AI-807,16:45,"10:35
+1D",17h 50m,1 stop,16140,13,23-06-2022 13:00,Afternoon,4,1070,Delhi -> Mumbai
1591,Delhi,Mumbai,23-06-2022,27-06-2022,Vistara,UK-813,17:35,23:25,5h 50m,1 stop,16872,23,23-06-2022 23:00,Night,4,350,Delhi -> Mumbai
1592,Delhi,Mumbai,23-06-2022,27-06-2022,Air India,AI-544,17:15,23:50,6h 35m,1 stop,16875,10,23-06-2022 10:00,Morning,4,395,Delhi -> Mumbai
1593,Delhi,Mumbai,23-06-2022,27-06-2022,Air India,AI-485,05:30,16:25,10h 55m,1 stop,16770,12,23-06-2022 12:00,Afternoon,4,655,Delhi -> Mumbai
1594,Delhi,Mumbai,23-06-2022,27-06-2022,Air India,AI-803,06:10,21:05,14h 55m,1 stop,16875,1,23-06-2022 01:00,Night,4,895,Delhi -> Mumbai
1595,Delhi,Mumbai,23-06-2022,27-06-2022,Air India,AI-839,21:30,"23:50
+1D",26h 20m,1 stop,16875,6,23-06-2022 06:00,Morning,4,1580,Delhi -> Mumbai
1596,Delhi,Mumbai,23-06-2022,27-06-2022,Vistara,UK-643,14:10,19:00,4h 50m,1 stop,16979,19,23-06-2022 19:00,Evening,4,290,Delhi -> Mumbai
1597,Delhi,Mumbai,23-06-2022,27-06-2022,Vistara,UK-817,16:05,21:50,5h 45m,1 stop,17397,3,23-06-2022 03:00,Night,4,345,Delhi -> Mumbai
1598,Delhi,Mumbai,23-06-2022,27-06-2022,Air India,AI-407,13:45,"12:05
+1D",22h 20m,1 stop,17274,7,23-06-2022 07:00,Morning,4,1340,Delhi -> Mumbai
1599,Delhi,Mumbai,23-06-2022,27-06-2022,Vistara,UK-705,07:30,13:00,5h 30m,1 stop,17605,19,23-06-2022 19:00,Evening,4,330,Delhi -> Mumbai
1600,Delhi,Mumbai,23-06-2022,27-06-2022,Vistara,UK-707,17:30,23:30,6h 0m,1 stop,17605,21,23-06-2022 21:00,Night,4,360,Delhi -> Mumbai
1601,Delhi,Mumbai,23-06-2022,27-06-2022,Air India,AI-429,09:45,17:10,7h 25m,1 stop,17610,20,23-06-2022 20:00,Evening,4,445,Delhi -> Mumbai
1602,Delhi,Mumbai,23-06-2022,27-06-2022,Air India,AI-439,05:55,17:10,11h 15m,1 stop,17610,18,23-06-2022 18:00,Evening,4,675,Delhi -> Mumbai
1603,Delhi,Mumbai,23-06-2022,27-06-2022,Air India,AI-540,20:40,"08:05
+1D",11h 25m,1 stop,17610,12,23-06-2022 12:00,Afternoon,4,685,Delhi -> Mumbai
1604,Delhi,Mumbai,23-06-2022,27-06-2022,Air India,AI-762,20:15,"12:20
+1D",16h 5m,1 stop,17610,13,23-06-2022 13:00,Afternoon,4,965,Delhi -> Mumbai
1605,Delhi,Mumbai,23-06-2022,27-06-2022,Air India,AI-764,16:45,"12:20
+1D",19h 35m,1 stop,17610,9,23-06-2022 09:00,Morning,4,1175,Delhi -> Mumbai
1606,Delhi,Mumbai,23-06-2022,27-06-2022,Air India,AI-540,20:40,"18:00
+1D",21h 20m,1 stop,17610,10,23-06-2022 10:00,Morning,4,1280,Delhi -> Mumbai
1607,Delhi,Mumbai,23-06-2022,27-06-2022,Vistara,UK-811,06:15,12:00,5h 45m,1 stop,17922,1,23-06-2022 01:00,Night,4,345,Delhi -> Mumbai
1608,Delhi,Mumbai,23-06-2022,27-06-2022,Vistara,UK-819,14:15,20:15,6h 0m,1 stop,17922,8,23-06-2022 08:00,Morning,4,360,Delhi -> Mumbai
1609,Delhi,Mumbai,23-06-2022,27-06-2022,Air India,AI-506,09:45,21:05,11h 20m,1 stop,18345,16,23-06-2022 16:00,Afternoon,4,680,Delhi -> Mumbai
1610,Delhi,Mumbai,23-06-2022,27-06-2022,Air India,AI-506,09:45,"08:35
+1D",22h 50m,1 stop,18345,2,23-06-2022 02:00,Night,4,1370,Delhi -> Mumbai
1611,Delhi,Mumbai,23-06-2022,27-06-2022,Air India,AI-451,15:00,"16:25
+1D",25h 25m,1 stop,18398,23,23-06-2022 23:00,Night,4,1525,Delhi -> Mumbai
1612,Delhi,Mumbai,23-06-2022,27-06-2022,Air India,AI-767,12:10,20:15,8h 5m,1 stop,19080,5,23-06-2022 05:00,Morning,4,485,Delhi -> Mumbai
1613,Delhi,Mumbai,23-06-2022,27-06-2022,Air India,AI-401,06:50,20:15,13h 25m,1 stop,19080,4,23-06-2022 04:00,Night,4,805,Delhi -> Mumbai
1614,Delhi,Mumbai,23-06-2022,27-06-2022,Air India,AI-762,20:15,"20:15
+1D",24h 0m,1 stop,19815,4,23-06-2022 04:00,Night,4,1440,Delhi -> Mumbai
1615,Delhi,Mumbai,23-06-2022,27-06-2022,Air India,AI-764,16:45,"20:15
+1D",27h 30m,1 stop,19815,21,23-06-2022 21:00,Night,4,1650,Delhi -> Mumbai
1616,Delhi,Mumbai,23-06-2022,27-06-2022,Air India,AI-801,15:00,22:40,7h 40m,1 stop,20340,14,23-06-2022 14:00,Afternoon,4,460,Delhi -> Mumbai
1617,Delhi,Mumbai,23-06-2022,27-06-2022,Air India,AI-502,13:30,21:05,7h 35m,1 stop,21600,22,23-06-2022 22:00,Night,4,455,Delhi -> Mumbai
1618,Delhi,Mumbai,23-06-2022,27-06-2022,Air India,AI-502,13:30,"08:35
+1D",19h 5m,1 stop,21600,16,23-06-2022 16:00,Afternoon,4,1145,Delhi -> Mumbai
1619,Delhi,Mumbai,23-06-2022,27-06-2022,Air India,AI-537,16:15,"08:05
+1D",15h 50m,1 stop,24645,8,23-06-2022 08:00,Morning,4,950,Delhi -> Mumbai
1620,Delhi,Mumbai,23-06-2022,27-06-2022,Air India,AI-537,16:15,"18:00
+1D",25h 45m,1 stop,24645,2,23-06-2022 02:00,Night,4,1545,Delhi -> Mumbai
1621,Delhi,Mumbai,23-06-2022,27-06-2022,Air India,AI-465,16:55,"10:10
+1D",17h 15m,1 stop,25908,19,23-06-2022 19:00,Evening,4,1035,Delhi -> Mumbai
1622,Delhi,Mumbai,23-06-2022,28-06-2022,GO FIRST,G8-2501,02:40,04:50,2h 10m,non-stop,8579,16,23-06-2022 16:00,Afternoon,5,130,Delhi -> Mumbai
1623,Delhi,Mumbai,23-06-2022,28-06-2022,Vistara,UK-975,05:55,07:55,2h 0m,non-stop,8578,9,23-06-2022 09:00,Morning,5,120,Delhi -> Mumbai
1624,Delhi,Mumbai,23-06-2022,28-06-2022,IndiGo,6E-5023,06:30,08:35,2h 5m,non-stop,8579,2,23-06-2022 02:00,Night,5,125,Delhi -> Mumbai
1625,Delhi,Mumbai,23-06-2022,28-06-2022,Air India,AI-887,07:00,09:05,2h 5m,non-stop,8580,17,23-06-2022 17:00,Evening,5,125,Delhi -> Mumbai
1626,Delhi,Mumbai,23-06-2022,28-06-2022,GO FIRST,G8-334,07:00,09:15,2h 15m,non-stop,8579,17,23-06-2022 17:00,Evening,5,135,Delhi -> Mumbai
1627,Delhi,Mumbai,23-06-2022,28-06-2022,IndiGo,6E-6814,07:20,09:25,2h 5m,non-stop,8579,16,23-06-2022 16:00,Afternoon,5,125,Delhi -> Mumbai
1628,Delhi,Mumbai,23-06-2022,28-06-2022,SpiceJet,SG-8701,07:20,09:35,2h 15m,non-stop,8579,23,23-06-2022 23:00,Night,5,135,Delhi -> Mumbai
1629,Delhi,Mumbai,23-06-2022,28-06-2022,Air India,AI-665,08:00,10:10,2h 10m,non-stop,8580,2,23-06-2022 02:00,Night,5,130,Delhi -> Mumbai
1630,Delhi,Mumbai,23-06-2022,28-06-2022,IndiGo,6E-2129,08:00,10:20,2h 20m,non-stop,8579,2,23-06-2022 02:00,Night,5,140,Delhi -> Mumbai
1631,Delhi,Mumbai,23-06-2022,28-06-2022,IndiGo,6E-6278,08:45,11:00,2h 15m,non-stop,8579,5,23-06-2022 05:00,Morning,5,135,Delhi -> Mumbai
1632,Delhi,Mumbai,23-06-2022,28-06-2022,GO FIRST,G8-338,09:00,11:15,2h 15m,non-stop,8579,12,23-06-2022 12:00,Afternoon,5,135,Delhi -> Mumbai
1633,Delhi,Mumbai,23-06-2022,28-06-2022,Vistara,UK-927,09:30,11:35,2h 5m,non-stop,8578,23,23-06-2022 23:00,Night,5,125,Delhi -> Mumbai
1634,Delhi,Mumbai,23-06-2022,28-06-2022,Vistara,UK-995,10:20,12:35,2h 15m,non-stop,8578,14,23-06-2022 14:00,Afternoon,5,135,Delhi -> Mumbai
1635,Delhi,Mumbai,23-06-2022,28-06-2022,IndiGo,6E-5342,10:45,12:50,2h 5m,non-stop,8579,8,23-06-2022 08:00,Morning,5,125,Delhi -> Mumbai
1636,Delhi,Mumbai,23-06-2022,28-06-2022,IndiGo,6E-2138,11:55,13:55,2h 0m,non-stop,8579,3,23-06-2022 03:00,Night,5,120,Delhi -> Mumbai
1637,Delhi,Mumbai,23-06-2022,28-06-2022,Vistara,UK-993,12:50,15:00,2h 10m,non-stop,8578,13,23-06-2022 13:00,Afternoon,5,130,Delhi -> Mumbai
1638,Delhi,Mumbai,23-06-2022,28-06-2022,GO FIRST,G8-336,14:00,16:10,2h 10m,non-stop,8579,4,23-06-2022 04:00,Night,5,130,Delhi -> Mumbai
1639,Delhi,Mumbai,23-06-2022,28-06-2022,Air India,AI-863,14:00,16:15,2h 15m,non-stop,8580,1,23-06-2022 01:00,Night,5,135,Delhi -> Mumbai
1640,Delhi,Mumbai,23-06-2022,28-06-2022,IndiGo,6E-2176,14:10,16:20,2h 10m,non-stop,8579,10,23-06-2022 10:00,Morning,5,130,Delhi -> Mumbai
1641,Delhi,Mumbai,23-06-2022,28-06-2022,Vistara,UK-951,14:20,16:30,2h 10m,non-stop,8578,8,23-06-2022 08:00,Morning,5,130,Delhi -> Mumbai
1642,Delhi,Mumbai,23-06-2022,28-06-2022,IndiGo,6E-5306,15:25,17:35,2h 10m,non-stop,8579,23,23-06-2022 23:00,Night,5,130,Delhi -> Mumbai
1643,Delhi,Mumbai,23-06-2022,28-06-2022,Vistara,UK-933,15:30,17:40,2h 10m,non-stop,8578,2,23-06-2022 02:00,Night,5,130,Delhi -> Mumbai
1644,Delhi,Mumbai,23-06-2022,28-06-2022,IndiGo,6E-864,16:15,18:25,2h 10m,non-stop,8579,8,23-06-2022 08:00,Morning,5,130,Delhi -> Mumbai
1645,Delhi,Mumbai,23-06-2022,28-06-2022,Vistara,UK-941,16:45,19:05,2h 20m,non-stop,8578,2,23-06-2022 02:00,Night,5,140,Delhi -> Mumbai
1646,Delhi,Mumbai,23-06-2022,28-06-2022,IndiGo,6E-5318,17:00,19:05,2h 5m,non-stop,8579,1,23-06-2022 01:00,Night,5,125,Delhi -> Mumbai
1647,Delhi,Mumbai,23-06-2022,28-06-2022,Vistara,UK-955,17:45,20:05,2h 20m,non-stop,8578,11,23-06-2022 11:00,Morning,5,140,Delhi -> Mumbai
1648,Delhi,Mumbai,23-06-2022,28-06-2022,IndiGo,6E-2017,18:10,20:25,2h 15m,non-stop,8579,9,23-06-2022 09:00,Morning,5,135,Delhi -> Mumbai
1649,Delhi,Mumbai,23-06-2022,28-06-2022,GO FIRST,G8-323,18:45,21:00,2h 15m,non-stop,8579,8,23-06-2022 08:00,Morning,5,135,Delhi -> Mumbai
1650,Delhi,Mumbai,23-06-2022,28-06-2022,Vistara,UK-977,18:55,21:15,2h 20m,non-stop,8578,14,23-06-2022 14:00,Afternoon,5,140,Delhi -> Mumbai
1651,Delhi,Mumbai,23-06-2022,28-06-2022,SpiceJet,SG-8709,19:00,21:10,2h 10m,non-stop,8579,7,23-06-2022 07:00,Morning,5,130,Delhi -> Mumbai
1652,Delhi,Mumbai,23-06-2022,28-06-2022,Air India,AI-624,19:00,21:15,2h 15m,non-stop,8580,4,23-06-2022 04:00,Night,5,135,Delhi -> Mumbai
1653,Delhi,Mumbai,23-06-2022,28-06-2022,Vistara,UK-985,19:45,21:55,2h 10m,non-stop,8578,10,23-06-2022 10:00,Morning,5,130,Delhi -> Mumbai
1654,Delhi,Mumbai,23-06-2022,28-06-2022,IndiGo,6E-6261,19:45,21:55,2h 10m,non-stop,8579,1,23-06-2022 01:00,Night,5,130,Delhi -> Mumbai
1655,Delhi,Mumbai,23-06-2022,28-06-2022,SpiceJet,SG-8169,19:45,22:00,2h 15m,non-stop,8579,23,23-06-2022 23:00,Night,5,135,Delhi -> Mumbai
1656,Delhi,Mumbai,23-06-2022,28-06-2022,Air India,AI-805,20:00,22:10,2h 10m,non-stop,8580,14,23-06-2022 14:00,Afternoon,5,130,Delhi -> Mumbai
1657,Delhi,Mumbai,23-06-2022,28-06-2022,Vistara,UK-953,20:40,22:50,2h 10m,non-stop,8578,5,23-06-2022 05:00,Morning,5,130,Delhi -> Mumbai
1658,Delhi,Mumbai,23-06-2022,28-06-2022,GO FIRST,G8-328,20:55,23:25,2h 30m,non-stop,8579,7,23-06-2022 07:00,Morning,5,150,Delhi -> Mumbai
1659,Delhi,Mumbai,23-06-2022,28-06-2022,Air India,AI-605,21:15,23:35,2h 20m,non-stop,8580,4,23-06-2022 04:00,Night,5,140,Delhi -> Mumbai
1660,Delhi,Mumbai,23-06-2022,28-06-2022,Vistara,UK-981,21:30,23:30,2h 0m,non-stop,8578,15,23-06-2022 15:00,Afternoon,5,120,Delhi -> Mumbai
1661,Delhi,Mumbai,23-06-2022,28-06-2022,SpiceJet,SG-711,21:40,23:55,2h 15m,non-stop,8579,17,23-06-2022 17:00,Evening,5,135,Delhi -> Mumbai
1662,Delhi,Mumbai,23-06-2022,28-06-2022,IndiGo,6E-2114,21:45,"00:10
+1D",2h 25m,non-stop,8579,5,23-06-2022 05:00,Morning,5,145,Delhi -> Mumbai
1663,Delhi,Mumbai,23-06-2022,28-06-2022,GO FIRST,G8-354,22:45,"01:00
+1D",2h 15m,non-stop,8579,4,23-06-2022 04:00,Night,5,135,Delhi -> Mumbai
1664,Delhi,Mumbai,23-06-2022,28-06-2022,IndiGo,6E-2519,23:35,"01:40
+1D",2h 5m,non-stop,8579,15,23-06-2022 15:00,Afternoon,5,125,Delhi -> Mumbai
1665,Delhi,Mumbai,23-06-2022,28-06-2022,Air India,AI-865,10:00,12:35,2h 35m,non-stop,8580,12,23-06-2022 12:00,Afternoon,5,155,Delhi -> Mumbai
1666,Delhi,Mumbai,23-06-2022,28-06-2022,Air India,AI-636,14:30,18:10,3h 40m,1 stop,8580,4,23-06-2022 04:00,Night,5,220,Delhi -> Mumbai
1667,Delhi,Mumbai,23-06-2022,28-06-2022,GO FIRST,G8-719,05:55,10:20,4h 25m,1 stop,8579,12,23-06-2022 12:00,Afternoon,5,265,Delhi -> Mumbai
1668,Delhi,Mumbai,23-06-2022,28-06-2022,SpiceJet,SG-2962,06:15,10:55,4h 40m,1 stop,8579,16,23-06-2022 16:00,Afternoon,5,280,Delhi -> Mumbai
1669,Delhi,Mumbai,23-06-2022,28-06-2022,Air India,AI-441,17:55,22:10,4h 15m,1 stop,8580,17,23-06-2022 17:00,Evening,5,255,Delhi -> Mumbai
1670,Delhi,Mumbai,23-06-2022,28-06-2022,GO FIRST,G8-190,05:20,10:45,5h 25m,1 stop,8579,7,23-06-2022 07:00,Morning,5,325,Delhi -> Mumbai
1671,Delhi,Mumbai,23-06-2022,28-06-2022,GO FIRST,G8-713,20:05,"02:00
+1D",5h 55m,1 stop,8579,12,23-06-2022 12:00,Afternoon,5,355,Delhi -> Mumbai
1672,Delhi,Mumbai,23-06-2022,28-06-2022,SpiceJet,SG-8373,09:50,16:10,6h 20m,1 stop,8579,18,23-06-2022 18:00,Evening,5,380,Delhi -> Mumbai
1673,Delhi,Mumbai,23-06-2022,28-06-2022,GO FIRST,G8-131,09:55,16:25,6h 30m,1 stop,8579,2,23-06-2022 02:00,Night,5,390,Delhi -> Mumbai
1674,Delhi,Mumbai,23-06-2022,28-06-2022,SpiceJet,SG-751,11:30,18:00,6h 30m,1 stop,8579,23,23-06-2022 23:00,Night,5,390,Delhi -> Mumbai
1675,Delhi,Mumbai,23-06-2022,28-06-2022,GO FIRST,G8-717,13:35,19:40,6h 5m,1 stop,8579,7,23-06-2022 07:00,Morning,5,365,Delhi -> Mumbai
1676,Delhi,Mumbai,23-06-2022,28-06-2022,SpiceJet,SG-8963,09:25,16:10,6h 45m,1 stop,8579,1,23-06-2022 01:00,Night,5,405,Delhi -> Mumbai
1677,Delhi,Mumbai,23-06-2022,28-06-2022,SpiceJet,SG-8171,12:05,18:50,6h 45m,1 stop,8579,7,23-06-2022 07:00,Morning,5,405,Delhi -> Mumbai
1678,Delhi,Mumbai,23-06-2022,28-06-2022,Vistara,UK-943,07:30,09:45,2h 15m,non-stop,8895,12,23-06-2022 12:00,Afternoon,5,135,Delhi -> Mumbai
1679,Delhi,Mumbai,23-06-2022,28-06-2022,Vistara,UK-963,08:50,11:10,2h 20m,non-stop,8895,12,23-06-2022 12:00,Afternoon,5,140,Delhi -> Mumbai
1680,Delhi,Mumbai,23-06-2022,28-06-2022,Vistara,UK-945,11:40,14:00,2h 20m,non-stop,8895,0,23-06-2022 00:00,Night,5,140,Delhi -> Mumbai
1681,Delhi,Mumbai,23-06-2022,28-06-2022,Vistara,UK-969,18:10,23:05,4h 55m,1 stop,9031,5,23-06-2022 05:00,Morning,5,295,Delhi -> Mumbai
1682,Delhi,Mumbai,23-06-2022,28-06-2022,Vistara,UK-929,21:20,"06:15
+1D",8h 55m,1 stop,9031,23,23-06-2022 23:00,Night,5,535,Delhi -> Mumbai
1683,Delhi,Mumbai,23-06-2022,28-06-2022,Vistara,UK-969,18:10,"06:15
+1D",12h 5m,1 stop,9031,18,23-06-2022 18:00,Evening,5,725,Delhi -> Mumbai
1684,Delhi,Mumbai,23-06-2022,28-06-2022,Vistara,UK-929,21:20,"09:40
+1D",12h 20m,1 stop,9031,15,23-06-2022 15:00,Afternoon,5,740,Delhi -> Mumbai
1685,Delhi,Mumbai,23-06-2022,28-06-2022,Vistara,UK-969,18:10,"09:40
+1D",15h 30m,1 stop,9031,7,23-06-2022 07:00,Morning,5,930,Delhi -> Mumbai
1686,Delhi,Mumbai,23-06-2022,28-06-2022,Vistara,UK-959,06:30,23:05,16h 35m,1 stop,9031,0,23-06-2022 00:00,Night,5,995,Delhi -> Mumbai
1687,Delhi,Mumbai,23-06-2022,28-06-2022,Vistara,UK-959,06:30,"06:15
+1D",23h 45m,1 stop,9031,15,23-06-2022 15:00,Afternoon,5,1425,Delhi -> Mumbai
1688,Delhi,Mumbai,23-06-2022,28-06-2022,Vistara,UK-929,21:20,"23:05
+1D",25h 45m,1 stop,9031,8,23-06-2022 08:00,Morning,5,1545,Delhi -> Mumbai
1689,Delhi,Mumbai,23-06-2022,28-06-2022,Air Asia,I5-740,08:10,20:40,12h 30m,1 stop,9107,12,23-06-2022 12:00,Afternoon,5,750,Delhi -> Mumbai
1690,Delhi,Mumbai,23-06-2022,28-06-2022,Air Asia,I5-552,10:40,23:45,13h 5m,1 stop,9107,10,23-06-2022 10:00,Morning,5,785,Delhi -> Mumbai
1691,Delhi,Mumbai,23-06-2022,28-06-2022,IndiGo,6E-761,18:45,"00:05
+1D",5h 20m,1 stop,10942,12,23-06-2022 12:00,Afternoon,5,320,Delhi -> Mumbai
1692,Delhi,Mumbai,23-06-2022,28-06-2022,Air India,AI-497,05:15,09:20,4h 5m,1 stop,12675,20,23-06-2022 20:00,Evening,5,245,Delhi -> Mumbai
1693,Delhi,Mumbai,23-06-2022,28-06-2022,IndiGo,6E-2168,17:50,22:10,4h 20m,1 stop,12622,9,23-06-2022 09:00,Morning,5,260,Delhi -> Mumbai
1694,Delhi,Mumbai,23-06-2022,28-06-2022,IndiGo,6E-2077,05:20,10:35,5h 15m,1 stop,12622,3,23-06-2022 03:00,Night,5,315,Delhi -> Mumbai
1695,Delhi,Mumbai,23-06-2022,28-06-2022,IndiGo,6E-6373,06:30,11:20,4h 50m,1 stop,12622,5,23-06-2022 05:00,Morning,5,290,Delhi -> Mumbai
1696,Delhi,Mumbai,23-06-2022,28-06-2022,IndiGo,6E-2141,13:35,18:45,5h 10m,1 stop,12622,6,23-06-2022 06:00,Morning,5,310,Delhi -> Mumbai
1697,Delhi,Mumbai,23-06-2022,28-06-2022,IndiGo,6.00E-153,19:35,"00:20
+1D",4h 45m,1 stop,12622,4,23-06-2022 04:00,Night,5,285,Delhi -> Mumbai
1698,Delhi,Mumbai,23-06-2022,28-06-2022,IndiGo,6.00E-184,09:50,15:45,5h 55m,1 stop,12622,10,23-06-2022 10:00,Morning,5,355,Delhi -> Mumbai
1699,Delhi,Mumbai,23-06-2022,28-06-2022,IndiGo,6E-6022,11:15,16:55,5h 40m,1 stop,12622,12,23-06-2022 12:00,Afternoon,5,340,Delhi -> Mumbai
1700,Delhi,Mumbai,23-06-2022,28-06-2022,IndiGo,6E-2141,13:35,19:40,6h 5m,1 stop,12622,18,23-06-2022 18:00,Evening,5,365,Delhi -> Mumbai
1701,Delhi,Mumbai,23-06-2022,28-06-2022,Vistara,UK-913,05:55,15:50,9h 55m,1 stop,12670,22,23-06-2022 22:00,Night,5,595,Delhi -> Mumbai
1702,Delhi,Mumbai,23-06-2022,28-06-2022,Vistara,UK-935,18:00,"15:50
+1D",21h 50m,1 stop,12670,9,23-06-2022 09:00,Morning,5,1310,Delhi -> Mumbai
1703,Delhi,Mumbai,23-06-2022,28-06-2022,Vistara,UK-637,17:10,22:20,5h 10m,1 stop,13615,9,23-06-2022 09:00,Morning,5,310,Delhi -> Mumbai
1704,Delhi,Mumbai,23-06-2022,28-06-2022,Vistara,UK-637,17:10,"11:15
+1D",18h 5m,1 stop,13615,10,23-06-2022 10:00,Morning,5,1085,Delhi -> Mumbai
1705,Delhi,Mumbai,23-06-2022,28-06-2022,Vistara,UK-627,13:20,"16:00
+1D",26h 40m,1 stop,13672,20,23-06-2022 20:00,Evening,5,1600,Delhi -> Mumbai
1706,Delhi,Mumbai,23-06-2022,28-06-2022,Vistara,UK-899,14:45,20:30,5h 45m,1 stop,14140,6,23-06-2022 06:00,Morning,5,345,Delhi -> Mumbai
1707,Delhi,Mumbai,23-06-2022,28-06-2022,Vistara,UK-879,17:35,23:00,5h 25m,1 stop,14140,17,23-06-2022 17:00,Evening,5,325,Delhi -> Mumbai
1708,Delhi,Mumbai,23-06-2022,28-06-2022,Air India,AI-403,12:50,19:15,6h 25m,1 stop,14007,3,23-06-2022 03:00,Night,5,385,Delhi -> Mumbai
1709,Delhi,Mumbai,23-06-2022,28-06-2022,Vistara,UK-899,14:45,23:00,8h 15m,1 stop,14140,1,23-06-2022 01:00,Night,5,495,Delhi -> Mumbai
1710,Delhi,Mumbai,23-06-2022,28-06-2022,Vistara,UK-859,10:25,20:30,10h 5m,1 stop,14140,13,23-06-2022 13:00,Afternoon,5,605,Delhi -> Mumbai
1711,Delhi,Mumbai,23-06-2022,28-06-2022,Vistara,UK-859,10:25,23:00,12h 35m,1 stop,14140,12,23-06-2022 12:00,Afternoon,5,755,Delhi -> Mumbai
1712,Delhi,Mumbai,23-06-2022,28-06-2022,Vistara,UK-871,20:35,"08:40
+1D",12h 5m,1 stop,14140,11,23-06-2022 11:00,Morning,5,725,Delhi -> Mumbai
1713,Delhi,Mumbai,23-06-2022,28-06-2022,Vistara,UK-871,20:35,"10:00
+1D",13h 25m,1 stop,14140,6,23-06-2022 06:00,Morning,5,805,Delhi -> Mumbai
1714,Delhi,Mumbai,23-06-2022,28-06-2022,Vistara,UK-879,17:35,"08:40
+1D",15h 5m,1 stop,14140,1,23-06-2022 01:00,Night,5,905,Delhi -> Mumbai
1715,Delhi,Mumbai,23-06-2022,28-06-2022,Vistara,UK-879,17:35,"10:00
+1D",16h 25m,1 stop,14140,12,23-06-2022 12:00,Afternoon,5,985,Delhi -> Mumbai
1716,Delhi,Mumbai,23-06-2022,28-06-2022,Vistara,UK-899,14:45,"08:40
+1D",17h 55m,1 stop,14140,13,23-06-2022 13:00,Afternoon,5,1075,Delhi -> Mumbai
1717,Delhi,Mumbai,23-06-2022,28-06-2022,Vistara,UK-871,20:35,"14:30
+1D",17h 55m,1 stop,14140,16,23-06-2022 16:00,Afternoon,5,1075,Delhi -> Mumbai
1718,Delhi,Mumbai,23-06-2022,28-06-2022,Vistara,UK-899,14:45,"10:00
+1D",19h 15m,1 stop,14140,8,23-06-2022 08:00,Morning,5,1155,Delhi -> Mumbai
1719,Delhi,Mumbai,23-06-2022,28-06-2022,Vistara,UK-706,13:40,22:20,8h 40m,1 stop,14247,16,23-06-2022 16:00,Afternoon,5,520,Delhi -> Mumbai
1720,Delhi,Mumbai,23-06-2022,28-06-2022,Vistara,UK-706,13:40,"11:15
+1D",21h 35m,1 stop,14247,7,23-06-2022 07:00,Morning,5,1295,Delhi -> Mumbai
1721,Delhi,Mumbai,23-06-2022,28-06-2022,Air India,AI-885,10:45,16:35,5h 50m,1 stop,14460,1,23-06-2022 01:00,Night,5,350,Delhi -> Mumbai
1722,Delhi,Mumbai,23-06-2022,28-06-2022,Air India,AI-883,22:00,"08:05
+1D",10h 5m,1 stop,14460,23,23-06-2022 23:00,Night,5,605,Delhi -> Mumbai
1723,Delhi,Mumbai,23-06-2022,28-06-2022,Vistara,UK-855,18:40,"14:45
+1D",20h 5m,1 stop,14455,12,23-06-2022 12:00,Afternoon,5,1205,Delhi -> Mumbai
1724,Delhi,Mumbai,23-06-2022,28-06-2022,Air India,AI-406,10:15,15:40,5h 25m,1 stop,15300,2,23-06-2022 02:00,Night,5,325,Delhi -> Mumbai
1725,Delhi,Mumbai,23-06-2022,28-06-2022,Vistara,UK-673,13:20,18:20,5h 0m,1 stop,15295,15,23-06-2022 15:00,Afternoon,5,300,Delhi -> Mumbai
1726,Delhi,Mumbai,23-06-2022,28-06-2022,Vistara,UK-781,17:50,23:30,5h 40m,1 stop,15505,5,23-06-2022 05:00,Morning,5,340,Delhi -> Mumbai
1727,Delhi,Mumbai,23-06-2022,28-06-2022,Air India,AI-877,11:10,17:15,6h 5m,1 stop,15720,18,23-06-2022 18:00,Evening,5,365,Delhi -> Mumbai
1728,Delhi,Mumbai,23-06-2022,28-06-2022,Vistara,UK-811,06:15,12:00,5h 45m,1 stop,16135,6,23-06-2022 06:00,Morning,5,345,Delhi -> Mumbai
1729,Delhi,Mumbai,23-06-2022,28-06-2022,Vistara,UK-813,17:35,23:25,5h 50m,1 stop,16135,9,23-06-2022 09:00,Morning,5,350,Delhi -> Mumbai
1730,Delhi,Mumbai,23-06-2022,28-06-2022,Air India,AI-506,09:45,21:05,11h 20m,1 stop,16140,8,23-06-2022 08:00,Morning,5,680,Delhi -> Mumbai
1731,Delhi,Mumbai,23-06-2022,28-06-2022,Air India,AI-504,21:15,"08:35
+1D",11h 20m,1 stop,16140,1,23-06-2022 01:00,Night,5,680,Delhi -> Mumbai
1732,Delhi,Mumbai,23-06-2022,28-06-2022,Air India,AI-504,21:15,"10:35
+1D",13h 20m,1 stop,16140,14,23-06-2022 14:00,Afternoon,5,800,Delhi -> Mumbai
1733,Delhi,Mumbai,23-06-2022,28-06-2022,Vistara,UK-643,14:10,19:00,4h 50m,1 stop,16979,4,23-06-2022 04:00,Night,5,290,Delhi -> Mumbai
1734,Delhi,Mumbai,23-06-2022,28-06-2022,Vistara,UK-819,14:15,20:15,6h 0m,1 stop,17397,21,23-06-2022 21:00,Night,5,360,Delhi -> Mumbai
1735,Delhi,Mumbai,23-06-2022,28-06-2022,Vistara,UK-817,16:05,21:50,5h 45m,1 stop,17397,3,23-06-2022 03:00,Night,5,345,Delhi -> Mumbai
1736,Delhi,Mumbai,23-06-2022,28-06-2022,Vistara,UK-705,07:30,13:00,5h 30m,1 stop,17605,19,23-06-2022 19:00,Evening,5,330,Delhi -> Mumbai
1737,Delhi,Mumbai,23-06-2022,28-06-2022,Vistara,UK-707,17:30,23:30,6h 0m,1 stop,17605,3,23-06-2022 03:00,Night,5,360,Delhi -> Mumbai
1738,Delhi,Mumbai,23-06-2022,28-06-2022,Air India,AI-540,20:40,"08:05
+1D",11h 25m,1 stop,17610,17,23-06-2022 17:00,Evening,5,685,Delhi -> Mumbai
1739,Delhi,Mumbai,23-06-2022,28-06-2022,Air India,AI-439,05:55,18:00,12h 5m,1 stop,17610,3,23-06-2022 03:00,Night,5,725,Delhi -> Mumbai
1740,Delhi,Mumbai,23-06-2022,28-06-2022,Air India,AI-429,09:45,18:00,8h 15m,1 stop,18345,16,23-06-2022 16:00,Afternoon,5,495,Delhi -> Mumbai
1741,Delhi,Mumbai,23-06-2022,28-06-2022,Air India,AI-767,12:10,20:15,8h 5m,1 stop,19815,11,23-06-2022 11:00,Morning,5,485,Delhi -> Mumbai
1742,Delhi,Mumbai,23-06-2022,28-06-2022,GO FIRST,G8-190,05:20,11:30,6h 10m,1 stop,20427,21,23-06-2022 21:00,Night,5,370,Delhi -> Mumbai
1743,Delhi,Mumbai,23-06-2022,28-06-2022,Air India,AI-801,15:00,22:40,7h 40m,1 stop,20340,16,23-06-2022 16:00,Afternoon,5,460,Delhi -> Mumbai
1744,Delhi,Mumbai,23-06-2022,29-06-2022,GO FIRST,G8-2501,02:40,04:50,2h 10m,non-stop,8579,9,23-06-2022 09:00,Morning,6,130,Delhi -> Mumbai
1745,Delhi,Mumbai,23-06-2022,29-06-2022,Vistara,UK-975,05:55,07:55,2h 0m,non-stop,8578,21,23-06-2022 21:00,Night,6,120,Delhi -> Mumbai
1746,Delhi,Mumbai,23-06-2022,29-06-2022,IndiGo,6E-5023,06:30,08:35,2h 5m,non-stop,8579,0,23-06-2022 00:00,Night,6,125,Delhi -> Mumbai
1747,Delhi,Mumbai,23-06-2022,29-06-2022,Air India,AI-887,07:00,09:05,2h 5m,non-stop,8580,21,23-06-2022 21:00,Night,6,125,Delhi -> Mumbai
1748,Delhi,Mumbai,23-06-2022,29-06-2022,GO FIRST,G8-334,07:00,09:15,2h 15m,non-stop,8579,23,23-06-2022 23:00,Night,6,135,Delhi -> Mumbai
1749,Delhi,Mumbai,23-06-2022,29-06-2022,IndiGo,6E-6814,07:20,09:25,2h 5m,non-stop,8579,17,23-06-2022 17:00,Evening,6,125,Delhi -> Mumbai
1750,Delhi,Mumbai,23-06-2022,29-06-2022,SpiceJet,SG-8701,07:20,09:35,2h 15m,non-stop,8579,17,23-06-2022 17:00,Evening,6,135,Delhi -> Mumbai
1751,Delhi,Mumbai,23-06-2022,29-06-2022,Air India,AI-665,08:00,10:10,2h 10m,non-stop,8580,13,23-06-2022 13:00,Afternoon,6,130,Delhi -> Mumbai
1752,Delhi,Mumbai,23-06-2022,29-06-2022,IndiGo,6E-2129,08:00,10:20,2h 20m,non-stop,8579,14,23-06-2022 14:00,Afternoon,6,140,Delhi -> Mumbai
1753,Delhi,Mumbai,23-06-2022,29-06-2022,IndiGo,6E-6278,08:45,11:00,2h 15m,non-stop,8579,11,23-06-2022 11:00,Morning,6,135,Delhi -> Mumbai
1754,Delhi,Mumbai,23-06-2022,29-06-2022,Vistara,UK-927,09:30,11:35,2h 5m,non-stop,8578,3,23-06-2022 03:00,Night,6,125,Delhi -> Mumbai
1755,Delhi,Mumbai,23-06-2022,29-06-2022,Vistara,UK-995,10:20,12:35,2h 15m,non-stop,8578,2,23-06-2022 02:00,Night,6,135,Delhi -> Mumbai
1756,Delhi,Mumbai,23-06-2022,29-06-2022,IndiGo,6E-5342,10:45,12:50,2h 5m,non-stop,8579,19,23-06-2022 19:00,Evening,6,125,Delhi -> Mumbai
1757,Delhi,Mumbai,23-06-2022,29-06-2022,Vistara,UK-945,11:40,14:00,2h 20m,non-stop,8578,11,23-06-2022 11:00,Morning,6,140,Delhi -> Mumbai
1758,Delhi,Mumbai,23-06-2022,29-06-2022,IndiGo,6E-2138,11:55,13:55,2h 0m,non-stop,8579,6,23-06-2022 06:00,Morning,6,120,Delhi -> Mumbai
1759,Delhi,Mumbai,23-06-2022,29-06-2022,GO FIRST,G8-338,12:30,14:45,2h 15m,non-stop,8579,10,23-06-2022 10:00,Morning,6,135,Delhi -> Mumbai
1760,Delhi,Mumbai,23-06-2022,29-06-2022,Vistara,UK-993,12:50,15:00,2h 10m,non-stop,8578,0,23-06-2022 00:00,Night,6,130,Delhi -> Mumbai
1761,Delhi,Mumbai,23-06-2022,29-06-2022,GO FIRST,G8-336,14:00,16:10,2h 10m,non-stop,8579,5,23-06-2022 05:00,Morning,6,130,Delhi -> Mumbai
1762,Delhi,Mumbai,23-06-2022,29-06-2022,Air India,AI-863,14:00,16:15,2h 15m,non-stop,8580,14,23-06-2022 14:00,Afternoon,6,135,Delhi -> Mumbai
1763,Delhi,Mumbai,23-06-2022,29-06-2022,IndiGo,6E-2176,14:10,16:20,2h 10m,non-stop,8579,14,23-06-2022 14:00,Afternoon,6,130,Delhi -> Mumbai
1764,Delhi,Mumbai,23-06-2022,29-06-2022,Vistara,UK-951,14:20,16:30,2h 10m,non-stop,8578,18,23-06-2022 18:00,Evening,6,130,Delhi -> Mumbai
1765,Delhi,Mumbai,23-06-2022,29-06-2022,IndiGo,6E-5306,15:25,17:35,2h 10m,non-stop,8579,10,23-06-2022 10:00,Morning,6,130,Delhi -> Mumbai
1766,Delhi,Mumbai,23-06-2022,29-06-2022,Vistara,UK-933,15:30,17:40,2h 10m,non-stop,8578,22,23-06-2022 22:00,Night,6,130,Delhi -> Mumbai
1767,Delhi,Mumbai,23-06-2022,29-06-2022,IndiGo,6E-864,16:15,18:25,2h 10m,non-stop,8579,1,23-06-2022 01:00,Night,6,130,Delhi -> Mumbai
1768,Delhi,Mumbai,23-06-2022,29-06-2022,Vistara,UK-941,16:45,19:05,2h 20m,non-stop,8578,13,23-06-2022 13:00,Afternoon,6,140,Delhi -> Mumbai
1769,Delhi,Mumbai,23-06-2022,29-06-2022,IndiGo,6E-5318,17:00,19:05,2h 5m,non-stop,8579,1,23-06-2022 01:00,Night,6,125,Delhi -> Mumbai
1770,Delhi,Mumbai,23-06-2022,29-06-2022,Vistara,UK-955,17:45,20:05,2h 20m,non-stop,8578,3,23-06-2022 03:00,Night,6,140,Delhi -> Mumbai
1771,Delhi,Mumbai,23-06-2022,29-06-2022,IndiGo,6E-2017,18:10,20:25,2h 15m,non-stop,8579,16,23-06-2022 16:00,Afternoon,6,135,Delhi -> Mumbai
1772,Delhi,Mumbai,23-06-2022,29-06-2022,GO FIRST,G8-323,18:45,21:00,2h 15m,non-stop,8579,2,23-06-2022 02:00,Night,6,135,Delhi -> Mumbai
1773,Delhi,Mumbai,23-06-2022,29-06-2022,Vistara,UK-977,18:55,21:15,2h 20m,non-stop,8578,12,23-06-2022 12:00,Afternoon,6,140,Delhi -> Mumbai
1774,Delhi,Mumbai,23-06-2022,29-06-2022,SpiceJet,SG-8709,19:00,21:10,2h 10m,non-stop,8579,8,23-06-2022 08:00,Morning,6,130,Delhi -> Mumbai
1775,Delhi,Mumbai,23-06-2022,29-06-2022,Air India,AI-624,19:00,21:15,2h 15m,non-stop,8580,6,23-06-2022 06:00,Morning,6,135,Delhi -> Mumbai
1776,Delhi,Mumbai,23-06-2022,29-06-2022,Vistara,UK-985,19:45,21:55,2h 10m,non-stop,8578,14,23-06-2022 14:00,Afternoon,6,130,Delhi -> Mumbai
1777,Delhi,Mumbai,23-06-2022,29-06-2022,IndiGo,6E-6261,19:45,21:55,2h 10m,non-stop,8579,22,23-06-2022 22:00,Night,6,130,Delhi -> Mumbai
1778,Delhi,Mumbai,23-06-2022,29-06-2022,SpiceJet,SG-8169,19:45,22:00,2h 15m,non-stop,8579,10,23-06-2022 10:00,Morning,6,135,Delhi -> Mumbai
1779,Delhi,Mumbai,23-06-2022,29-06-2022,GO FIRST,G8-346,19:50,22:00,2h 10m,non-stop,8579,19,23-06-2022 19:00,Evening,6,130,Delhi -> Mumbai
1780,Delhi,Mumbai,23-06-2022,29-06-2022,Air India,AI-805,20:00,22:10,2h 10m,non-stop,8580,1,23-06-2022 01:00,Night,6,130,Delhi -> Mumbai
1781,Delhi,Mumbai,23-06-2022,29-06-2022,Vistara,UK-953,20:40,22:50,2h 10m,non-stop,8578,14,23-06-2022 14:00,Afternoon,6,130,Delhi -> Mumbai
1782,Delhi,Mumbai,23-06-2022,29-06-2022,GO FIRST,G8-328,20:55,23:25,2h 30m,non-stop,8579,13,23-06-2022 13:00,Afternoon,6,150,Delhi -> Mumbai
1783,Delhi,Mumbai,23-06-2022,29-06-2022,Air India,AI-605,21:15,23:35,2h 20m,non-stop,8580,19,23-06-2022 19:00,Evening,6,140,Delhi -> Mumbai
1784,Delhi,Mumbai,23-06-2022,29-06-2022,Vistara,UK-981,21:30,23:30,2h 0m,non-stop,8578,21,23-06-2022 21:00,Night,6,120,Delhi -> Mumbai
1785,Delhi,Mumbai,23-06-2022,29-06-2022,SpiceJet,SG-711,21:40,23:55,2h 15m,non-stop,8579,10,23-06-2022 10:00,Morning,6,135,Delhi -> Mumbai
1786,Delhi,Mumbai,23-06-2022,29-06-2022,IndiGo,6E-2114,21:45,"00:10
+1D",2h 25m,non-stop,8579,2,23-06-2022 02:00,Night,6,145,Delhi -> Mumbai
1787,Delhi,Mumbai,23-06-2022,29-06-2022,GO FIRST,G8-354,22:45,"01:00
+1D",2h 15m,non-stop,8579,16,23-06-2022 16:00,Afternoon,6,135,Delhi -> Mumbai
1788,Delhi,Mumbai,23-06-2022,29-06-2022,IndiGo,6E-2519,23:35,"01:40
+1D",2h 5m,non-stop,8579,11,23-06-2022 11:00,Morning,6,125,Delhi -> Mumbai
1789,Delhi,Mumbai,23-06-2022,29-06-2022,Air India,AI-865,10:00,12:35,2h 35m,non-stop,8580,23,23-06-2022 23:00,Night,6,155,Delhi -> Mumbai
1790,Delhi,Mumbai,23-06-2022,29-06-2022,GO FIRST,G8-719,05:55,10:20,4h 25m,1 stop,8579,20,23-06-2022 20:00,Evening,6,265,Delhi -> Mumbai
1791,Delhi,Mumbai,23-06-2022,29-06-2022,SpiceJet,SG-2962,06:15,10:55,4h 40m,1 stop,8579,14,23-06-2022 14:00,Afternoon,6,280,Delhi -> Mumbai
1792,Delhi,Mumbai,23-06-2022,29-06-2022,Air India,AI-441,17:55,22:10,4h 15m,1 stop,8580,15,23-06-2022 15:00,Afternoon,6,255,Delhi -> Mumbai
1793,Delhi,Mumbai,23-06-2022,29-06-2022,GO FIRST,G8-190,05:20,10:45,5h 25m,1 stop,8579,4,23-06-2022 04:00,Night,6,325,Delhi -> Mumbai
1794,Delhi,Mumbai,23-06-2022,29-06-2022,GO FIRST,G8-713,20:05,"02:00
+1D",5h 55m,1 stop,8579,19,23-06-2022 19:00,Evening,6,355,Delhi -> Mumbai
1795,Delhi,Mumbai,23-06-2022,29-06-2022,GO FIRST,G8-190,05:20,11:30,6h 10m,1 stop,8579,5,23-06-2022 05:00,Morning,6,370,Delhi -> Mumbai
1796,Delhi,Mumbai,23-06-2022,29-06-2022,SpiceJet,SG-751,11:30,18:00,6h 30m,1 stop,8579,18,23-06-2022 18:00,Evening,6,390,Delhi -> Mumbai
1797,Delhi,Mumbai,23-06-2022,29-06-2022,SpiceJet,SG-3749,15:30,21:45,6h 15m,1 stop,8579,4,23-06-2022 04:00,Night,6,375,Delhi -> Mumbai
1798,Delhi,Mumbai,23-06-2022,29-06-2022,GO FIRST,G8-8007,11:00,18:10,7h 10m,1 stop,8579,2,23-06-2022 02:00,Night,6,430,Delhi -> Mumbai
1799,Delhi,Mumbai,23-06-2022,29-06-2022,SpiceJet,SG-8171,12:05,18:50,6h 45m,1 stop,8579,0,23-06-2022 00:00,Night,6,405,Delhi -> Mumbai
1800,Delhi,Mumbai,23-06-2022,29-06-2022,GO FIRST,G8-237,12:50,20:15,7h 25m,1 stop,8579,5,23-06-2022 05:00,Morning,6,445,Delhi -> Mumbai
1801,Delhi,Mumbai,23-06-2022,29-06-2022,Vistara,UK-929,21:20,"06:15
+1D",8h 55m,1 stop,8714,14,23-06-2022 14:00,Afternoon,6,535,Delhi -> Mumbai
1802,Delhi,Mumbai,23-06-2022,29-06-2022,Vistara,UK-929,21:20,"09:40
+1D",12h 20m,1 stop,8714,1,23-06-2022 01:00,Night,6,740,Delhi -> Mumbai
1803,Delhi,Mumbai,23-06-2022,29-06-2022,Vistara,UK-943,07:30,09:45,2h 15m,non-stop,8895,2,23-06-2022 02:00,Night,6,135,Delhi -> Mumbai
1804,Delhi,Mumbai,23-06-2022,29-06-2022,Vistara,UK-963,08:50,11:10,2h 20m,non-stop,8895,16,23-06-2022 16:00,Afternoon,6,140,Delhi -> Mumbai
1805,Delhi,Mumbai,23-06-2022,29-06-2022,Vistara,UK-959,06:30,23:05,16h 35m,1 stop,9031,23,23-06-2022 23:00,Night,6,995,Delhi -> Mumbai
1806,Delhi,Mumbai,23-06-2022,29-06-2022,Vistara,UK-959,06:30,"06:15
+1D",23h 45m,1 stop,9031,11,23-06-2022 11:00,Morning,6,1425,Delhi -> Mumbai
1807,Delhi,Mumbai,23-06-2022,29-06-2022,Vistara,UK-929,21:20,"23:05
+1D",25h 45m,1 stop,9031,17,23-06-2022 17:00,Evening,6,1545,Delhi -> Mumbai
1808,Delhi,Mumbai,23-06-2022,29-06-2022,Air India,AI-636,14:30,18:10,3h 40m,1 stop,9105,14,23-06-2022 14:00,Afternoon,6,220,Delhi -> Mumbai
1809,Delhi,Mumbai,23-06-2022,29-06-2022,Air Asia,I5-740,08:10,20:40,12h 30m,1 stop,9107,11,23-06-2022 11:00,Morning,6,750,Delhi -> Mumbai
1810,Delhi,Mumbai,23-06-2022,29-06-2022,Air Asia,I5-552,10:40,23:45,13h 5m,1 stop,9107,15,23-06-2022 15:00,Afternoon,6,785,Delhi -> Mumbai
1811,Delhi,Mumbai,23-06-2022,29-06-2022,Vistara,UK-969,18:10,23:05,4h 55m,1 stop,9451,7,23-06-2022 07:00,Morning,6,295,Delhi -> Mumbai
1812,Delhi,Mumbai,23-06-2022,29-06-2022,Vistara,UK-969,18:10,"06:15
+1D",12h 5m,1 stop,9451,13,23-06-2022 13:00,Afternoon,6,725,Delhi -> Mumbai
1813,Delhi,Mumbai,23-06-2022,29-06-2022,Vistara,UK-969,18:10,"09:40
+1D",15h 30m,1 stop,9451,16,23-06-2022 16:00,Afternoon,6,930,Delhi -> Mumbai
1814,Delhi,Mumbai,23-06-2022,29-06-2022,IndiGo,6.00E-184,09:50,15:45,5h 55m,1 stop,10102,20,23-06-2022 20:00,Evening,6,355,Delhi -> Mumbai
1815,Delhi,Mumbai,23-06-2022,29-06-2022,IndiGo,6E-7403,07:20,12:05,4h 45m,1 stop,10522,7,23-06-2022 07:00,Morning,6,285,Delhi -> Mumbai
1816,Delhi,Mumbai,23-06-2022,29-06-2022,IndiGo,6E-761,18:45,"00:05
+1D",5h 20m,1 stop,10942,14,23-06-2022 14:00,Afternoon,6,320,Delhi -> Mumbai
1817,Delhi,Mumbai,23-06-2022,29-06-2022,Air India,AI-481,08:40,"09:40
+1D",25h 0m,1 stop,11172,13,23-06-2022 13:00,Afternoon,6,1500,Delhi -> Mumbai
1818,Delhi,Mumbai,23-06-2022,29-06-2022,Air India,AI-497,05:15,09:20,4h 5m,1 stop,12675,17,23-06-2022 17:00,Evening,6,245,Delhi -> Mumbai
1819,Delhi,Mumbai,23-06-2022,29-06-2022,IndiGo,6E-2168,17:50,22:10,4h 20m,1 stop,12622,19,23-06-2022 19:00,Evening,6,260,Delhi -> Mumbai
1820,Delhi,Mumbai,23-06-2022,29-06-2022,IndiGo,6E-2077,05:20,10:35,5h 15m,1 stop,12622,6,23-06-2022 06:00,Morning,6,315,Delhi -> Mumbai
1821,Delhi,Mumbai,23-06-2022,29-06-2022,IndiGo,6E-6373,06:30,11:20,4h 50m,1 stop,12622,2,23-06-2022 02:00,Night,6,290,Delhi -> Mumbai
1822,Delhi,Mumbai,23-06-2022,29-06-2022,IndiGo,6E-2141,13:35,18:45,5h 10m,1 stop,12622,11,23-06-2022 11:00,Morning,6,310,Delhi -> Mumbai
1823,Delhi,Mumbai,23-06-2022,29-06-2022,IndiGo,6.00E-153,19:35,"00:20
+1D",4h 45m,1 stop,12622,20,23-06-2022 20:00,Evening,6,285,Delhi -> Mumbai
1824,Delhi,Mumbai,23-06-2022,29-06-2022,IndiGo,6E-6022,11:15,16:55,5h 40m,1 stop,12622,23,23-06-2022 23:00,Night,6,340,Delhi -> Mumbai
1825,Delhi,Mumbai,23-06-2022,29-06-2022,SpiceJet,SG-8373,09:50,16:10,6h 20m,1 stop,12627,2,23-06-2022 02:00,Night,6,380,Delhi -> Mumbai
1826,Delhi,Mumbai,23-06-2022,29-06-2022,Vistara,UK-637,17:10,22:20,5h 10m,1 stop,13615,19,23-06-2022 19:00,Evening,6,310,Delhi -> Mumbai
1827,Delhi,Mumbai,23-06-2022,29-06-2022,Air India,AI-403,12:50,19:15,6h 25m,1 stop,14007,13,23-06-2022 13:00,Afternoon,6,385,Delhi -> Mumbai
1828,Delhi,Mumbai,23-06-2022,29-06-2022,Air India,AI-425,05:45,"08:55
+1D",27h 10m,1 stop,13830,14,23-06-2022 14:00,Afternoon,6,1630,Delhi -> Mumbai
1829,Delhi,Mumbai,23-06-2022,29-06-2022,Vistara,UK-879,17:35,23:00,5h 25m,1 stop,14140,13,23-06-2022 13:00,Afternoon,6,325,Delhi -> Mumbai
1830,Delhi,Mumbai,23-06-2022,29-06-2022,Air India,AI-542,09:45,23:50,14h 5m,1 stop,14145,6,23-06-2022 06:00,Morning,6,845,Delhi -> Mumbai
1831,Delhi,Mumbai,23-06-2022,29-06-2022,Air India,AI-560,07:10,23:50,16h 40m,1 stop,14145,16,23-06-2022 16:00,Afternoon,6,1000,Delhi -> Mumbai
1832,Delhi,Mumbai,23-06-2022,29-06-2022,Air India,AI-839,21:30,"23:50
+1D",26h 20m,1 stop,14145,11,23-06-2022 11:00,Morning,6,1580,Delhi -> Mumbai
1833,Delhi,Mumbai,23-06-2022,29-06-2022,Air India,AI-885,10:45,16:35,5h 50m,1 stop,14460,19,23-06-2022 19:00,Evening,6,350,Delhi -> Mumbai
1834,Delhi,Mumbai,23-06-2022,29-06-2022,Vistara,UK-899,14:45,20:30,5h 45m,1 stop,14457,3,23-06-2022 03:00,Night,6,345,Delhi -> Mumbai
1835,Delhi,Mumbai,23-06-2022,29-06-2022,Air India,AI-883,22:00,"08:05
+1D",10h 5m,1 stop,14460,8,23-06-2022 08:00,Morning,6,605,Delhi -> Mumbai
1836,Delhi,Mumbai,23-06-2022,29-06-2022,Air India,AI-885,10:45,"00:35
+1D",13h 50m,1 stop,14460,5,23-06-2022 05:00,Morning,6,830,Delhi -> Mumbai
1837,Delhi,Mumbai,23-06-2022,29-06-2022,Air India,AI-883,22:00,"16:35
+1D",18h 35m,1 stop,14460,15,23-06-2022 15:00,Afternoon,6,1115,Delhi -> Mumbai
1838,Delhi,Mumbai,23-06-2022,29-06-2022,Air India,AI-411,07:05,16:25,9h 20m,1 stop,14985,21,23-06-2022 21:00,Night,6,560,Delhi -> Mumbai
1839,Delhi,Mumbai,23-06-2022,29-06-2022,Air India,AI-406,10:15,15:40,5h 25m,1 stop,15300,21,23-06-2022 21:00,Night,6,325,Delhi -> Mumbai
1840,Delhi,Mumbai,23-06-2022,29-06-2022,Vistara,UK-673,13:20,18:20,5h 0m,1 stop,15295,20,23-06-2022 20:00,Evening,6,300,Delhi -> Mumbai
1841,Delhi,Mumbai,23-06-2022,29-06-2022,Vistara,UK-781,17:50,23:30,5h 40m,1 stop,15505,20,23-06-2022 20:00,Evening,6,340,Delhi -> Mumbai
1842,Delhi,Mumbai,23-06-2022,29-06-2022,Air India,AI-479,21:15,"11:35
+1D",14h 20m,1 stop,15575,1,23-06-2022 01:00,Night,6,860,Delhi -> Mumbai
1843,Delhi,Mumbai,23-06-2022,29-06-2022,Air India,AI-415,16:45,"12:05
+1D",19h 20m,1 stop,15541,23,23-06-2022 23:00,Night,6,1160,Delhi -> Mumbai
1844,Delhi,Mumbai,23-06-2022,29-06-2022,Air India,AI-877,11:10,17:15,6h 5m,1 stop,15720,7,23-06-2022 07:00,Morning,6,365,Delhi -> Mumbai
1845,Delhi,Mumbai,23-06-2022,29-06-2022,Air India,AI-473,18:40,"17:15
+1D",22h 35m,1 stop,15720,10,23-06-2022 10:00,Morning,6,1355,Delhi -> Mumbai
1846,Delhi,Mumbai,23-06-2022,29-06-2022,Vistara,UK-811,06:15,12:00,5h 45m,1 stop,16135,12,23-06-2022 12:00,Afternoon,6,345,Delhi -> Mumbai
1847,Delhi,Mumbai,23-06-2022,29-06-2022,Vistara,UK-813,17:35,23:25,5h 50m,1 stop,16135,16,23-06-2022 16:00,Afternoon,6,350,Delhi -> Mumbai
1848,Delhi,Mumbai,23-06-2022,29-06-2022,Air India,AI-502,13:30,21:05,7h 35m,1 stop,16140,7,23-06-2022 07:00,Morning,6,455,Delhi -> Mumbai
1849,Delhi,Mumbai,23-06-2022,29-06-2022,Air India,AI-506,09:45,21:05,11h 20m,1 stop,16140,20,23-06-2022 20:00,Evening,6,680,Delhi -> Mumbai
1850,Delhi,Mumbai,23-06-2022,29-06-2022,Air India,AI-504,21:15,"08:35
+1D",11h 20m,1 stop,16140,17,23-06-2022 17:00,Evening,6,680,Delhi -> Mumbai
1851,Delhi,Mumbai,23-06-2022,29-06-2022,Air India,AI-504,21:15,"10:35
+1D",13h 20m,1 stop,16140,17,23-06-2022 17:00,Evening,6,800,Delhi -> Mumbai
1852,Delhi,Mumbai,23-06-2022,29-06-2022,Air India,AI-803,06:10,21:05,14h 55m,1 stop,16140,13,23-06-2022 13:00,Afternoon,6,895,Delhi -> Mumbai
1853,Delhi,Mumbai,23-06-2022,29-06-2022,Air India,AI-502,13:30,"08:35
+1D",19h 5m,1 stop,16140,14,23-06-2022 14:00,Afternoon,6,1145,Delhi -> Mumbai
1854,Delhi,Mumbai,23-06-2022,29-06-2022,Air India,AI-506,09:45,"08:35
+1D",22h 50m,1 stop,16140,5,23-06-2022 05:00,Morning,6,1370,Delhi -> Mumbai
1855,Delhi,Mumbai,23-06-2022,29-06-2022,Air India,AI-807,17:15,"08:35
+1D",15h 20m,1 stop,16875,10,23-06-2022 10:00,Morning,6,920,Delhi -> Mumbai
1856,Delhi,Mumbai,23-06-2022,29-06-2022,Air India,AI-807,17:15,"10:35
+1D",17h 20m,1 stop,16875,12,23-06-2022 12:00,Afternoon,6,1040,Delhi -> Mumbai
1857,Delhi,Mumbai,23-06-2022,29-06-2022,Air India,AI-451,15:00,"16:25
+1D",25h 25m,1 stop,16770,0,23-06-2022 00:00,Night,6,1525,Delhi -> Mumbai
1858,Delhi,Mumbai,23-06-2022,29-06-2022,Vistara,UK-817,16:05,21:50,5h 45m,1 stop,17714,5,23-06-2022 05:00,Morning,6,345,Delhi -> Mumbai
1859,Delhi,Mumbai,23-06-2022,29-06-2022,Vistara,UK-707,17:30,23:30,6h 0m,1 stop,17605,8,23-06-2022 08:00,Morning,6,360,Delhi -> Mumbai
1860,Delhi,Mumbai,23-06-2022,29-06-2022,Air India,AI-767,12:10,20:15,8h 5m,1 stop,17610,7,23-06-2022 07:00,Morning,6,485,Delhi -> Mumbai
1861,Delhi,Mumbai,23-06-2022,29-06-2022,Air India,AI-439,05:55,17:10,11h 15m,1 stop,17610,10,23-06-2022 10:00,Morning,6,675,Delhi -> Mumbai
1862,Delhi,Mumbai,23-06-2022,29-06-2022,Air India,AI-540,20:40,"08:05
+1D",11h 25m,1 stop,17610,21,23-06-2022 21:00,Night,6,685,Delhi -> Mumbai
1863,Delhi,Mumbai,23-06-2022,29-06-2022,Air India,AI-401,06:50,20:15,13h 25m,1 stop,17610,18,23-06-2022 18:00,Evening,6,805,Delhi -> Mumbai
1864,Delhi,Mumbai,23-06-2022,29-06-2022,Air India,AI-762,20:15,"12:20
+1D",16h 5m,1 stop,17610,23,23-06-2022 23:00,Night,6,965,Delhi -> Mumbai
1865,Delhi,Mumbai,23-06-2022,29-06-2022,Air India,AI-764,16:45,"12:20
+1D",19h 35m,1 stop,17610,8,23-06-2022 08:00,Morning,6,1175,Delhi -> Mumbai
1866,Delhi,Mumbai,23-06-2022,29-06-2022,Air India,AI-540,20:40,"17:10
+1D",20h 30m,1 stop,17610,16,23-06-2022 16:00,Afternoon,6,1230,Delhi -> Mumbai
1867,Delhi,Mumbai,23-06-2022,29-06-2022,Air India,AI-762,20:15,"20:15
+1D",24h 0m,1 stop,17610,11,23-06-2022 11:00,Morning,6,1440,Delhi -> Mumbai
1868,Delhi,Mumbai,23-06-2022,29-06-2022,Air India,AI-764,16:45,"20:15
+1D",27h 30m,1 stop,17610,13,23-06-2022 13:00,Afternoon,6,1650,Delhi -> Mumbai
1869,Delhi,Mumbai,23-06-2022,29-06-2022,Vistara,UK-705,07:30,13:00,5h 30m,1 stop,17922,14,23-06-2022 14:00,Afternoon,6,330,Delhi -> Mumbai
1870,Delhi,Mumbai,23-06-2022,29-06-2022,Vistara,UK-819,14:15,20:15,6h 0m,1 stop,17922,15,23-06-2022 15:00,Afternoon,6,360,Delhi -> Mumbai
1871,Delhi,Mumbai,23-06-2022,29-06-2022,Vistara,UK-643,14:10,19:00,4h 50m,1 stop,18447,21,23-06-2022 21:00,Night,6,290,Delhi -> Mumbai
1872,Delhi,Mumbai,23-06-2022,29-06-2022,Air India,AI-407,13:45,"12:05
+1D",22h 20m,1 stop,19531,21,23-06-2022 21:00,Night,6,1340,Delhi -> Mumbai
1873,Delhi,Mumbai,23-06-2022,29-06-2022,Air India,AI-801,15:00,22:40,7h 40m,1 stop,20340,19,23-06-2022 19:00,Evening,6,460,Delhi -> Mumbai
1874,Delhi,Mumbai,23-06-2022,29-06-2022,Air India,AI-537,16:15,"08:05
+1D",15h 50m,1 stop,23070,0,23-06-2022 00:00,Night,6,950,Delhi -> Mumbai
1875,Delhi,Mumbai,23-06-2022,29-06-2022,Air India,AI-537,16:15,"17:10
+1D",24h 55m,1 stop,23070,9,23-06-2022 09:00,Morning,6,1495,Delhi -> Mumbai
1876,Delhi,Mumbai,23-06-2022,29-06-2022,Air India,AI-465,16:55,"10:10
+1D",17h 15m,1 stop,25908,7,23-06-2022 07:00,Morning,6,1035,Delhi -> Mumbai
1877,Delhi,Mumbai,23-06-2022,30-06-2022,GO FIRST,G8-2501,02:40,04:50,2h 10m,non-stop,8579,17,23-06-2022 17:00,Evening,7,130,Delhi -> Mumbai
1878,Delhi,Mumbai,23-06-2022,30-06-2022,IndiGo,6E-2112,05:30,07:40,2h 10m,non-stop,8579,0,23-06-2022 00:00,Night,7,130,Delhi -> Mumbai
1879,Delhi,Mumbai,23-06-2022,30-06-2022,Vistara,UK-975,05:55,07:55,2h 0m,non-stop,8578,1,23-06-2022 01:00,Night,7,120,Delhi -> Mumbai
1880,Delhi,Mumbai,23-06-2022,30-06-2022,IndiGo,6E-5023,06:30,08:35,2h 5m,non-stop,8579,0,23-06-2022 00:00,Night,7,125,Delhi -> Mumbai
1881,Delhi,Mumbai,23-06-2022,30-06-2022,Air India,AI-887,07:00,09:05,2h 5m,non-stop,8580,0,23-06-2022 00:00,Night,7,125,Delhi -> Mumbai
1882,Delhi,Mumbai,23-06-2022,30-06-2022,GO FIRST,G8-334,07:00,09:15,2h 15m,non-stop,8579,8,23-06-2022 08:00,Morning,7,135,Delhi -> Mumbai
1883,Delhi,Mumbai,23-06-2022,30-06-2022,IndiGo,6E-6814,07:20,09:25,2h 5m,non-stop,8579,12,23-06-2022 12:00,Afternoon,7,125,Delhi -> Mumbai
1884,Delhi,Mumbai,23-06-2022,30-06-2022,SpiceJet,SG-8701,07:20,09:35,2h 15m,non-stop,8579,0,23-06-2022 00:00,Night,7,135,Delhi -> Mumbai
1885,Delhi,Mumbai,23-06-2022,30-06-2022,Vistara,UK-943,07:30,09:45,2h 15m,non-stop,8578,12,23-06-2022 12:00,Afternoon,7,135,Delhi -> Mumbai
1886,Delhi,Mumbai,23-06-2022,30-06-2022,Air India,AI-665,08:00,10:10,2h 10m,non-stop,8580,19,23-06-2022 19:00,Evening,7,130,Delhi -> Mumbai
1887,Delhi,Mumbai,23-06-2022,30-06-2022,IndiGo,6E-2129,08:00,10:20,2h 20m,non-stop,8579,21,23-06-2022 21:00,Night,7,140,Delhi -> Mumbai
1888,Delhi,Mumbai,23-06-2022,30-06-2022,IndiGo,6E-6278,08:45,11:00,2h 15m,non-stop,8579,6,23-06-2022 06:00,Morning,7,135,Delhi -> Mumbai
1889,Delhi,Mumbai,23-06-2022,30-06-2022,Vistara,UK-963,08:50,11:10,2h 20m,non-stop,8578,1,23-06-2022 01:00,Night,7,140,Delhi -> Mumbai
1890,Delhi,Mumbai,23-06-2022,30-06-2022,Vistara,UK-927,09:30,11:35,2h 5m,non-stop,8578,5,23-06-2022 05:00,Morning,7,125,Delhi -> Mumbai
1891,Delhi,Mumbai,23-06-2022,30-06-2022,Vistara,UK-995,10:20,12:35,2h 15m,non-stop,8578,6,23-06-2022 06:00,Morning,7,135,Delhi -> Mumbai
1892,Delhi,Mumbai,23-06-2022,30-06-2022,IndiGo,6E-5342,10:45,12:50,2h 5m,non-stop,8579,13,23-06-2022 13:00,Afternoon,7,125,Delhi -> Mumbai
1893,Delhi,Mumbai,23-06-2022,30-06-2022,GO FIRST,G8-338,10:55,13:10,2h 15m,non-stop,8579,17,23-06-2022 17:00,Evening,7,135,Delhi -> Mumbai
1894,Delhi,Mumbai,23-06-2022,30-06-2022,Vistara,UK-945,11:40,14:00,2h 20m,non-stop,8578,14,23-06-2022 14:00,Afternoon,7,140,Delhi -> Mumbai
1895,Delhi,Mumbai,23-06-2022,30-06-2022,IndiGo,6E-2138,11:55,13:55,2h 0m,non-stop,8579,1,23-06-2022 01:00,Night,7,120,Delhi -> Mumbai
1896,Delhi,Mumbai,23-06-2022,30-06-2022,Vistara,UK-993,12:50,15:00,2h 10m,non-stop,8578,9,23-06-2022 09:00,Morning,7,130,Delhi -> Mumbai
1897,Delhi,Mumbai,23-06-2022,30-06-2022,GO FIRST,G8-336,14:00,16:10,2h 10m,non-stop,8579,22,23-06-2022 22:00,Night,7,130,Delhi -> Mumbai
1898,Delhi,Mumbai,23-06-2022,30-06-2022,Air India,AI-863,14:00,16:15,2h 15m,non-stop,8580,11,23-06-2022 11:00,Morning,7,135,Delhi -> Mumbai
1899,Delhi,Mumbai,23-06-2022,30-06-2022,IndiGo,6E-2176,14:10,16:20,2h 10m,non-stop,8579,16,23-06-2022 16:00,Afternoon,7,130,Delhi -> Mumbai
1900,Delhi,Mumbai,23-06-2022,30-06-2022,Vistara,UK-951,14:20,16:30,2h 10m,non-stop,8578,7,23-06-2022 07:00,Morning,7,130,Delhi -> Mumbai
1901,Delhi,Mumbai,23-06-2022,30-06-2022,IndiGo,6E-5306,15:25,17:35,2h 10m,non-stop,8579,10,23-06-2022 10:00,Morning,7,130,Delhi -> Mumbai
1902,Delhi,Mumbai,23-06-2022,30-06-2022,Vistara,UK-933,15:30,17:40,2h 10m,non-stop,8578,2,23-06-2022 02:00,Night,7,130,Delhi -> Mumbai
1903,Delhi,Mumbai,23-06-2022,30-06-2022,IndiGo,6E-864,16:15,18:25,2h 10m,non-stop,8579,5,23-06-2022 05:00,Morning,7,130,Delhi -> Mumbai
1904,Delhi,Mumbai,23-06-2022,30-06-2022,Vistara,UK-941,16:45,19:05,2h 20m,non-stop,8578,8,23-06-2022 08:00,Morning,7,140,Delhi -> Mumbai
1905,Delhi,Mumbai,23-06-2022,30-06-2022,IndiGo,6E-5318,17:00,19:05,2h 5m,non-stop,8579,5,23-06-2022 05:00,Morning,7,125,Delhi -> Mumbai
1906,Delhi,Mumbai,23-06-2022,30-06-2022,Vistara,UK-955,17:45,20:05,2h 20m,non-stop,8578,8,23-06-2022 08:00,Morning,7,140,Delhi -> Mumbai
1907,Delhi,Mumbai,23-06-2022,30-06-2022,IndiGo,6E-2017,18:10,20:25,2h 15m,non-stop,8579,6,23-06-2022 06:00,Morning,7,135,Delhi -> Mumbai
1908,Delhi,Mumbai,23-06-2022,30-06-2022,GO FIRST,G8-346,18:30,20:40,2h 10m,non-stop,8579,8,23-06-2022 08:00,Morning,7,130,Delhi -> Mumbai
1909,Delhi,Mumbai,23-06-2022,30-06-2022,Vistara,UK-977,18:55,21:15,2h 20m,non-stop,8578,17,23-06-2022 17:00,Evening,7,140,Delhi -> Mumbai
1910,Delhi,Mumbai,23-06-2022,30-06-2022,SpiceJet,SG-8709,19:00,21:10,2h 10m,non-stop,8579,11,23-06-2022 11:00,Morning,7,130,Delhi -> Mumbai
1911,Delhi,Mumbai,23-06-2022,30-06-2022,Air India,AI-624,19:00,21:15,2h 15m,non-stop,8580,7,23-06-2022 07:00,Morning,7,135,Delhi -> Mumbai
1912,Delhi,Mumbai,23-06-2022,30-06-2022,Vistara,UK-985,19:45,21:55,2h 10m,non-stop,8578,7,23-06-2022 07:00,Morning,7,130,Delhi -> Mumbai
1913,Delhi,Mumbai,23-06-2022,30-06-2022,IndiGo,6E-6261,19:45,21:55,2h 10m,non-stop,8579,17,23-06-2022 17:00,Evening,7,130,Delhi -> Mumbai
1914,Delhi,Mumbai,23-06-2022,30-06-2022,SpiceJet,SG-8169,19:45,22:00,2h 15m,non-stop,8579,19,23-06-2022 19:00,Evening,7,135,Delhi -> Mumbai
1915,Delhi,Mumbai,23-06-2022,30-06-2022,Air India,AI-805,20:00,22:10,2h 10m,non-stop,8580,14,23-06-2022 14:00,Afternoon,7,130,Delhi -> Mumbai
1916,Delhi,Mumbai,23-06-2022,30-06-2022,Vistara,UK-953,20:40,22:50,2h 10m,non-stop,8578,6,23-06-2022 06:00,Morning,7,130,Delhi -> Mumbai
1917,Delhi,Mumbai,23-06-2022,30-06-2022,GO FIRST,G8-323,20:45,23:00,2h 15m,non-stop,8579,10,23-06-2022 10:00,Morning,7,135,Delhi -> Mumbai
1918,Delhi,Mumbai,23-06-2022,30-06-2022,GO FIRST,G8-328,20:55,23:25,2h 30m,non-stop,8579,19,23-06-2022 19:00,Evening,7,150,Delhi -> Mumbai
1919,Delhi,Mumbai,23-06-2022,30-06-2022,Air India,AI-605,21:15,23:35,2h 20m,non-stop,8580,15,23-06-2022 15:00,Afternoon,7,140,Delhi -> Mumbai
1920,Delhi,Mumbai,23-06-2022,30-06-2022,Vistara,UK-981,21:30,23:30,2h 0m,non-stop,8578,3,23-06-2022 03:00,Night,7,120,Delhi -> Mumbai
1921,Delhi,Mumbai,23-06-2022,30-06-2022,SpiceJet,SG-711,21:40,23:55,2h 15m,non-stop,8579,5,23-06-2022 05:00,Morning,7,135,Delhi -> Mumbai
1922,Delhi,Mumbai,23-06-2022,30-06-2022,IndiGo,6E-2114,21:45,"00:10
+1D",2h 25m,non-stop,8579,21,23-06-2022 21:00,Night,7,145,Delhi -> Mumbai
1923,Delhi,Mumbai,23-06-2022,30-06-2022,GO FIRST,G8-354,22:45,"01:00
+1D",2h 15m,non-stop,8579,2,23-06-2022 02:00,Night,7,135,Delhi -> Mumbai
1924,Delhi,Mumbai,23-06-2022,30-06-2022,IndiGo,6E-2519,23:35,"01:40
+1D",2h 5m,non-stop,8579,8,23-06-2022 08:00,Morning,7,125,Delhi -> Mumbai
1925,Delhi,Mumbai,23-06-2022,30-06-2022,Air India,AI-865,10:00,12:35,2h 35m,non-stop,8580,9,23-06-2022 09:00,Morning,7,155,Delhi -> Mumbai
1926,Delhi,Mumbai,23-06-2022,30-06-2022,Air India,AI-636,14:30,18:10,3h 40m,1 stop,8580,13,23-06-2022 13:00,Afternoon,7,220,Delhi -> Mumbai
1927,Delhi,Mumbai,23-06-2022,30-06-2022,GO FIRST,G8-719,05:55,10:20,4h 25m,1 stop,8579,10,23-06-2022 10:00,Morning,7,265,Delhi -> Mumbai
1928,Delhi,Mumbai,23-06-2022,30-06-2022,SpiceJet,SG-2962,06:15,10:55,4h 40m,1 stop,8579,17,23-06-2022 17:00,Evening,7,280,Delhi -> Mumbai
1929,Delhi,Mumbai,23-06-2022,30-06-2022,Air India,AI-441,17:55,22:10,4h 15m,1 stop,8580,21,23-06-2022 21:00,Night,7,255,Delhi -> Mumbai
1930,Delhi,Mumbai,23-06-2022,30-06-2022,GO FIRST,G8-190,05:20,10:45,5h 25m,1 stop,8579,11,23-06-2022 11:00,Morning,7,325,Delhi -> Mumbai
1931,Delhi,Mumbai,23-06-2022,30-06-2022,SpiceJet,SG-751,11:30,18:00,6h 30m,1 stop,8579,22,23-06-2022 22:00,Night,7,390,Delhi -> Mumbai
1932,Delhi,Mumbai,23-06-2022,30-06-2022,GO FIRST,G8-717,13:35,19:40,6h 5m,1 stop,8579,11,23-06-2022 11:00,Morning,7,365,Delhi -> Mumbai
1933,Delhi,Mumbai,23-06-2022,30-06-2022,SpiceJet,SG-3749,15:30,21:45,6h 15m,1 stop,8579,12,23-06-2022 12:00,Afternoon,7,375,Delhi -> Mumbai
1934,Delhi,Mumbai,23-06-2022,30-06-2022,SpiceJet,SG-8171,12:05,18:50,6h 45m,1 stop,8579,12,23-06-2022 12:00,Afternoon,7,405,Delhi -> Mumbai
1935,Delhi,Mumbai,23-06-2022,30-06-2022,Vistara,UK-929,21:20,"06:15
+1D",8h 55m,1 stop,8714,18,23-06-2022 18:00,Evening,7,535,Delhi -> Mumbai
1936,Delhi,Mumbai,23-06-2022,30-06-2022,Vistara,UK-929,21:20,"09:40
+1D",12h 20m,1 stop,8714,18,23-06-2022 18:00,Evening,7,740,Delhi -> Mumbai
1937,Delhi,Mumbai,23-06-2022,30-06-2022,Vistara,UK-959,06:30,"06:15
+1D",23h 45m,1 stop,8714,22,23-06-2022 22:00,Night,7,1425,Delhi -> Mumbai
1938,Delhi,Mumbai,23-06-2022,30-06-2022,Vistara,UK-929,21:20,"23:05
+1D",25h 45m,1 stop,8714,13,23-06-2022 13:00,Afternoon,7,1545,Delhi -> Mumbai
1939,Delhi,Mumbai,23-06-2022,30-06-2022,Air Asia,I5-740,08:10,20:40,12h 30m,1 stop,9107,3,23-06-2022 03:00,Night,7,750,Delhi -> Mumbai
1940,Delhi,Mumbai,23-06-2022,30-06-2022,Air Asia,I5-552,10:40,23:45,13h 5m,1 stop,9107,12,23-06-2022 12:00,Afternoon,7,785,Delhi -> Mumbai
1941,Delhi,Mumbai,23-06-2022,30-06-2022,Vistara,UK-959,06:30,23:05,16h 35m,1 stop,9451,7,23-06-2022 07:00,Morning,7,995,Delhi -> Mumbai
1942,Delhi,Mumbai,23-06-2022,30-06-2022,Vistara,UK-969,18:10,23:05,4h 55m,1 stop,9976,22,23-06-2022 22:00,Night,7,295,Delhi -> Mumbai
1943,Delhi,Mumbai,23-06-2022,30-06-2022,Vistara,UK-969,18:10,"06:15
+1D",12h 5m,1 stop,9976,20,23-06-2022 20:00,Evening,7,725,Delhi -> Mumbai
1944,Delhi,Mumbai,23-06-2022,30-06-2022,Vistara,UK-969,18:10,"09:40
+1D",15h 30m,1 stop,9976,22,23-06-2022 22:00,Night,7,930,Delhi -> Mumbai
1945,Delhi,Mumbai,23-06-2022,30-06-2022,IndiGo,6E-7403,07:20,12:05,4h 45m,1 stop,10522,18,23-06-2022 18:00,Evening,7,285,Delhi -> Mumbai
1946,Delhi,Mumbai,23-06-2022,30-06-2022,IndiGo,6E-761,18:45,"00:05
+1D",5h 20m,1 stop,10942,11,23-06-2022 11:00,Morning,7,320,Delhi -> Mumbai
1947,Delhi,Mumbai,23-06-2022,30-06-2022,Air India,AI-481,08:40,"09:40
+1D",25h 0m,1 stop,11172,17,23-06-2022 17:00,Evening,7,1500,Delhi -> Mumbai
1948,Delhi,Mumbai,23-06-2022,30-06-2022,Air India,AI-497,05:15,09:20,4h 5m,1 stop,12675,5,23-06-2022 05:00,Morning,7,245,Delhi -> Mumbai
1949,Delhi,Mumbai,23-06-2022,30-06-2022,IndiGo,6E-2168,17:50,22:10,4h 20m,1 stop,12622,17,23-06-2022 17:00,Evening,7,260,Delhi -> Mumbai
1950,Delhi,Mumbai,23-06-2022,30-06-2022,IndiGo,6E-2077,05:20,10:35,5h 15m,1 stop,12622,18,23-06-2022 18:00,Evening,7,315,Delhi -> Mumbai
1951,Delhi,Mumbai,23-06-2022,30-06-2022,IndiGo,6E-6373,06:30,11:20,4h 50m,1 stop,12622,21,23-06-2022 21:00,Night,7,290,Delhi -> Mumbai
1952,Delhi,Mumbai,23-06-2022,30-06-2022,IndiGo,6E-2141,13:35,18:45,5h 10m,1 stop,12622,4,23-06-2022 04:00,Night,7,310,Delhi -> Mumbai
1953,Delhi,Mumbai,23-06-2022,30-06-2022,IndiGo,6.00E-153,19:35,"00:40
+1D",5h 5m,1 stop,12622,23,23-06-2022 23:00,Night,7,305,Delhi -> Mumbai
1954,Delhi,Mumbai,23-06-2022,30-06-2022,IndiGo,6.00E-184,09:50,15:45,5h 55m,1 stop,12622,8,23-06-2022 08:00,Morning,7,355,Delhi -> Mumbai
1955,Delhi,Mumbai,23-06-2022,30-06-2022,IndiGo,6E-6022,11:15,16:55,5h 40m,1 stop,12622,2,23-06-2022 02:00,Night,7,340,Delhi -> Mumbai
1956,Delhi,Mumbai,23-06-2022,30-06-2022,Vistara,UK-913,05:55,15:50,9h 55m,1 stop,12670,9,23-06-2022 09:00,Morning,7,595,Delhi -> Mumbai
1957,Delhi,Mumbai,23-06-2022,30-06-2022,Air India,AI-469,05:20,16:25,11h 5m,2 stops,13265,18,23-06-2022 18:00,Evening,7,665,Delhi -> Mumbai
1958,Delhi,Mumbai,23-06-2022,30-06-2022,Vistara,UK-637,17:10,22:20,5h 10m,1 stop,13615,2,23-06-2022 02:00,Night,7,310,Delhi -> Mumbai
1959,Delhi,Mumbai,23-06-2022,30-06-2022,Vistara,UK-637,17:10,"11:15
+1D",18h 5m,1 stop,13615,21,23-06-2022 21:00,Night,7,1085,Delhi -> Mumbai
1960,Delhi,Mumbai,23-06-2022,30-06-2022,Vistara,UK-879,17:35,23:00,5h 25m,1 stop,14140,14,23-06-2022 14:00,Afternoon,7,325,Delhi -> Mumbai
1961,Delhi,Mumbai,23-06-2022,30-06-2022,Air India,AI-403,12:50,19:15,6h 25m,1 stop,14007,0,23-06-2022 00:00,Night,7,385,Delhi -> Mumbai
1962,Delhi,Mumbai,23-06-2022,30-06-2022,Air India,AI-560,07:10,23:50,16h 40m,1 stop,14145,6,23-06-2022 06:00,Morning,7,1000,Delhi -> Mumbai
1963,Delhi,Mumbai,23-06-2022,30-06-2022,Vistara,UK-899,14:45,20:30,5h 45m,1 stop,14457,11,23-06-2022 11:00,Morning,7,345,Delhi -> Mumbai
1964,Delhi,Mumbai,23-06-2022,30-06-2022,SpiceJet,SG-8963,09:25,16:10,6h 45m,1 stop,14529,16,23-06-2022 16:00,Afternoon,7,405,Delhi -> Mumbai
1965,Delhi,Mumbai,23-06-2022,30-06-2022,Air India,AI-883,22:00,"08:05
+1D",10h 5m,1 stop,14460,20,23-06-2022 20:00,Evening,7,605,Delhi -> Mumbai
1966,Delhi,Mumbai,23-06-2022,30-06-2022,Air India,AI-883,22:00,"16:35
+1D",18h 35m,1 stop,14460,23,23-06-2022 23:00,Night,7,1115,Delhi -> Mumbai
1967,Delhi,Mumbai,23-06-2022,30-06-2022,Air India,AI-542,09:45,23:50,14h 5m,1 stop,14670,19,23-06-2022 19:00,Evening,7,845,Delhi -> Mumbai
1968,Delhi,Mumbai,23-06-2022,30-06-2022,Air India,AI-406,10:15,15:40,5h 25m,1 stop,15300,4,23-06-2022 04:00,Night,7,325,Delhi -> Mumbai
1969,Delhi,Mumbai,23-06-2022,30-06-2022,Vistara,UK-673,13:20,18:20,5h 0m,1 stop,15295,3,23-06-2022 03:00,Night,7,300,Delhi -> Mumbai
1970,Delhi,Mumbai,23-06-2022,30-06-2022,Air India,AI-885,10:45,16:35,5h 50m,1 stop,15195,11,23-06-2022 11:00,Morning,7,350,Delhi -> Mumbai
1971,Delhi,Mumbai,23-06-2022,30-06-2022,Air India,AI-885,10:45,"00:35
+1D",13h 50m,1 stop,15195,19,23-06-2022 19:00,Evening,7,830,Delhi -> Mumbai
1972,Delhi,Mumbai,23-06-2022,30-06-2022,Air India,AI-839,21:30,"23:50
+1D",26h 20m,1 stop,15353,23,23-06-2022 23:00,Night,7,1580,Delhi -> Mumbai
1973,Delhi,Mumbai,23-06-2022,30-06-2022,Vistara,UK-781,17:50,23:30,5h 40m,1 stop,15505,17,23-06-2022 17:00,Evening,7,340,Delhi -> Mumbai
1974,Delhi,Mumbai,23-06-2022,30-06-2022,Air India,AI-479,21:15,"11:35
+1D",14h 20m,1 stop,15575,16,23-06-2022 16:00,Afternoon,7,860,Delhi -> Mumbai
1975,Delhi,Mumbai,23-06-2022,30-06-2022,Air India,AI-415,16:45,"12:05
+1D",19h 20m,1 stop,15541,18,23-06-2022 18:00,Evening,7,1160,Delhi -> Mumbai
1976,Delhi,Mumbai,23-06-2022,30-06-2022,Air India,AI-877,11:10,17:15,6h 5m,1 stop,15720,8,23-06-2022 08:00,Morning,7,365,Delhi -> Mumbai
1977,Delhi,Mumbai,23-06-2022,30-06-2022,Air India,AI-473,18:40,"17:15
+1D",22h 35m,1 stop,15720,3,23-06-2022 03:00,Night,7,1355,Delhi -> Mumbai
1978,Delhi,Mumbai,23-06-2022,30-06-2022,Vistara,UK-811,06:15,12:00,5h 45m,1 stop,16135,20,23-06-2022 20:00,Evening,7,345,Delhi -> Mumbai
1979,Delhi,Mumbai,23-06-2022,30-06-2022,Vistara,UK-813,17:35,23:25,5h 50m,1 stop,16135,1,23-06-2022 01:00,Night,7,350,Delhi -> Mumbai
1980,Delhi,Mumbai,23-06-2022,30-06-2022,Air India,AI-504,21:15,"08:35
+1D",11h 20m,1 stop,16140,3,23-06-2022 03:00,Night,7,680,Delhi -> Mumbai
1981,Delhi,Mumbai,23-06-2022,30-06-2022,Air India,AI-504,21:15,"10:35
+1D",13h 20m,1 stop,16140,1,23-06-2022 01:00,Night,7,800,Delhi -> Mumbai
1982,Delhi,Mumbai,23-06-2022,30-06-2022,Air India,AI-803,06:10,21:05,14h 55m,1 stop,16140,14,23-06-2022 14:00,Afternoon,7,895,Delhi -> Mumbai
1983,Delhi,Mumbai,23-06-2022,30-06-2022,Air India,AI-807,16:45,"08:35
+1D",15h 50m,1 stop,16140,1,23-06-2022 01:00,Night,7,950,Delhi -> Mumbai
1984,Delhi,Mumbai,23-06-2022,30-06-2022,Air India,AI-807,16:45,"10:35
+1D",17h 50m,1 stop,16140,3,23-06-2022 03:00,Night,7,1070,Delhi -> Mumbai
1985,Delhi,Mumbai,23-06-2022,30-06-2022,Air India,AI-425,05:45,"08:55
+1D",27h 10m,2 stops,16455,5,23-06-2022 05:00,Morning,7,1630,Delhi -> Mumbai
1986,Delhi,Mumbai,23-06-2022,30-06-2022,Air India,AI-485,05:30,16:25,10h 55m,1 stop,16770,6,23-06-2022 06:00,Morning,7,655,Delhi -> Mumbai
1987,Delhi,Mumbai,23-06-2022,30-06-2022,Air India,AI-407,13:45,"12:05
+1D",22h 20m,1 stop,16801,9,23-06-2022 09:00,Morning,7,1340,Delhi -> Mumbai
1988,Delhi,Mumbai,23-06-2022,30-06-2022,GO FIRST,G8-190,05:20,11:30,6h 10m,1 stop,17450,18,23-06-2022 18:00,Evening,7,370,Delhi -> Mumbai
1989,Delhi,Mumbai,23-06-2022,30-06-2022,Vistara,UK-819,14:15,20:15,6h 0m,1 stop,17397,18,23-06-2022 18:00,Evening,7,360,Delhi -> Mumbai
1990,Delhi,Mumbai,23-06-2022,30-06-2022,Vistara,UK-817,16:05,21:50,5h 45m,1 stop,17397,21,23-06-2022 21:00,Night,7,345,Delhi -> Mumbai
1991,Delhi,Mumbai,23-06-2022,30-06-2022,Vistara,UK-707,17:30,23:30,6h 0m,1 stop,17605,11,23-06-2022 11:00,Morning,7,360,Delhi -> Mumbai
1992,Delhi,Mumbai,23-06-2022,30-06-2022,Air India,AI-439,05:55,17:10,11h 15m,1 stop,17610,2,23-06-2022 02:00,Night,7,675,Delhi -> Mumbai
1993,Delhi,Mumbai,23-06-2022,30-06-2022,Air India,AI-506,09:45,21:05,11h 20m,1 stop,17610,12,23-06-2022 12:00,Afternoon,7,680,Delhi -> Mumbai
1994,Delhi,Mumbai,23-06-2022,30-06-2022,Air India,AI-540,20:40,"08:05
+1D",11h 25m,1 stop,17610,17,23-06-2022 17:00,Evening,7,685,Delhi -> Mumbai
1995,Delhi,Mumbai,23-06-2022,30-06-2022,Air India,AI-401,06:50,20:15,13h 25m,1 stop,17610,7,23-06-2022 07:00,Morning,7,805,Delhi -> Mumbai
1996,Delhi,Mumbai,23-06-2022,30-06-2022,Air India,AI-762,20:15,"12:20
+1D",16h 5m,1 stop,17610,20,23-06-2022 20:00,Evening,7,965,Delhi -> Mumbai
1997,Delhi,Mumbai,23-06-2022,30-06-2022,Air India,AI-540,20:40,"17:10
+1D",20h 30m,1 stop,17610,14,23-06-2022 14:00,Afternoon,7,1230,Delhi -> Mumbai
1998,Delhi,Mumbai,23-06-2022,30-06-2022,Air India,AI-506,09:45,"08:35
+1D",22h 50m,1 stop,17610,0,23-06-2022 00:00,Night,7,1370,Delhi -> Mumbai
1999,Delhi,Mumbai,23-06-2022,30-06-2022,Air India,AI-451,15:00,"16:25
+1D",25h 25m,1 stop,17663,2,23-06-2022 02:00,Night,7,1525,Delhi -> Mumbai
2000,Delhi,Mumbai,23-06-2022,30-06-2022,Vistara,UK-705,07:30,13:00,5h 30m,1 stop,18342,7,23-06-2022 07:00,Morning,7,330,Delhi -> Mumbai
2001,Delhi,Mumbai,23-06-2022,30-06-2022,Air India,AI-429,09:45,17:10,7h 25m,1 stop,18345,3,23-06-2022 03:00,Night,7,445,Delhi -> Mumbai
2002,Delhi,Mumbai,23-06-2022,30-06-2022,Air India,AI-762,20:15,"20:15
+1D",24h 0m,1 stop,18555,15,23-06-2022 15:00,Afternoon,7,1440,Delhi -> Mumbai
2003,Delhi,Mumbai,23-06-2022,30-06-2022,Vistara,UK-643,14:10,19:00,4h 50m,1 stop,19289,22,23-06-2022 22:00,Night,7,290,Delhi -> Mumbai
2004,Delhi,Mumbai,23-06-2022,30-06-2022,Air India,AI-764,16:45,"12:20
+1D",19h 35m,1 stop,19238,9,23-06-2022 09:00,Morning,7,1175,Delhi -> Mumbai
2005,Delhi,Mumbai,23-06-2022,30-06-2022,Air India,AI-767,12:10,20:15,8h 5m,1 stop,20340,11,23-06-2022 11:00,Morning,7,485,Delhi -> Mumbai
2006,Delhi,Mumbai,23-06-2022,30-06-2022,Air India,AI-801,15:00,22:40,7h 40m,1 stop,20340,13,23-06-2022 13:00,Afternoon,7,460,Delhi -> Mumbai
2007,Delhi,Mumbai,23-06-2022,30-06-2022,Air India,AI-764,16:45,"20:15
+1D",27h 30m,1 stop,20183,13,23-06-2022 13:00,Afternoon,7,1650,Delhi -> Mumbai
2008,Delhi,Mumbai,23-06-2022,30-06-2022,Air India,AI-502,13:30,21:05,7h 35m,1 stop,21600,1,23-06-2022 01:00,Night,7,455,Delhi -> Mumbai
2009,Delhi,Mumbai,23-06-2022,30-06-2022,Air India,AI-502,13:30,"08:35
+1D",19h 5m,1 stop,21600,22,23-06-2022 22:00,Night,7,1145,Delhi -> Mumbai
2010,Delhi,Mumbai,23-06-2022,30-06-2022,Air India,AI-537,16:15,"08:05
+1D",15h 50m,1 stop,23070,4,23-06-2022 04:00,Night,7,950,Delhi -> Mumbai
2011,Delhi,Mumbai,23-06-2022,30-06-2022,Air India,AI-537,16:15,"17:10
+1D",24h 55m,1 stop,23070,4,23-06-2022 04:00,Night,7,1495,Delhi -> Mumbai
2012,Delhi,Mumbai,23-06-2022,30-06-2022,Air India,AI-465,16:55,"10:10
+1D",17h 15m,1 stop,27483,5,23-06-2022 05:00,Morning,7,1035,Delhi -> Mumbai
2014,Delhi,Goa,24-06-2022,24-06-2022,GO FIRST,G8- 354,22:45,06:10,07h 25m,1-stop,9419,12,24-06-2022 12:00,Afternoon,0,445,Delhi -> Goa
2015,Delhi,Goa,24-06-2022,24-06-2022,GO FIRST,G8- 328,20:55,06:10,09h 15m,1-stop,9419,8,24-06-2022 08:00,Morning,0,555,Delhi -> Goa
2016,Delhi,Goa,24-06-2022,24-06-2022,GO FIRST,G8- 346,20:45,06:10,09h 25m,1-stop,9419,21,24-06-2022 21:00,Night,0,565,Delhi -> Goa
2017,Delhi,Goa,24-06-2022,24-06-2022,IndiGo,6E- 698,21:05,02:50,05h 45m,1-stop,9734,14,24-06-2022 14:00,Afternoon,0,345,Delhi -> Goa
2019,Delhi,Goa,24-06-2022,24-06-2022,IndiGo,6E- 505,21:45,00:20,02h 35m,non-stop,10522,13,24-06-2022 13:00,Afternoon,0,155,Delhi -> Goa
2021,Delhi,Goa,24-06-2022,24-06-2022,IndiGo,6E-2519,23:35,06:15,06h 40m,1-stop,14092,23,24-06-2022 23:00,Night,0,400,Delhi -> Goa
2027,Delhi,Goa,24-06-2022,24-06-2022,GO FIRST,G8- 354,22:45,12:45,14h 00m,1-stop,15205,6,24-06-2022 06:00,Morning,0,840,Delhi -> Goa
2029,Delhi,Goa,24-06-2022,24-06-2022,IndiGo,6E-2532,20:10,01:55,05h 45m,1-stop,15824,19,24-06-2022 19:00,Evening,0,345,Delhi -> Goa
2030,Delhi,Goa,24-06-2022,24-06-2022,Vistara,UK-981,21:30,12:45,15h 15m,1-stop,16140,1,24-06-2022 01:00,Night,0,915,Delhi -> Goa
2033,Delhi,Goa,24-06-2022,24-06-2022,Vistara,UK-953,20:40,12:45,16h 05m,1-stop,17610,6,24-06-2022 06:00,Morning,0,965,Delhi -> Goa
2034,Delhi,Goa,24-06-2022,24-06-2022,Vistara,UK-929,21:20,12:45,15h 25m,2+-stop,17747,5,24-06-2022 05:00,Morning,0,925,Delhi -> Goa
2035,Delhi,Goa,24-06-2022,24-06-2022,Vistara,UK-929,21:20,12:45,15h 25m,2+-stop,17747,16,24-06-2022 16:00,Afternoon,0,925,Delhi -> Goa
2036,Delhi,Goa,24-06-2022,24-06-2022,Vistara,UK-807,20:40,14:05,17h 25m,1-stop,18975,1,24-06-2022 01:00,Night,0,1045,Delhi -> Goa
2037,Delhi,Goa,24-06-2022,24-06-2022,Air Asia,I5-773,20:00,22:35,02h 35m,non-stop,20339,2,24-06-2022 02:00,Night,0,155,Delhi -> Goa
2039,Delhi,Goa,24-06-2022,24-06-2022,Vistara,UK-981,21:30,14:05,16h 35m,1-stop,23908,4,24-06-2022 04:00,Night,0,995,Delhi -> Goa
2040,Delhi,Goa,24-06-2022,24-06-2022,Vistara,UK-981,21:30,14:05,16h 35m,1-stop,24225,4,24-06-2022 04:00,Night,0,995,Delhi -> Goa
2041,Delhi,Goa,24-06-2022,24-06-2022,Vistara,UK-953,20:40,14:05,17h 25m,1-stop,25378,0,24-06-2022 00:00,Night,0,1045,Delhi -> Goa
2042,Delhi,Goa,24-06-2022,24-06-2022,Vistara,UK-953,20:40,14:05,17h 25m,1-stop,25695,7,24-06-2022 07:00,Morning,0,1045,Delhi -> Goa
2043,Delhi,Goa,24-06-2022,24-06-2022,Vistara,UK-981,21:30,14:05,16h 35m,1-stop,26220,11,24-06-2022 11:00,Morning,0,995,Delhi -> Goa
2044,Delhi,Goa,24-06-2022,24-06-2022,Vistara,UK-953,20:40,14:05,17h 25m,1-stop,27690,23,24-06-2022 23:00,Night,0,1045,Delhi -> Goa
2045,Delhi,Goa,24-06-2022,25-06-2022,Air Asia,I5-773,20:00,22:35,02h 35m,non-stop,9419,3,24-06-2022 03:00,Night,1,155,Delhi -> Goa
2048,Delhi,Goa,24-06-2022,25-06-2022,SpiceJet,SG- 957,15:10,17:40,02h 30m,non-stop,9419,12,24-06-2022 12:00,Afternoon,1,150,Delhi -> Goa
2049,Delhi,Goa,24-06-2022,25-06-2022,SpiceJet,SG-8701,07:20,17:05,09h 45m,1-stop,9419,22,24-06-2022 22:00,Night,1,585,Delhi -> Goa
2050,Delhi,Goa,24-06-2022,25-06-2022,SpiceJet,SG-8169,19:45,12:55,17h 10m,1-stop,9419,14,24-06-2022 14:00,Afternoon,1,1030,Delhi -> Goa
2051,Delhi,Goa,24-06-2022,25-06-2022,SpiceJet,SG-8709,19:00,12:55,17h 55m,1-stop,9419,10,24-06-2022 10:00,Morning,1,1075,Delhi -> Goa
2052,Delhi,Goa,24-06-2022,25-06-2022,SpiceJet,SG-8169,19:45,17:05,21h 20m,1-stop,9419,9,24-06-2022 09:00,Morning,1,1280,Delhi -> Goa
2053,Delhi,Goa,24-06-2022,25-06-2022,SpiceJet,SG-8709,19:00,17:05,22h 05m,1-stop,9419,2,24-06-2022 02:00,Night,1,1325,Delhi -> Goa
2054,Delhi,Goa,24-06-2022,25-06-2022,IndiGo,6E-2117,16:20,18:40,02h 20m,non-stop,9419,21,24-06-2022 21:00,Night,1,140,Delhi -> Goa
2055,Delhi,Goa,24-06-2022,25-06-2022,IndiGo,6E-2792,19:00,21:30,02h 30m,non-stop,9419,13,24-06-2022 13:00,Afternoon,1,150,Delhi -> Goa
2056,Delhi,Goa,24-06-2022,25-06-2022,IndiGo,6E- 505,21:45,00:20,02h 35m,non-stop,9419,15,24-06-2022 15:00,Afternoon,1,155,Delhi -> Goa
2057,Delhi,Goa,24-06-2022,25-06-2022,GO FIRST,G8- 338,10:55,16:40,05h 45m,1-stop,9419,9,24-06-2022 09:00,Morning,1,345,Delhi -> Goa
2058,Delhi,Goa,24-06-2022,25-06-2022,GO FIRST,G8- 338,10:55,17:55,07h 00m,1-stop,9419,9,24-06-2022 09:00,Morning,1,420,Delhi -> Goa
2059,Delhi,Goa,24-06-2022,25-06-2022,GO FIRST,G8- 717,13:35,21:25,07h 50m,1-stop,9419,11,24-06-2022 11:00,Morning,1,470,Delhi -> Goa
2060,Delhi,Goa,24-06-2022,25-06-2022,Air Asia,I5-1732,21:40,06:40,09h 00m,1-stop,9419,8,24-06-2022 08:00,Morning,1,540,Delhi -> Goa
2061,Delhi,Goa,24-06-2022,25-06-2022,GO FIRST,G8- 328,20:55,06:10,09h 15m,1-stop,9419,0,24-06-2022 00:00,Night,1,555,Delhi -> Goa
2062,Delhi,Goa,24-06-2022,25-06-2022,GO FIRST,G8- 334,07:00,16:40,09h 40m,1-stop,9419,4,24-06-2022 04:00,Night,1,580,Delhi -> Goa
2063,Delhi,Goa,24-06-2022,25-06-2022,Air Asia,I5-721,21:00,06:40,09h 40m,1-stop,9419,19,24-06-2022 19:00,Evening,1,580,Delhi -> Goa
2064,Delhi,Goa,24-06-2022,25-06-2022,GO FIRST,G8- 713,20:05,06:40,10h 35m,1-stop,9419,7,24-06-2022 07:00,Morning,1,635,Delhi -> Goa
2065,Delhi,Goa,24-06-2022,25-06-2022,GO FIRST,G8- 334,07:00,17:55,10h 55m,1-stop,9419,10,24-06-2022 10:00,Morning,1,655,Delhi -> Goa
2066,Delhi,Goa,24-06-2022,25-06-2022,GO FIRST,G8- 323,19:15,06:10,10h 55m,1-stop,9419,11,24-06-2022 11:00,Morning,1,655,Delhi -> Goa
2067,Delhi,Goa,24-06-2022,25-06-2022,GO FIRST,G8- 113,05:50,16:55,11h 05m,1-stop,9419,0,24-06-2022 00:00,Night,1,665,Delhi -> Goa
2068,Delhi,Goa,24-06-2022,25-06-2022,Air Asia,I5-764,04:25,17:15,12h 50m,1-stop,9419,21,24-06-2022 21:00,Night,1,770,Delhi -> Goa
2069,Delhi,Goa,24-06-2022,25-06-2022,IndiGo,6E-5161,12:15,14:50,02h 35m,non-stop,9682,19,24-06-2022 19:00,Evening,1,155,Delhi -> Goa
2070,Delhi,Goa,24-06-2022,25-06-2022,Vistara,UK-855,18:40,21:20,02h 40m,non-stop,9735,10,24-06-2022 10:00,Morning,1,160,Delhi -> Goa
2076,Delhi,Goa,24-06-2022,25-06-2022,IndiGo,6E- 153,19:35,00:25,04h 50m,1-stop,9734,4,24-06-2022 04:00,Night,1,290,Delhi -> Goa
2077,Delhi,Goa,24-06-2022,25-06-2022,IndiGo,6E-2017,18:10,23:20,05h 10m,1-stop,9734,14,24-06-2022 14:00,Afternoon,1,310,Delhi -> Goa
2078,Delhi,Goa,24-06-2022,25-06-2022,IndiGo,6E-2487,17:25,22:40,05h 15m,1-stop,9734,4,24-06-2022 04:00,Night,1,315,Delhi -> Goa
2079,Delhi,Goa,24-06-2022,25-06-2022,IndiGo,6E- 698,21:05,02:50,05h 45m,1-stop,9734,11,24-06-2022 11:00,Morning,1,345,Delhi -> Goa
2080,Delhi,Goa,24-06-2022,25-06-2022,IndiGo,6E-2104,19:30,01:20,05h 50m,1-stop,9734,4,24-06-2022 04:00,Night,1,350,Delhi -> Goa
2081,Delhi,Goa,24-06-2022,25-06-2022,IndiGo,6E-2138,11:55,18:10,06h 15m,1-stop,9734,16,24-06-2022 16:00,Afternoon,1,375,Delhi -> Goa
2082,Delhi,Goa,24-06-2022,25-06-2022,IndiGo,6E-5318,17:00,23:20,06h 20m,1-stop,9734,16,24-06-2022 16:00,Afternoon,1,380,Delhi -> Goa
2083,Delhi,Goa,24-06-2022,25-06-2022,IndiGo,6E-2043,12:55,19:20,06h 25m,1-stop,9734,23,24-06-2022 23:00,Night,1,385,Delhi -> Goa
2084,Delhi,Goa,24-06-2022,25-06-2022,IndiGo,6E-6278,08:45,15:15,06h 30m,1-stop,9734,11,24-06-2022 11:00,Morning,1,390,Delhi -> Goa
2085,Delhi,Goa,24-06-2022,25-06-2022,IndiGo,6E-2519,23:35,06:15,06h 40m,1-stop,9734,23,24-06-2022 23:00,Night,1,400,Delhi -> Goa
2086,Delhi,Goa,24-06-2022,25-06-2022,IndiGo,6E- 864,16:15,23:20,07h 05m,1-stop,9734,14,24-06-2022 14:00,Afternoon,1,425,Delhi -> Goa
2087,Delhi,Goa,24-06-2022,25-06-2022,IndiGo,6E-6939,17:20,00:25,07h 05m,1-stop,9734,14,24-06-2022 14:00,Afternoon,1,425,Delhi -> Goa
2088,Delhi,Goa,24-06-2022,25-06-2022,IndiGo,6E-2129,08:00,15:15,07h 15m,1-stop,9734,5,24-06-2022 05:00,Morning,1,435,Delhi -> Goa
2089,Delhi,Goa,24-06-2022,25-06-2022,IndiGo,6E-2143,17:55,01:10,07h 15m,1-stop,9734,11,24-06-2022 11:00,Morning,1,435,Delhi -> Goa
2090,Delhi,Goa,24-06-2022,25-06-2022,IndiGo,6E-6823,18:00,01:20,07h 20m,1-stop,9734,19,24-06-2022 19:00,Evening,1,440,Delhi -> Goa
2091,Delhi,Goa,24-06-2022,25-06-2022,IndiGo,6E-5342,10:45,18:10,07h 25m,1-stop,9734,17,24-06-2022 17:00,Evening,1,445,Delhi -> Goa
2093,Delhi,Goa,24-06-2022,25-06-2022,Air Asia,I5-753,13:00,22:00,09h 00m,1-stop,10260,13,24-06-2022 13:00,Afternoon,1,540,Delhi -> Goa
2094,Delhi,Goa,24-06-2022,25-06-2022,IndiGo,6E-2129,08:00,12:40,04h 40m,1-stop,10795,1,24-06-2022 01:00,Night,1,280,Delhi -> Goa
2095,Delhi,Goa,24-06-2022,25-06-2022,IndiGo,6E-5023,06:30,12:40,06h 10m,1-stop,10795,8,24-06-2022 08:00,Morning,1,370,Delhi -> Goa
2096,Delhi,Goa,24-06-2022,25-06-2022,IndiGo,6E-5024,11:00,13:25,02h 25m,non-stop,10837,4,24-06-2022 04:00,Night,1,145,Delhi -> Goa
2097,Delhi,Goa,24-06-2022,25-06-2022,IndiGo,6E-2144,10:00,12:30,02h 30m,non-stop,10837,19,24-06-2022 19:00,Evening,1,150,Delhi -> Goa
2099,Delhi,Goa,24-06-2022,25-06-2022,Air Asia,I5-753,13:00,17:15,04h 15m,1-stop,10889,0,24-06-2022 00:00,Night,1,255,Delhi -> Goa
2100,Delhi,Goa,24-06-2022,25-06-2022,Air Asia,I5-552,10:40,13:15,02h 35m,non-stop,11309,22,24-06-2022 22:00,Night,1,155,Delhi -> Goa
2102,Delhi,Goa,24-06-2022,25-06-2022,IndiGo,6E- 184,09:50,14:45,04h 55m,1-stop,11855,2,24-06-2022 02:00,Night,1,295,Delhi -> Goa
2103,Delhi,Goa,24-06-2022,25-06-2022,IndiGo,6E-2191,12:45,18:00,05h 15m,1-stop,12385,5,24-06-2022 05:00,Morning,1,315,Delhi -> Goa
2104,Delhi,Goa,24-06-2022,25-06-2022,IndiGo,6E-6814,07:20,12:40,05h 20m,1-stop,12385,4,24-06-2022 04:00,Night,1,320,Delhi -> Goa
2105,Delhi,Goa,24-06-2022,25-06-2022,Vistara,UK-981,21:30,07:50,10h 20m,1-stop,14141,20,24-06-2022 20:00,Evening,1,620,Delhi -> Goa
2106,Delhi,Goa,24-06-2022,25-06-2022,Vistara,UK-953,20:40,07:50,11h 10m,1-stop,14141,4,24-06-2022 04:00,Night,1,670,Delhi -> Goa
2107,Delhi,Goa,24-06-2022,25-06-2022,Vistara,UK-985,19:45,07:50,12h 05m,1-stop,14141,0,24-06-2022 00:00,Night,1,725,Delhi -> Goa
2108,Delhi,Goa,24-06-2022,25-06-2022,Vistara,UK-977,18:55,07:50,12h 55m,1-stop,14141,16,24-06-2022 16:00,Afternoon,1,775,Delhi -> Goa
2109,Delhi,Goa,24-06-2022,25-06-2022,Vistara,UK-955,17:45,07:50,14h 05m,1-stop,14141,18,24-06-2022 18:00,Evening,1,845,Delhi -> Goa
2110,Delhi,Goa,24-06-2022,25-06-2022,Vistara,UK-941,16:55,07:50,14h 55m,1-stop,14141,13,24-06-2022 13:00,Afternoon,1,895,Delhi -> Goa
2111,Delhi,Goa,24-06-2022,25-06-2022,Vistara,UK-933,15:30,07:50,16h 20m,1-stop,14141,11,24-06-2022 11:00,Morning,1,980,Delhi -> Goa
2112,Delhi,Goa,24-06-2022,25-06-2022,Vistara,UK-951,14:20,07:50,17h 30m,1-stop,14141,9,24-06-2022 09:00,Morning,1,1050,Delhi -> Goa
2113,Delhi,Goa,24-06-2022,25-06-2022,Vistara,UK-993,12:50,07:50,19h 00m,1-stop,14141,19,24-06-2022 19:00,Evening,1,1140,Delhi -> Goa
2114,Delhi,Goa,24-06-2022,25-06-2022,Vistara,UK-945,11:40,07:50,20h 10m,1-stop,14141,20,24-06-2022 20:00,Evening,1,1210,Delhi -> Goa
2115,Delhi,Goa,24-06-2022,25-06-2022,GO FIRST,G8- 286,10:40,13:20,02h 40m,non-stop,12695,17,24-06-2022 17:00,Evening,1,160,Delhi -> Goa
2116,Delhi,Goa,24-06-2022,25-06-2022,IndiGo,6E- 781,15:20,22:40,07h 20m,1-stop,12916,23,24-06-2022 23:00,Night,1,440,Delhi -> Goa
2117,Delhi,Goa,24-06-2022,25-06-2022,Air Asia,I5-1529,09:35,18:00,08h 25m,2+-stop,13200,10,24-06-2022 10:00,Morning,1,505,Delhi -> Goa
2118,Delhi,Goa,24-06-2022,25-06-2022,Air Asia,I5-740,08:10,18:00,09h 50m,2+-stop,13200,1,24-06-2022 01:00,Night,1,590,Delhi -> Goa
2120,Delhi,Goa,24-06-2022,25-06-2022,Air Asia,I5-798,12:50,15:25,02h 35m,non-stop,13829,17,24-06-2022 17:00,Evening,1,155,Delhi -> Goa
2122,Delhi,Goa,24-06-2022,25-06-2022,Vistara,UK-929,21:20,12:45,15h 25m,2+-stop,13964,6,24-06-2022 06:00,Morning,1,925,Delhi -> Goa
2123,Delhi,Goa,24-06-2022,25-06-2022,Vistara,UK-969,18:10,12:45,18h 35m,2+-stop,13964,23,24-06-2022 23:00,Night,1,1115,Delhi -> Goa
2129,Delhi,Goa,24-06-2022,25-06-2022,Vistara,UK-969,18:10,07:50,13h 40m,2+-stop,14277,14,24-06-2022 14:00,Afternoon,1,820,Delhi -> Goa
2130,Delhi,Goa,24-06-2022,25-06-2022,GO FIRST,G8- 328,20:55,11:25,14h 30m,1-stop,14306,10,24-06-2022 10:00,Morning,1,870,Delhi -> Goa
2142,Delhi,Goa,24-06-2022,25-06-2022,Air Asia,I5-740,08:10,14:45,06h 35m,2+-stop,14772,17,24-06-2022 17:00,Evening,1,395,Delhi -> Goa
2143,Delhi,Goa,24-06-2022,25-06-2022,Air Asia,I5-711,06:05,14:45,08h 40m,2+-stop,14772,22,24-06-2022 22:00,Night,1,520,Delhi -> Goa
2144,Delhi,Goa,24-06-2022,25-06-2022,Vistara,UK-981,21:30,12:45,15h 15m,1-stop,14773,11,24-06-2022 11:00,Morning,1,915,Delhi -> Goa
2145,Delhi,Goa,24-06-2022,25-06-2022,Vistara,UK-953,20:40,12:45,16h 05m,1-stop,14773,5,24-06-2022 05:00,Morning,1,965,Delhi -> Goa
2146,Delhi,Goa,24-06-2022,25-06-2022,Vistara,UK-985,19:45,12:45,17h 00m,1-stop,14773,19,24-06-2022 19:00,Evening,1,1020,Delhi -> Goa
2147,Delhi,Goa,24-06-2022,25-06-2022,Vistara,UK-977,18:55,12:45,17h 50m,1-stop,14773,22,24-06-2022 22:00,Night,1,1070,Delhi -> Goa
2148,Delhi,Goa,24-06-2022,25-06-2022,Vistara,UK-955,17:45,12:45,19h 00m,1-stop,14773,12,24-06-2022 12:00,Afternoon,1,1140,Delhi -> Goa
2149,Delhi,Goa,24-06-2022,25-06-2022,Vistara,UK-941,16:55,12:45,19h 50m,1-stop,14773,19,24-06-2022 19:00,Evening,1,1190,Delhi -> Goa
2150,Delhi,Goa,24-06-2022,25-06-2022,Vistara,UK-933,15:30,12:45,21h 15m,1-stop,14773,15,24-06-2022 15:00,Afternoon,1,1275,Delhi -> Goa
2155,Delhi,Goa,24-06-2022,25-06-2022,IndiGo,6E- 781,15:20,20:40,05h 20m,1-stop,15037,17,24-06-2022 17:00,Evening,1,320,Delhi -> Goa
2156,Delhi,Goa,24-06-2022,25-06-2022,GO FIRST,G8- 334,07:00,12:45,05h 45m,1-stop,15205,9,24-06-2022 09:00,Morning,1,345,Delhi -> Goa
2157,Delhi,Goa,24-06-2022,25-06-2022,Vistara,UK-807,20:40,14:05,17h 25m,1-stop,15298,22,24-06-2022 22:00,Night,1,1045,Delhi -> Goa
2158,Delhi,Goa,24-06-2022,25-06-2022,Vistara,UK-809,19:50,14:05,18h 15m,1-stop,15298,7,24-06-2022 07:00,Morning,1,1095,Delhi -> Goa
2159,Delhi,Goa,24-06-2022,25-06-2022,IndiGo,6E-5009,06:55,14:10,07h 15m,1-stop,15567,17,24-06-2022 17:00,Evening,1,435,Delhi -> Goa
2160,Delhi,Goa,24-06-2022,25-06-2022,Vistara,UK-813,17:35,14:05,20h 30m,1-stop,15615,20,24-06-2022 20:00,Evening,1,1230,Delhi -> Goa
2161,Delhi,Goa,24-06-2022,25-06-2022,Vistara,UK-943,07:30,12:45,05h 15m,1-stop,15823,0,24-06-2022 00:00,Night,1,315,Delhi -> Goa
2162,Delhi,Goa,24-06-2022,25-06-2022,Vistara,UK-975,05:55,12:45,06h 50m,1-stop,15823,22,24-06-2022 22:00,Night,1,410,Delhi -> Goa
2165,Delhi,Goa,24-06-2022,25-06-2022,Vistara,UK-829,07:20,14:05,30h 45m,2+-stop,16892,7,24-06-2022 07:00,Morning,1,1845,Delhi -> Goa
2166,Delhi,Goa,24-06-2022,25-06-2022,Vistara,UK-829,07:20,14:05,30h 45m,2+-stop,16892,5,24-06-2022 05:00,Morning,1,1845,Delhi -> Goa
2167,Delhi,Goa,24-06-2022,25-06-2022,Air Asia,I5-857,18:45,06:40,11h 55m,1-stop,17058,4,24-06-2022 04:00,Night,1,715,Delhi -> Goa
2168,Delhi,Goa,24-06-2022,25-06-2022,Vistara,UK-871,20:35,14:05,17h 30m,2+-stop,17209,14,24-06-2022 14:00,Afternoon,1,1050,Delhi -> Goa
2169,Delhi,Goa,24-06-2022,25-06-2022,Vistara,UK-899,14:45,14:05,23h 20m,2+-stop,17209,21,24-06-2022 21:00,Night,1,1400,Delhi -> Goa
2170,Delhi,Goa,24-06-2022,25-06-2022,Vistara,UK-899,14:45,14:05,23h 20m,2+-stop,17209,14,24-06-2022 14:00,Afternoon,1,1400,Delhi -> Goa
2171,Delhi,Goa,24-06-2022,25-06-2022,Vistara,UK-859,10:25,14:05,27h 40m,2+-stop,17209,1,24-06-2022 01:00,Night,1,1660,Delhi -> Goa
2172,Delhi,Goa,24-06-2022,25-06-2022,Vistara,UK-859,10:25,14:05,27h 40m,2+-stop,17209,0,24-06-2022 00:00,Night,1,1660,Delhi -> Goa
2173,Delhi,Goa,24-06-2022,25-06-2022,Vistara,UK-673,13:20,07:50,18h 30m,2+-stop,17259,22,24-06-2022 22:00,Night,1,1110,Delhi -> Goa
2175,Delhi,Goa,24-06-2022,25-06-2022,Vistara,UK-829,07:20,12:45,29h 25m,2+-stop,17333,22,24-06-2022 22:00,Night,1,1765,Delhi -> Goa
2176,Delhi,Goa,24-06-2022,25-06-2022,Vistara,UK-879,17:35,14:05,20h 30m,2+-stop,17629,10,24-06-2022 10:00,Morning,1,1230,Delhi -> Goa
2177,Delhi,Goa,24-06-2022,25-06-2022,Vistara,UK-871,20:35,12:45,16h 10m,2+-stop,17650,9,24-06-2022 09:00,Morning,1,970,Delhi -> Goa
2178,Delhi,Goa,24-06-2022,25-06-2022,Vistara,UK-899,14:45,12:45,22h 00m,2+-stop,17650,17,24-06-2022 17:00,Evening,1,1320,Delhi -> Goa
2179,Delhi,Goa,24-06-2022,25-06-2022,Vistara,UK-811,06:15,14:05,07h 50m,1-stop,17713,17,24-06-2022 17:00,Evening,1,470,Delhi -> Goa
2180,Delhi,Goa,24-06-2022,25-06-2022,Vistara,UK-673,13:20,12:45,23h 25m,2+-stop,17774,16,24-06-2022 16:00,Afternoon,1,1405,Delhi -> Goa
2181,Delhi,Goa,24-06-2022,25-06-2022,IndiGo,6E-2004,12:45,17:35,04h 50m,1-stop,17929,7,24-06-2022 07:00,Morning,1,290,Delhi -> Goa
2182,Delhi,Goa,24-06-2022,25-06-2022,Vistara,UK-879,17:35,12:45,19h 10m,2+-stop,18070,14,24-06-2022 14:00,Afternoon,1,1150,Delhi -> Goa
2183,Delhi,Goa,24-06-2022,25-06-2022,Vistara,UK-871,20:35,12:45,16h 10m,2+-stop,18385,7,24-06-2022 07:00,Morning,1,970,Delhi -> Goa
2184,Delhi,Goa,24-06-2022,25-06-2022,Vistara,UK-899,14:45,07:50,17h 05m,2+-stop,18385,16,24-06-2022 16:00,Afternoon,1,1025,Delhi -> Goa
2185,Delhi,Goa,24-06-2022,25-06-2022,IndiGo,6E-2774,07:55,14:00,06h 05m,1-stop,18827,11,24-06-2022 11:00,Morning,1,365,Delhi -> Goa
2186,Delhi,Goa,24-06-2022,25-06-2022,IndiGo,6E-2331,06:40,14:00,07h 20m,1-stop,18827,7,24-06-2022 07:00,Morning,1,440,Delhi -> Goa
2187,Delhi,Goa,24-06-2022,25-06-2022,Vistara,UK-815,08:05,14:05,06h 00m,1-stop,19500,13,24-06-2022 13:00,Afternoon,1,360,Delhi -> Goa
2188,Delhi,Goa,24-06-2022,25-06-2022,Air Asia,I5-1529,09:35,14:45,05h 10m,2+-stop,19993,3,24-06-2022 03:00,Night,1,310,Delhi -> Goa
2189,Delhi,Goa,24-06-2022,25-06-2022,Vistara,UK-801,09:05,14:05,05h 00m,1-stop,21285,0,24-06-2022 00:00,Night,1,300,Delhi -> Goa
2191,Delhi,Goa,24-06-2022,26-06-2022,Air Asia,I5-773,20:00,22:35,02h 35m,non-stop,9419,0,24-06-2022 00:00,Night,2,155,Delhi -> Goa
2192,Delhi,Goa,24-06-2022,26-06-2022,IndiGo,6E-2792,19:00,21:30,02h 30m,non-stop,9419,18,24-06-2022 18:00,Evening,2,150,Delhi -> Goa
2193,Delhi,Goa,24-06-2022,26-06-2022,IndiGo,6E- 505,21:45,00:20,02h 35m,non-stop,9419,15,24-06-2022 15:00,Afternoon,2,155,Delhi -> Goa
2194,Delhi,Goa,24-06-2022,26-06-2022,Vistara,UK-855,18:40,21:20,02h 40m,non-stop,9418,13,24-06-2022 13:00,Afternoon,2,160,Delhi -> Goa
2197,Delhi,Goa,24-06-2022,26-06-2022,Air Asia,I5-779,05:10,07:50,02h 40m,non-stop,10155,20,24-06-2022 20:00,Evening,2,160,Delhi -> Goa
2198,Delhi,Goa,24-06-2022,26-06-2022,SpiceJet,SG-8171,12:05,14:25,02h 20m,non-stop,9419,15,24-06-2022 15:00,Afternoon,2,140,Delhi -> Goa
2199,Delhi,Goa,24-06-2022,26-06-2022,SpiceJet,SG- 957,15:10,17:40,02h 30m,non-stop,9419,4,24-06-2022 04:00,Night,2,150,Delhi -> Goa
2200,Delhi,Goa,24-06-2022,26-06-2022,GO FIRST,G8- 300,08:50,11:30,02h 40m,non-stop,9419,8,24-06-2022 08:00,Morning,2,160,Delhi -> Goa
2201,Delhi,Goa,24-06-2022,26-06-2022,SpiceJet,SG- 711,21:40,17:05,19h 25m,1-stop,9419,1,24-06-2022 01:00,Night,2,1165,Delhi -> Goa
2202,Delhi,Goa,24-06-2022,26-06-2022,GO FIRST,G8- 286,10:40,13:20,02h 40m,non-stop,9419,17,24-06-2022 17:00,Evening,2,160,Delhi -> Goa
2203,Delhi,Goa,24-06-2022,26-06-2022,SpiceJet,SG-8701,07:20,12:55,05h 35m,1-stop,9419,5,24-06-2022 05:00,Morning,2,335,Delhi -> Goa
2204,Delhi,Goa,24-06-2022,26-06-2022,SpiceJet,SG-8701,07:20,17:05,09h 45m,1-stop,9419,8,24-06-2022 08:00,Morning,2,585,Delhi -> Goa
2205,Delhi,Goa,24-06-2022,26-06-2022,IndiGo,6E-2117,16:20,18:40,02h 20m,non-stop,9419,0,24-06-2022 00:00,Night,2,140,Delhi -> Goa
2206,Delhi,Goa,24-06-2022,26-06-2022,IndiGo,6E-5024,11:00,13:25,02h 25m,non-stop,9419,8,24-06-2022 08:00,Morning,2,145,Delhi -> Goa
2207,Delhi,Goa,24-06-2022,26-06-2022,IndiGo,6E-2144,10:00,12:30,02h 30m,non-stop,9419,15,24-06-2022 15:00,Afternoon,2,150,Delhi -> Goa
2208,Delhi,Goa,24-06-2022,26-06-2022,IndiGo,6E-5161,12:15,14:50,02h 35m,non-stop,9419,12,24-06-2022 12:00,Afternoon,2,155,Delhi -> Goa
2209,Delhi,Goa,24-06-2022,26-06-2022,GO FIRST,G8- 338,10:55,16:40,05h 45m,1-stop,9419,8,24-06-2022 08:00,Morning,2,345,Delhi -> Goa
2210,Delhi,Goa,24-06-2022,26-06-2022,Air Asia,I5-740,08:10,14:45,06h 35m,1-stop,9419,20,24-06-2022 20:00,Evening,2,395,Delhi -> Goa
2211,Delhi,Goa,24-06-2022,26-06-2022,GO FIRST,G8- 338,10:55,17:55,07h 00m,1-stop,9419,12,24-06-2022 12:00,Afternoon,2,420,Delhi -> Goa
2212,Delhi,Goa,24-06-2022,26-06-2022,GO FIRST,G8- 354,22:45,06:10,07h 25m,1-stop,9419,8,24-06-2022 08:00,Morning,2,445,Delhi -> Goa
2213,Delhi,Goa,24-06-2022,26-06-2022,GO FIRST,G8- 717,13:35,21:25,07h 50m,1-stop,9419,10,24-06-2022 10:00,Morning,2,470,Delhi -> Goa
2214,Delhi,Goa,24-06-2022,26-06-2022,GO FIRST,G8- 328,20:55,06:10,09h 15m,1-stop,9419,3,24-06-2022 03:00,Night,2,555,Delhi -> Goa
2215,Delhi,Goa,24-06-2022,26-06-2022,GO FIRST,G8- 334,07:00,16:40,09h 40m,1-stop,9419,1,24-06-2022 01:00,Night,2,580,Delhi -> Goa
2216,Delhi,Goa,24-06-2022,26-06-2022,GO FIRST,G8- 346,19:50,06:10,10h 20m,1-stop,9419,5,24-06-2022 05:00,Morning,2,620,Delhi -> Goa
2217,Delhi,Goa,24-06-2022,26-06-2022,GO FIRST,G8- 334,07:00,17:55,10h 55m,1-stop,9419,13,24-06-2022 13:00,Afternoon,2,655,Delhi -> Goa
2218,Delhi,Goa,24-06-2022,26-06-2022,GO FIRST,G8- 113,05:50,16:55,11h 05m,1-stop,9419,3,24-06-2022 03:00,Night,2,665,Delhi -> Goa
2219,Delhi,Goa,24-06-2022,26-06-2022,GO FIRST,G8- 323,18:45,06:10,11h 25m,1-stop,9419,5,24-06-2022 05:00,Morning,2,685,Delhi -> Goa
2220,Delhi,Goa,24-06-2022,26-06-2022,Air Asia,I5-764,04:25,17:15,12h 50m,1-stop,9419,18,24-06-2022 18:00,Evening,2,770,Delhi -> Goa
2221,Delhi,Goa,24-06-2022,26-06-2022,GO FIRST,G8-2501,02:40,16:40,14h 00m,1-stop,9419,5,24-06-2022 05:00,Morning,2,840,Delhi -> Goa
2222,Delhi,Goa,24-06-2022,26-06-2022,GO FIRST,G8-2501,02:40,17:55,15h 15m,1-stop,9419,1,24-06-2022 01:00,Night,2,915,Delhi -> Goa
2230,Delhi,Goa,24-06-2022,26-06-2022,IndiGo,6E-2004,12:45,17:35,04h 50m,1-stop,9734,17,24-06-2022 17:00,Evening,2,290,Delhi -> Goa
2231,Delhi,Goa,24-06-2022,26-06-2022,IndiGo,6E- 153,19:35,00:25,04h 50m,1-stop,9734,12,24-06-2022 12:00,Afternoon,2,290,Delhi -> Goa
2232,Delhi,Goa,24-06-2022,26-06-2022,IndiGo,6E-6823,18:00,23:00,05h 00m,1-stop,9734,8,24-06-2022 08:00,Morning,2,300,Delhi -> Goa
2233,Delhi,Goa,24-06-2022,26-06-2022,IndiGo,6E-2017,18:10,23:20,05h 10m,1-stop,9734,22,24-06-2022 22:00,Night,2,310,Delhi -> Goa
2234,Delhi,Goa,24-06-2022,26-06-2022,IndiGo,6E-2191,12:45,18:00,05h 15m,1-stop,9734,18,24-06-2022 18:00,Evening,2,315,Delhi -> Goa
2235,Delhi,Goa,24-06-2022,26-06-2022,IndiGo,6E-5036,02:25,07:45,05h 20m,1-stop,9734,12,24-06-2022 12:00,Afternoon,2,320,Delhi -> Goa
2236,Delhi,Goa,24-06-2022,26-06-2022,IndiGo,6E-6814,07:20,12:40,05h 20m,1-stop,9734,10,24-06-2022 10:00,Morning,2,320,Delhi -> Goa
2237,Delhi,Goa,24-06-2022,26-06-2022,IndiGo,6E- 315,05:40,11:10,05h 30m,1-stop,9734,0,24-06-2022 00:00,Night,2,330,Delhi -> Goa
2238,Delhi,Goa,24-06-2022,26-06-2022,IndiGo,6E- 698,21:05,02:50,05h 45m,1-stop,9734,23,24-06-2022 23:00,Night,2,345,Delhi -> Goa
2239,Delhi,Goa,24-06-2022,26-06-2022,IndiGo,6E-2774,07:55,14:00,06h 05m,1-stop,9734,21,24-06-2022 21:00,Night,2,365,Delhi -> Goa
2240,Delhi,Goa,24-06-2022,26-06-2022,IndiGo,6E-5023,06:30,12:40,06h 10m,1-stop,9734,6,24-06-2022 06:00,Morning,2,370,Delhi -> Goa
2241,Delhi,Goa,24-06-2022,26-06-2022,IndiGo,6E-2138,11:55,18:10,06h 15m,1-stop,9734,20,24-06-2022 20:00,Evening,2,375,Delhi -> Goa
2242,Delhi,Goa,24-06-2022,26-06-2022,IndiGo,6E-5318,17:00,23:20,06h 20m,1-stop,9734,14,24-06-2022 14:00,Afternoon,2,380,Delhi -> Goa
2243,Delhi,Goa,24-06-2022,26-06-2022,IndiGo,6E-6278,08:45,15:15,06h 30m,1-stop,9734,0,24-06-2022 00:00,Night,2,390,Delhi -> Goa
2244,Delhi,Goa,24-06-2022,26-06-2022,IndiGo,6E-2519,23:35,06:15,06h 40m,1-stop,9734,11,24-06-2022 11:00,Morning,2,400,Delhi -> Goa
2245,Delhi,Goa,24-06-2022,26-06-2022,IndiGo,6E- 864,16:15,23:20,07h 05m,1-stop,9734,6,24-06-2022 06:00,Morning,2,425,Delhi -> Goa
2246,Delhi,Goa,24-06-2022,26-06-2022,IndiGo,6E-6939,17:20,00:25,07h 05m,1-stop,9734,14,24-06-2022 14:00,Afternoon,2,425,Delhi -> Goa
2247,Delhi,Goa,24-06-2022,26-06-2022,IndiGo,6E-2129,08:00,15:15,07h 15m,1-stop,9734,20,24-06-2022 20:00,Evening,2,435,Delhi -> Goa
2248,Delhi,Goa,24-06-2022,26-06-2022,IndiGo,6E-2331,06:40,14:00,07h 20m,1-stop,9734,18,24-06-2022 18:00,Evening,2,440,Delhi -> Goa
2249,Delhi,Goa,24-06-2022,26-06-2022,IndiGo,6E-5342,10:45,18:10,07h 25m,1-stop,9734,0,24-06-2022 00:00,Night,2,445,Delhi -> Goa
2250,Delhi,Goa,24-06-2022,26-06-2022,Air Asia,I5-711,06:05,14:45,08h 40m,2+-stop,9735,16,24-06-2022 16:00,Afternoon,2,520,Delhi -> Goa
2252,Delhi,Goa,24-06-2022,26-06-2022,IndiGo,6E-2187,15:00,21:30,06h 30m,1-stop,10264,16,24-06-2022 16:00,Afternoon,2,390,Delhi -> Goa
2253,Delhi,Goa,24-06-2022,26-06-2022,IndiGo,6E-2143,17:55,01:10,07h 15m,1-stop,10264,2,24-06-2022 02:00,Night,2,435,Delhi -> Goa
2254,Delhi,Goa,24-06-2022,26-06-2022,IndiGo,6E-2532,20:10,01:55,05h 45m,1-stop,10795,11,24-06-2022 11:00,Morning,2,345,Delhi -> Goa
2255,Delhi,Goa,24-06-2022,26-06-2022,Air Asia,I5-1529,09:35,14:45,05h 10m,1-stop,11206,5,24-06-2022 05:00,Morning,2,310,Delhi -> Goa
2256,Delhi,Goa,24-06-2022,26-06-2022,Air Asia,I5-740,08:10,18:00,09h 50m,1-stop,11206,10,24-06-2022 10:00,Morning,2,590,Delhi -> Goa
2257,Delhi,Goa,24-06-2022,26-06-2022,Air Asia,I5-740,08:10,19:25,11h 15m,1-stop,11206,2,24-06-2022 02:00,Night,2,675,Delhi -> Goa
2258,Delhi,Goa,24-06-2022,26-06-2022,Air Asia,I5-1529,09:35,00:45,15h 10m,1-stop,11206,7,24-06-2022 07:00,Morning,2,910,Delhi -> Goa
2259,Delhi,Goa,24-06-2022,26-06-2022,Air Asia,I5-552,10:40,13:15,02h 35m,non-stop,11309,13,24-06-2022 13:00,Afternoon,2,155,Delhi -> Goa
2260,Delhi,Goa,24-06-2022,26-06-2022,Air Asia,I5-798,12:50,15:25,02h 35m,non-stop,11309,13,24-06-2022 13:00,Afternoon,2,155,Delhi -> Goa
2261,Delhi,Goa,24-06-2022,26-06-2022,IndiGo,6E-2043,12:55,19:20,06h 25m,1-stop,11325,9,24-06-2022 09:00,Morning,2,385,Delhi -> Goa
2262,Delhi,Goa,24-06-2022,26-06-2022,Vistara,UK-891,07:10,09:45,02h 35m,non-stop,11940,1,24-06-2022 01:00,Night,2,155,Delhi -> Goa
2263,Delhi,Goa,24-06-2022,26-06-2022,GO FIRST,G8- 334,07:00,12:45,05h 45m,1-stop,14007,13,24-06-2022 13:00,Afternoon,2,345,Delhi -> Goa
2264,Delhi,Goa,24-06-2022,26-06-2022,GO FIRST,G8-2501,02:40,12:45,10h 05m,1-stop,14007,8,24-06-2022 08:00,Morning,2,605,Delhi -> Goa
2265,Delhi,Goa,24-06-2022,26-06-2022,Air Asia,I5-1529,09:35,18:00,08h 25m,1-stop,12386,2,24-06-2022 02:00,Night,2,505,Delhi -> Goa
2266,Delhi,Goa,24-06-2022,26-06-2022,Air Asia,I5-1529,09:35,19:25,09h 50m,1-stop,12386,20,24-06-2022 20:00,Evening,2,590,Delhi -> Goa
2268,Delhi,Goa,24-06-2022,26-06-2022,IndiGo,6E-2325,01:50,06:50,05h 00m,1-stop,14039,7,24-06-2022 07:00,Morning,2,300,Delhi -> Goa
2272,Delhi,Goa,24-06-2022,26-06-2022,GO FIRST,G8- 354,22:45,12:45,14h 00m,1-stop,14007,15,24-06-2022 15:00,Afternoon,2,840,Delhi -> Goa
2273,Delhi,Goa,24-06-2022,26-06-2022,GO FIRST,G8-2501,02:40,11:25,08h 45m,1-stop,14306,1,24-06-2022 01:00,Night,2,525,Delhi -> Goa
2274,Delhi,Goa,24-06-2022,26-06-2022,Vistara,UK-847,11:10,13:50,02h 40m,non-stop,14355,5,24-06-2022 05:00,Morning,2,160,Delhi -> Goa
2281,Delhi,Goa,24-06-2022,26-06-2022,Vistara,UK-959,06:30,12:45,30h 15m,2+-stop,14489,20,24-06-2022 20:00,Evening,2,1815,Delhi -> Goa
2292,Delhi,Goa,24-06-2022,26-06-2022,Vistara,UK-943,07:30,12:45,05h 15m,1-stop,14773,11,24-06-2022 11:00,Morning,2,315,Delhi -> Goa
2293,Delhi,Goa,24-06-2022,26-06-2022,Vistara,UK-929,21:20,12:45,15h 25m,2+-stop,14807,4,24-06-2022 04:00,Night,2,925,Delhi -> Goa
2294,Delhi,Goa,24-06-2022,26-06-2022,Vistara,UK-969,18:10,12:45,18h 35m,2+-stop,14807,1,24-06-2022 01:00,Night,2,1115,Delhi -> Goa
2298,Delhi,Goa,24-06-2022,26-06-2022,IndiGo,6E-5009,06:55,14:10,07h 15m,1-stop,15037,15,24-06-2022 15:00,Afternoon,2,435,Delhi -> Goa
2300,Delhi,Goa,24-06-2022,26-06-2022,Vistara,UK-985,19:45,12:45,17h 00m,1-stop,15298,4,24-06-2022 04:00,Night,2,1020,Delhi -> Goa
2301,Delhi,Goa,24-06-2022,26-06-2022,Vistara,UK-977,18:55,12:45,17h 50m,1-stop,15298,14,24-06-2022 14:00,Afternoon,2,1070,Delhi -> Goa
2302,Delhi,Goa,24-06-2022,26-06-2022,Vistara,UK-955,17:45,12:45,19h 00m,1-stop,15298,11,24-06-2022 11:00,Morning,2,1140,Delhi -> Goa
2303,Delhi,Goa,24-06-2022,26-06-2022,Vistara,UK-941,16:55,12:45,19h 50m,1-stop,15298,3,24-06-2022 03:00,Night,2,1190,Delhi -> Goa
2304,Delhi,Goa,24-06-2022,26-06-2022,Vistara,UK-933,15:30,12:45,21h 15m,1-stop,15298,14,24-06-2022 14:00,Afternoon,2,1275,Delhi -> Goa
2305,Delhi,Goa,24-06-2022,26-06-2022,Vistara,UK-993,12:50,12:45,23h 55m,1-stop,15298,10,24-06-2022 10:00,Morning,2,1435,Delhi -> Goa
2306,Delhi,Goa,24-06-2022,26-06-2022,Vistara,UK-945,11:40,12:45,25h 05m,1-stop,15298,15,24-06-2022 15:00,Afternoon,2,1505,Delhi -> Goa
2307,Delhi,Goa,24-06-2022,26-06-2022,Vistara,UK-995,10:20,12:45,26h 25m,1-stop,15298,22,24-06-2022 22:00,Night,2,1585,Delhi -> Goa
2308,Delhi,Goa,24-06-2022,26-06-2022,Vistara,UK-927,09:30,12:45,27h 15m,1-stop,15298,5,24-06-2022 05:00,Morning,2,1635,Delhi -> Goa
2309,Delhi,Goa,24-06-2022,26-06-2022,IndiGo,6E-2487,17:25,22:40,05h 15m,1-stop,15567,13,24-06-2022 13:00,Afternoon,2,315,Delhi -> Goa
2310,Delhi,Goa,24-06-2022,26-06-2022,Vistara,UK-951,14:20,12:45,22h 25m,1-stop,15615,17,24-06-2022 17:00,Evening,2,1345,Delhi -> Goa
2311,Delhi,Goa,24-06-2022,26-06-2022,IndiGo,6E- 781,15:20,20:40,05h 20m,1-stop,16097,11,24-06-2022 11:00,Morning,2,320,Delhi -> Goa
2312,Delhi,Goa,24-06-2022,26-06-2022,IndiGo,6E- 781,15:20,22:40,07h 20m,1-stop,16097,10,24-06-2022 10:00,Morning,2,440,Delhi -> Goa
2313,Delhi,Goa,24-06-2022,26-06-2022,Air Asia,I5-753,13:00,22:00,09h 00m,1-stop,16348,12,24-06-2022 12:00,Afternoon,2,540,Delhi -> Goa
2314,Delhi,Goa,24-06-2022,26-06-2022,IndiGo,6E- 308,08:20,14:10,05h 50m,1-stop,16454,20,24-06-2022 20:00,Evening,2,350,Delhi -> Goa
2316,Delhi,Goa,24-06-2022,26-06-2022,Vistara,UK-981,21:30,12:45,15h 15m,1-stop,16560,22,24-06-2022 22:00,Night,2,915,Delhi -> Goa
2317,Delhi,Goa,24-06-2022,26-06-2022,Vistara,UK-953,20:40,12:45,16h 05m,1-stop,16560,10,24-06-2022 10:00,Morning,2,965,Delhi -> Goa
2318,Delhi,Goa,24-06-2022,26-06-2022,Air Asia,I5-753,13:00,17:15,04h 15m,1-stop,16769,22,24-06-2022 22:00,Night,2,255,Delhi -> Goa
2319,Delhi,Goa,24-06-2022,26-06-2022,Air Asia,I5-857,18:45,00:45,06h 00m,1-stop,17058,15,24-06-2022 15:00,Afternoon,2,360,Delhi -> Goa
2320,Delhi,Goa,24-06-2022,26-06-2022,Vistara,UK-807,20:40,14:05,17h 25m,1-stop,17085,14,24-06-2022 14:00,Afternoon,2,1045,Delhi -> Goa
2321,Delhi,Goa,24-06-2022,26-06-2022,Vistara,UK-871,20:35,14:05,17h 30m,2+-stop,17629,20,24-06-2022 20:00,Evening,2,1050,Delhi -> Goa
2322,Delhi,Goa,24-06-2022,26-06-2022,Vistara,UK-809,19:50,14:05,18h 15m,1-stop,17820,14,24-06-2022 14:00,Afternoon,2,1095,Delhi -> Goa
2323,Delhi,Goa,24-06-2022,26-06-2022,Vistara,UK-879,17:35,14:05,20h 30m,2+-stop,18154,3,24-06-2022 03:00,Night,2,1230,Delhi -> Goa
2325,Delhi,Goa,24-06-2022,26-06-2022,Vistara,UK-899,14:45,14:05,23h 20m,2+-stop,18679,10,24-06-2022 10:00,Morning,2,1400,Delhi -> Goa
2326,Delhi,Goa,24-06-2022,26-06-2022,Vistara,UK-871,20:35,12:45,16h 10m,2+-stop,18805,18,24-06-2022 18:00,Evening,2,970,Delhi -> Goa
2328,Delhi,Goa,24-06-2022,26-06-2022,Vistara,UK-829,07:20,14:05,30h 45m,2+-stop,19204,14,24-06-2022 14:00,Afternoon,2,1845,Delhi -> Goa
2329,Delhi,Goa,24-06-2022,26-06-2022,Vistara,UK-673,13:20,12:45,23h 25m,2+-stop,19246,3,24-06-2022 03:00,Night,2,1405,Delhi -> Goa
2331,Delhi,Goa,24-06-2022,26-06-2022,Vistara,UK-879,17:35,12:45,19h 10m,2+-stop,19330,20,24-06-2022 20:00,Evening,2,1150,Delhi -> Goa
2332,Delhi,Goa,24-06-2022,26-06-2022,Vistara,UK-899,14:45,12:45,22h 00m,2+-stop,19855,12,24-06-2022 12:00,Afternoon,2,1320,Delhi -> Goa
2334,Delhi,Goa,24-06-2022,26-06-2022,Vistara,UK-705,07:30,12:45,29h 15m,2+-stop,20086,21,24-06-2022 21:00,Night,2,1755,Delhi -> Goa
2335,Delhi,Goa,24-06-2022,26-06-2022,Vistara,UK-705,07:30,12:45,29h 15m,2+-stop,20086,18,24-06-2022 18:00,Evening,2,1755,Delhi -> Goa
2336,Delhi,Goa,24-06-2022,26-06-2022,Vistara,UK-747,06:15,12:45,30h 30m,2+-stop,20086,1,24-06-2022 01:00,Night,2,1830,Delhi -> Goa
2337,Delhi,Goa,24-06-2022,26-06-2022,Vistara,UK-747,06:15,12:45,30h 30m,2+-stop,20086,13,24-06-2022 13:00,Afternoon,2,1830,Delhi -> Goa
2338,Delhi,Goa,24-06-2022,26-06-2022,Vistara,UK-801,09:05,14:05,05h 00m,1-stop,20235,3,24-06-2022 03:00,Night,2,300,Delhi -> Goa
2339,Delhi,Goa,24-06-2022,26-06-2022,Vistara,UK-829,07:20,12:45,29h 25m,2+-stop,20380,15,24-06-2022 15:00,Afternoon,2,1765,Delhi -> Goa
2340,Delhi,Goa,24-06-2022,26-06-2022,Vistara,UK-737,15:55,12:45,20h 50m,2+-stop,20403,20,24-06-2022 20:00,Evening,2,1250,Delhi -> Goa
2341,Delhi,Goa,24-06-2022,26-06-2022,Vistara,UK-707,17:30,12:45,19h 15m,2+-stop,20823,19,24-06-2022 19:00,Evening,2,1155,Delhi -> Goa
2342,Delhi,Goa,24-06-2022,26-06-2022,Vistara,UK-859,10:25,14:05,27h 40m,2+-stop,21724,13,24-06-2022 13:00,Afternoon,2,1660,Delhi -> Goa
2343,Delhi,Goa,24-06-2022,26-06-2022,Vistara,UK-813,17:35,14:05,20h 30m,1-stop,23910,14,24-06-2022 14:00,Afternoon,2,1230,Delhi -> Goa
2344,Delhi,Goa,24-06-2022,26-06-2022,Vistara,UK-817,16:05,14:05,22h 00m,1-stop,23910,2,24-06-2022 02:00,Night,2,1320,Delhi -> Goa
2345,Delhi,Goa,24-06-2022,26-06-2022,Vistara,UK-815,08:05,14:05,06h 00m,1-stop,26220,7,24-06-2022 07:00,Morning,2,360,Delhi -> Goa
2346,Delhi,Goa,24-06-2022,26-06-2022,Vistara,UK-819,14:15,14:05,23h 50m,1-stop,26220,15,24-06-2022 15:00,Afternoon,2,1430,Delhi -> Goa
2348,Delhi,Goa,24-06-2022,27-06-2022,SpiceJet,SG- 957,15:10,17:40,02h 30m,non-stop,9419,9,24-06-2022 09:00,Morning,3,150,Delhi -> Goa
2349,Delhi,Goa,24-06-2022,27-06-2022,IndiGo,6E-2792,19:00,21:30,02h 30m,non-stop,9419,3,24-06-2022 03:00,Night,3,150,Delhi -> Goa
2350,Delhi,Goa,24-06-2022,27-06-2022,IndiGo,6E- 505,21:45,00:20,02h 35m,non-stop,9419,17,24-06-2022 17:00,Evening,3,155,Delhi -> Goa
2351,Delhi,Goa,24-06-2022,27-06-2022,Vistara,UK-855,18:40,21:20,02h 40m,non-stop,9418,1,24-06-2022 01:00,Night,3,160,Delhi -> Goa
2352,Delhi,Goa,24-06-2022,27-06-2022,SpiceJet,SG-8171,12:05,14:25,02h 20m,non-stop,9419,16,24-06-2022 16:00,Afternoon,3,140,Delhi -> Goa
2353,Delhi,Goa,24-06-2022,27-06-2022,SpiceJet,SG-8709,19:00,17:05,22h 05m,1-stop,9419,12,24-06-2022 12:00,Afternoon,3,1325,Delhi -> Goa
2354,Delhi,Goa,24-06-2022,27-06-2022,SpiceJet,SG-8701,07:20,17:05,09h 45m,1-stop,9419,3,24-06-2022 03:00,Night,3,585,Delhi -> Goa
2355,Delhi,Goa,24-06-2022,27-06-2022,SpiceJet,SG-8169,19:45,17:05,21h 20m,1-stop,9419,10,24-06-2022 10:00,Morning,3,1280,Delhi -> Goa
2356,Delhi,Goa,24-06-2022,27-06-2022,IndiGo,6E-2117,16:20,18:40,02h 20m,non-stop,9419,6,24-06-2022 06:00,Morning,3,140,Delhi -> Goa
2357,Delhi,Goa,24-06-2022,27-06-2022,IndiGo,6E-5161,12:15,14:50,02h 35m,non-stop,9419,11,24-06-2022 11:00,Morning,3,155,Delhi -> Goa
2358,Delhi,Goa,24-06-2022,27-06-2022,GO FIRST,G8- 286,10:40,13:20,02h 40m,non-stop,9419,9,24-06-2022 09:00,Morning,3,160,Delhi -> Goa
2359,Delhi,Goa,24-06-2022,27-06-2022,GO FIRST,G8- 338,10:55,16:40,05h 45m,1-stop,9419,6,24-06-2022 06:00,Morning,3,345,Delhi -> Goa
2360,Delhi,Goa,24-06-2022,27-06-2022,GO FIRST,G8- 338,10:55,17:55,07h 00m,1-stop,9419,12,24-06-2022 12:00,Afternoon,3,420,Delhi -> Goa
2361,Delhi,Goa,24-06-2022,27-06-2022,GO FIRST,G8- 354,22:45,06:10,07h 25m,1-stop,9419,6,24-06-2022 06:00,Morning,3,445,Delhi -> Goa
2362,Delhi,Goa,24-06-2022,27-06-2022,GO FIRST,G8- 717,13:35,21:25,07h 50m,1-stop,9419,23,24-06-2022 23:00,Night,3,470,Delhi -> Goa
2363,Delhi,Goa,24-06-2022,27-06-2022,GO FIRST,G8- 328,20:55,06:10,09h 15m,1-stop,9419,16,24-06-2022 16:00,Afternoon,3,555,Delhi -> Goa
2364,Delhi,Goa,24-06-2022,27-06-2022,GO FIRST,G8- 113,05:50,16:55,11h 05m,1-stop,9419,9,24-06-2022 09:00,Morning,3,665,Delhi -> Goa
2365,Delhi,Goa,24-06-2022,27-06-2022,GO FIRST,G8- 323,18:45,06:10,11h 25m,1-stop,9419,9,24-06-2022 09:00,Morning,3,685,Delhi -> Goa
2366,Delhi,Goa,24-06-2022,27-06-2022,GO FIRST,G8- 354,22:45,12:45,14h 00m,1-stop,9419,23,24-06-2022 23:00,Night,3,840,Delhi -> Goa
2367,Delhi,Goa,24-06-2022,27-06-2022,IndiGo,6E-5024,11:00,13:25,02h 25m,non-stop,9682,3,24-06-2022 03:00,Night,3,145,Delhi -> Goa
2381,Delhi,Goa,24-06-2022,27-06-2022,IndiGo,6E-2129,08:00,12:40,04h 40m,1-stop,9734,19,24-06-2022 19:00,Evening,3,280,Delhi -> Goa
2382,Delhi,Goa,24-06-2022,27-06-2022,IndiGo,6E- 184,09:50,14:45,04h 55m,1-stop,9734,3,24-06-2022 03:00,Night,3,295,Delhi -> Goa
2383,Delhi,Goa,24-06-2022,27-06-2022,IndiGo,6E-2325,01:50,06:50,05h 00m,1-stop,9734,21,24-06-2022 21:00,Night,3,300,Delhi -> Goa
2384,Delhi,Goa,24-06-2022,27-06-2022,IndiGo,6E-6823,18:00,23:00,05h 00m,1-stop,9734,6,24-06-2022 06:00,Morning,3,300,Delhi -> Goa
2385,Delhi,Goa,24-06-2022,27-06-2022,IndiGo,6E-2017,18:10,23:20,05h 10m,1-stop,9734,21,24-06-2022 21:00,Night,3,310,Delhi -> Goa
2386,Delhi,Goa,24-06-2022,27-06-2022,IndiGo,6E-2191,12:45,18:00,05h 15m,1-stop,9734,0,24-06-2022 00:00,Night,3,315,Delhi -> Goa
2387,Delhi,Goa,24-06-2022,27-06-2022,IndiGo,6E-6939,17:20,22:35,05h 15m,1-stop,9734,11,24-06-2022 11:00,Morning,3,315,Delhi -> Goa
2388,Delhi,Goa,24-06-2022,27-06-2022,IndiGo,6E-2487,17:25,22:40,05h 15m,1-stop,9734,23,24-06-2022 23:00,Night,3,315,Delhi -> Goa
2389,Delhi,Goa,24-06-2022,27-06-2022,IndiGo,6E-5036,02:25,07:45,05h 20m,1-stop,9734,12,24-06-2022 12:00,Afternoon,3,320,Delhi -> Goa
2390,Delhi,Goa,24-06-2022,27-06-2022,IndiGo,6E-2532,20:10,01:55,05h 45m,1-stop,9734,9,24-06-2022 09:00,Morning,3,345,Delhi -> Goa
2391,Delhi,Goa,24-06-2022,27-06-2022,IndiGo,6E- 698,21:05,02:50,05h 45m,1-stop,9734,14,24-06-2022 14:00,Afternoon,3,345,Delhi -> Goa
2392,Delhi,Goa,24-06-2022,27-06-2022,IndiGo,6E-5023,06:30,12:40,06h 10m,1-stop,9734,12,24-06-2022 12:00,Afternoon,3,370,Delhi -> Goa
2393,Delhi,Goa,24-06-2022,27-06-2022,IndiGo,6E-2138,11:55,18:10,06h 15m,1-stop,9734,22,24-06-2022 22:00,Night,3,375,Delhi -> Goa
2394,Delhi,Goa,24-06-2022,27-06-2022,IndiGo,6E-5318,17:00,23:20,06h 20m,1-stop,9734,21,24-06-2022 21:00,Night,3,380,Delhi -> Goa
2395,Delhi,Goa,24-06-2022,27-06-2022,IndiGo,6E-2043,12:55,19:20,06h 25m,1-stop,9734,21,24-06-2022 21:00,Night,3,385,Delhi -> Goa
2396,Delhi,Goa,24-06-2022,27-06-2022,IndiGo,6E-6278,08:45,15:15,06h 30m,1-stop,9734,20,24-06-2022 20:00,Evening,3,390,Delhi -> Goa
2397,Delhi,Goa,24-06-2022,27-06-2022,IndiGo,6E-2187,15:00,21:30,06h 30m,1-stop,9734,21,24-06-2022 21:00,Night,3,390,Delhi -> Goa
2398,Delhi,Goa,24-06-2022,27-06-2022,IndiGo,6E-2519,23:35,06:15,06h 40m,1-stop,9734,8,24-06-2022 08:00,Morning,3,400,Delhi -> Goa
2399,Delhi,Goa,24-06-2022,27-06-2022,IndiGo,6E- 864,16:15,23:20,07h 05m,1-stop,9734,8,24-06-2022 08:00,Morning,3,425,Delhi -> Goa
2400,Delhi,Goa,24-06-2022,27-06-2022,IndiGo,6E-5009,06:55,14:10,07h 15m,1-stop,9734,14,24-06-2022 14:00,Afternoon,3,435,Delhi -> Goa
2401,Delhi,Goa,24-06-2022,27-06-2022,IndiGo,6E-2129,08:00,15:15,07h 15m,1-stop,9734,9,24-06-2022 09:00,Morning,3,435,Delhi -> Goa
2402,Delhi,Goa,24-06-2022,27-06-2022,IndiGo,6E-2143,17:55,01:10,07h 15m,1-stop,9734,23,24-06-2022 23:00,Night,3,435,Delhi -> Goa
2403,Delhi,Goa,24-06-2022,27-06-2022,IndiGo,6E-2015,18:30,01:55,07h 25m,1-stop,9734,9,24-06-2022 09:00,Morning,3,445,Delhi -> Goa
2404,Delhi,Goa,24-06-2022,27-06-2022,IndiGo,6E-2144,10:00,12:30,02h 30m,non-stop,10207,7,24-06-2022 07:00,Morning,3,150,Delhi -> Goa
2405,Delhi,Goa,24-06-2022,27-06-2022,Vistara,UK-847,11:10,13:50,02h 40m,non-stop,10680,23,24-06-2022 23:00,Night,3,160,Delhi -> Goa
2406,Delhi,Goa,24-06-2022,27-06-2022,IndiGo,6E-6814,07:20,12:40,05h 20m,1-stop,11855,15,24-06-2022 15:00,Afternoon,3,320,Delhi -> Goa
2407,Delhi,Goa,24-06-2022,27-06-2022,IndiGo,6E- 781,15:20,20:40,05h 20m,1-stop,11855,16,24-06-2022 16:00,Afternoon,3,320,Delhi -> Goa
2408,Delhi,Goa,24-06-2022,27-06-2022,IndiGo,6E- 781,15:20,22:40,07h 20m,1-stop,11855,4,24-06-2022 04:00,Night,3,440,Delhi -> Goa
2409,Delhi,Goa,24-06-2022,27-06-2022,GO FIRST,G8- 334,07:00,16:40,09h 40m,1-stop,14007,3,24-06-2022 03:00,Night,3,580,Delhi -> Goa
2410,Delhi,Goa,24-06-2022,27-06-2022,GO FIRST,G8- 334,07:00,17:55,10h 55m,1-stop,14007,17,24-06-2022 17:00,Evening,3,655,Delhi -> Goa
2411,Delhi,Goa,24-06-2022,27-06-2022,Vistara,UK-929,21:20,12:45,15h 25m,2+-stop,13332,23,24-06-2022 23:00,Night,3,925,Delhi -> Goa
2412,Delhi,Goa,24-06-2022,27-06-2022,Vistara,UK-969,18:10,12:45,18h 35m,2+-stop,13332,18,24-06-2022 18:00,Evening,3,1115,Delhi -> Goa
2414,Delhi,Goa,24-06-2022,27-06-2022,IndiGo,6E-2774,07:55,14:00,06h 05m,1-stop,13976,3,24-06-2022 03:00,Night,3,365,Delhi -> Goa
2415,Delhi,Goa,24-06-2022,27-06-2022,GO FIRST,G8- 334,07:00,12:45,05h 45m,1-stop,14007,6,24-06-2022 06:00,Morning,3,345,Delhi -> Goa
2416,Delhi,Goa,24-06-2022,27-06-2022,IndiGo,6E-2004,12:45,17:35,04h 50m,1-stop,14039,9,24-06-2022 09:00,Morning,3,290,Delhi -> Goa
2417,Delhi,Goa,24-06-2022,27-06-2022,Vistara,UK-981,21:30,12:45,15h 15m,1-stop,14141,17,24-06-2022 17:00,Evening,3,915,Delhi -> Goa
2418,Delhi,Goa,24-06-2022,27-06-2022,Vistara,UK-953,20:40,12:45,16h 05m,1-stop,14141,18,24-06-2022 18:00,Evening,3,965,Delhi -> Goa
2419,Delhi,Goa,24-06-2022,27-06-2022,Vistara,UK-985,19:45,12:45,17h 00m,1-stop,14141,3,24-06-2022 03:00,Night,3,1020,Delhi -> Goa
2420,Delhi,Goa,24-06-2022,27-06-2022,Vistara,UK-977,18:55,12:45,17h 50m,1-stop,14141,9,24-06-2022 09:00,Morning,3,1070,Delhi -> Goa
2421,Delhi,Goa,24-06-2022,27-06-2022,Vistara,UK-955,17:45,12:45,19h 00m,1-stop,14141,0,24-06-2022 00:00,Night,3,1140,Delhi -> Goa
2422,Delhi,Goa,24-06-2022,27-06-2022,Vistara,UK-941,16:55,12:45,19h 50m,1-stop,14141,22,24-06-2022 22:00,Night,3,1190,Delhi -> Goa
2423,Delhi,Goa,24-06-2022,27-06-2022,Vistara,UK-933,15:30,12:45,21h 15m,1-stop,14141,17,24-06-2022 17:00,Evening,3,1275,Delhi -> Goa
2424,Delhi,Goa,24-06-2022,27-06-2022,Vistara,UK-951,14:20,12:45,22h 25m,1-stop,14141,4,24-06-2022 04:00,Night,3,1345,Delhi -> Goa
2425,Delhi,Goa,24-06-2022,27-06-2022,Vistara,UK-993,12:50,12:45,23h 55m,1-stop,14141,14,24-06-2022 14:00,Afternoon,3,1435,Delhi -> Goa
2442,Delhi,Goa,24-06-2022,27-06-2022,Vistara,UK-945,11:40,12:45,25h 05m,1-stop,14458,16,24-06-2022 16:00,Afternoon,3,1505,Delhi -> Goa
2443,Delhi,Goa,24-06-2022,27-06-2022,Vistara,UK-995,10:20,12:45,26h 25m,1-stop,14458,2,24-06-2022 02:00,Night,3,1585,Delhi -> Goa
2444,Delhi,Goa,24-06-2022,27-06-2022,Vistara,UK-927,09:30,12:45,27h 15m,1-stop,14458,11,24-06-2022 11:00,Morning,3,1635,Delhi -> Goa
2449,Delhi,Goa,24-06-2022,27-06-2022,Vistara,UK-637,17:10,12:45,19h 35m,2+-stop,15135,1,24-06-2022 01:00,Night,3,1175,Delhi -> Goa
2450,Delhi,Goa,24-06-2022,27-06-2022,Vistara,UK-706,13:40,12:45,23h 05m,2+-stop,15135,0,24-06-2022 00:00,Night,3,1385,Delhi -> Goa
2451,Delhi,Goa,24-06-2022,27-06-2022,Vistara,UK-807,20:40,14:05,17h 25m,1-stop,15298,22,24-06-2022 22:00,Night,3,1045,Delhi -> Goa
2452,Delhi,Goa,24-06-2022,27-06-2022,Vistara,UK-809,19:50,14:05,18h 15m,1-stop,15298,20,24-06-2022 20:00,Evening,3,1095,Delhi -> Goa
2453,Delhi,Goa,24-06-2022,27-06-2022,Vistara,UK-813,17:35,14:05,20h 30m,1-stop,15298,16,24-06-2022 16:00,Afternoon,3,1230,Delhi -> Goa
2454,Delhi,Goa,24-06-2022,27-06-2022,Vistara,UK-817,16:05,14:05,22h 00m,1-stop,15298,21,24-06-2022 21:00,Night,3,1320,Delhi -> Goa
2455,Delhi,Goa,24-06-2022,27-06-2022,Vistara,UK-975,05:55,12:45,06h 50m,1-stop,15615,15,24-06-2022 15:00,Afternoon,3,410,Delhi -> Goa
2456,Delhi,Goa,24-06-2022,27-06-2022,Air Asia,I5-740,08:10,14:45,06h 35m,1-stop,16348,4,24-06-2022 04:00,Night,3,395,Delhi -> Goa
2457,Delhi,Goa,24-06-2022,27-06-2022,Vistara,UK-871,20:35,12:45,16h 10m,2+-stop,16448,14,24-06-2022 14:00,Afternoon,3,970,Delhi -> Goa
2458,Delhi,Goa,24-06-2022,27-06-2022,Vistara,UK-871,20:35,12:45,16h 10m,2+-stop,16448,2,24-06-2022 02:00,Night,3,970,Delhi -> Goa
2459,Delhi,Goa,24-06-2022,27-06-2022,Vistara,UK-859,10:25,12:45,26h 20m,2+-stop,16448,6,24-06-2022 06:00,Morning,3,1580,Delhi -> Goa
2460,Delhi,Goa,24-06-2022,27-06-2022,Vistara,UK-859,10:25,12:45,26h 20m,2+-stop,16448,10,24-06-2022 10:00,Morning,3,1580,Delhi -> Goa
2461,Delhi,Goa,24-06-2022,27-06-2022,Vistara,UK-859,10:25,12:45,26h 20m,2+-stop,16448,9,24-06-2022 09:00,Morning,3,1580,Delhi -> Goa
2462,Delhi,Goa,24-06-2022,27-06-2022,Vistara,UK-819,14:15,14:05,23h 50m,1-stop,16560,8,24-06-2022 08:00,Morning,3,1430,Delhi -> Goa
2463,Delhi,Goa,24-06-2022,27-06-2022,Vistara,UK-879,17:35,12:45,19h 10m,2+-stop,16765,13,24-06-2022 13:00,Afternoon,3,1150,Delhi -> Goa
2464,Delhi,Goa,24-06-2022,27-06-2022,Vistara,UK-879,17:35,12:45,19h 10m,2+-stop,16765,12,24-06-2022 12:00,Afternoon,3,1150,Delhi -> Goa
2465,Delhi,Goa,24-06-2022,27-06-2022,Vistara,UK-879,17:35,12:45,19h 10m,2+-stop,16765,1,24-06-2022 01:00,Night,3,1150,Delhi -> Goa
2466,Delhi,Goa,24-06-2022,27-06-2022,Vistara,UK-899,14:45,12:45,22h 00m,2+-stop,16765,2,24-06-2022 02:00,Night,3,1320,Delhi -> Goa
2467,Delhi,Goa,24-06-2022,27-06-2022,Vistara,UK-899,14:45,12:45,22h 00m,2+-stop,16765,6,24-06-2022 06:00,Morning,3,1320,Delhi -> Goa
2468,Delhi,Goa,24-06-2022,27-06-2022,Vistara,UK-899,14:45,12:45,22h 00m,2+-stop,16765,20,24-06-2022 20:00,Evening,3,1320,Delhi -> Goa
2469,Delhi,Goa,24-06-2022,27-06-2022,Vistara,UK-673,13:20,12:45,23h 25m,2+-stop,16815,17,24-06-2022 17:00,Evening,3,1405,Delhi -> Goa
2470,Delhi,Goa,24-06-2022,27-06-2022,Vistara,UK-871,20:35,14:05,17h 30m,2+-stop,16892,2,24-06-2022 02:00,Night,3,1050,Delhi -> Goa
2471,Delhi,Goa,24-06-2022,27-06-2022,IndiGo,6E-2331,06:40,14:00,07h 20m,1-stop,17158,9,24-06-2022 09:00,Morning,3,440,Delhi -> Goa
2472,Delhi,Goa,24-06-2022,27-06-2022,Vistara,UK-879,17:35,14:05,20h 30m,2+-stop,17209,21,24-06-2022 21:00,Night,3,1230,Delhi -> Goa
2473,Delhi,Goa,24-06-2022,27-06-2022,Vistara,UK-943,07:30,12:45,05h 15m,1-stop,17925,6,24-06-2022 06:00,Morning,3,315,Delhi -> Goa
2474,Delhi,Goa,24-06-2022,27-06-2022,IndiGo,6E- 308,08:20,14:10,05h 50m,1-stop,18271,8,24-06-2022 08:00,Morning,3,350,Delhi -> Goa
2477,Delhi,Goa,24-06-2022,27-06-2022,Vistara,UK-811,06:15,14:05,07h 50m,1-stop,18870,16,24-06-2022 16:00,Afternoon,3,470,Delhi -> Goa
2480,Delhi,Goa,24-06-2022,27-06-2022,Vistara,UK-801,09:05,14:05,05h 00m,1-stop,23910,10,24-06-2022 10:00,Morning,3,300,Delhi -> Goa
2481,Delhi,Goa,24-06-2022,27-06-2022,Vistara,UK-815,08:05,14:05,06h 00m,1-stop,23910,6,24-06-2022 06:00,Morning,3,360,Delhi -> Goa
2483,Delhi,Goa,24-06-2022,28-06-2022,SpiceJet,SG- 957,15:10,17:40,02h 30m,non-stop,9419,23,24-06-2022 23:00,Night,4,150,Delhi -> Goa
2484,Delhi,Goa,24-06-2022,28-06-2022,Air Asia,I5-779,05:10,07:50,02h 40m,non-stop,9419,13,24-06-2022 13:00,Afternoon,4,160,Delhi -> Goa
2485,Delhi,Goa,24-06-2022,28-06-2022,IndiGo,6E-2792,19:00,21:30,02h 30m,non-stop,9419,18,24-06-2022 18:00,Evening,4,150,Delhi -> Goa
2486,Delhi,Goa,24-06-2022,28-06-2022,IndiGo,6E- 505,21:45,00:20,02h 35m,non-stop,9419,3,24-06-2022 03:00,Night,4,155,Delhi -> Goa
2487,Delhi,Goa,24-06-2022,28-06-2022,Vistara,UK-855,18:40,21:20,02h 40m,non-stop,9418,5,24-06-2022 05:00,Morning,4,160,Delhi -> Goa
2488,Delhi,Goa,24-06-2022,28-06-2022,SpiceJet,SG-8171,12:05,14:25,02h 20m,non-stop,9419,9,24-06-2022 09:00,Morning,4,140,Delhi -> Goa
2489,Delhi,Goa,24-06-2022,28-06-2022,GO FIRST,G8- 286,10:40,13:20,02h 40m,non-stop,9419,6,24-06-2022 06:00,Morning,4,160,Delhi -> Goa
2490,Delhi,Goa,24-06-2022,28-06-2022,SpiceJet,SG-8701,07:20,17:05,09h 45m,1-stop,9419,12,24-06-2022 12:00,Afternoon,4,585,Delhi -> Goa
2491,Delhi,Goa,24-06-2022,28-06-2022,SpiceJet,SG- 711,21:40,12:55,15h 15m,1-stop,9419,13,24-06-2022 13:00,Afternoon,4,915,Delhi -> Goa
2492,Delhi,Goa,24-06-2022,28-06-2022,SpiceJet,SG- 711,21:40,17:05,19h 25m,1-stop,9419,3,24-06-2022 03:00,Night,4,1165,Delhi -> Goa
2493,Delhi,Goa,24-06-2022,28-06-2022,SpiceJet,SG-8938,17:05,00:25,07h 20m,1-stop,9419,7,24-06-2022 07:00,Morning,4,440,Delhi -> Goa
2494,Delhi,Goa,24-06-2022,28-06-2022,IndiGo,6E-2117,16:20,18:40,02h 20m,non-stop,9419,4,24-06-2022 04:00,Night,4,140,Delhi -> Goa
2495,Delhi,Goa,24-06-2022,28-06-2022,IndiGo,6E-5024,11:00,13:25,02h 25m,non-stop,9419,0,24-06-2022 00:00,Night,4,145,Delhi -> Goa
2496,Delhi,Goa,24-06-2022,28-06-2022,IndiGo,6E-2144,10:00,12:30,02h 30m,non-stop,9419,3,24-06-2022 03:00,Night,4,150,Delhi -> Goa
2497,Delhi,Goa,24-06-2022,28-06-2022,IndiGo,6E-5161,12:15,14:50,02h 35m,non-stop,9419,2,24-06-2022 02:00,Night,4,155,Delhi -> Goa
2498,Delhi,Goa,24-06-2022,28-06-2022,Vistara,UK-847,11:10,13:50,02h 40m,non-stop,9418,8,24-06-2022 08:00,Morning,4,160,Delhi -> Goa
2499,Delhi,Goa,24-06-2022,28-06-2022,GO FIRST,G8- 334,07:00,12:45,05h 45m,1-stop,9419,7,24-06-2022 07:00,Morning,4,345,Delhi -> Goa
2500,Delhi,Goa,24-06-2022,28-06-2022,GO FIRST,G8- 354,22:45,06:10,07h 25m,1-stop,9419,0,24-06-2022 00:00,Night,4,445,Delhi -> Goa
2501,Delhi,Goa,24-06-2022,28-06-2022,GO FIRST,G8- 338,09:00,16:40,07h 40m,1-stop,9419,5,24-06-2022 05:00,Morning,4,460,Delhi -> Goa
2502,Delhi,Goa,24-06-2022,28-06-2022,GO FIRST,G8- 717,13:35,21:25,07h 50m,1-stop,9419,8,24-06-2022 08:00,Morning,4,470,Delhi -> Goa
2503,Delhi,Goa,24-06-2022,28-06-2022,GO FIRST,G8- 338,09:00,17:55,08h 55m,1-stop,9419,6,24-06-2022 06:00,Morning,4,535,Delhi -> Goa
2504,Delhi,Goa,24-06-2022,28-06-2022,GO FIRST,G8- 328,20:55,06:10,09h 15m,1-stop,9419,3,24-06-2022 03:00,Night,4,555,Delhi -> Goa
2505,Delhi,Goa,24-06-2022,28-06-2022,GO FIRST,G8- 334,07:00,16:40,09h 40m,1-stop,9419,12,24-06-2022 12:00,Afternoon,4,580,Delhi -> Goa
2506,Delhi,Goa,24-06-2022,28-06-2022,GO FIRST,G8-2501,02:40,12:45,10h 05m,1-stop,9419,16,24-06-2022 16:00,Afternoon,4,605,Delhi -> Goa
2507,Delhi,Goa,24-06-2022,28-06-2022,GO FIRST,G8- 334,07:00,17:55,10h 55m,1-stop,9419,1,24-06-2022 01:00,Night,4,655,Delhi -> Goa
2508,Delhi,Goa,24-06-2022,28-06-2022,GO FIRST,G8- 113,05:50,16:55,11h 05m,1-stop,9419,4,24-06-2022 04:00,Night,4,665,Delhi -> Goa
2509,Delhi,Goa,24-06-2022,28-06-2022,GO FIRST,G8- 323,18:45,06:10,11h 25m,1-stop,9419,11,24-06-2022 11:00,Morning,4,685,Delhi -> Goa
2510,Delhi,Goa,24-06-2022,28-06-2022,GO FIRST,G8-2501,02:40,16:40,14h 00m,1-stop,9419,20,24-06-2022 20:00,Evening,4,840,Delhi -> Goa
2511,Delhi,Goa,24-06-2022,28-06-2022,GO FIRST,G8- 354,22:45,12:45,14h 00m,1-stop,9419,7,24-06-2022 07:00,Morning,4,840,Delhi -> Goa
2512,Delhi,Goa,24-06-2022,28-06-2022,GO FIRST,G8-2501,02:40,17:55,15h 15m,1-stop,9419,5,24-06-2022 05:00,Morning,4,915,Delhi -> Goa
2525,Delhi,Goa,24-06-2022,28-06-2022,IndiGo,6E-2129,08:00,12:40,04h 40m,1-stop,9734,7,24-06-2022 07:00,Morning,4,280,Delhi -> Goa
2526,Delhi,Goa,24-06-2022,28-06-2022,IndiGo,6E-2004,12:45,17:35,04h 50m,1-stop,9734,17,24-06-2022 17:00,Evening,4,290,Delhi -> Goa
2527,Delhi,Goa,24-06-2022,28-06-2022,IndiGo,6E- 184,09:50,14:45,04h 55m,1-stop,9734,2,24-06-2022 02:00,Night,4,295,Delhi -> Goa
2528,Delhi,Goa,24-06-2022,28-06-2022,IndiGo,6E-2325,01:50,06:50,05h 00m,1-stop,9734,21,24-06-2022 21:00,Night,4,300,Delhi -> Goa
2529,Delhi,Goa,24-06-2022,28-06-2022,IndiGo,6E-2017,18:10,23:20,05h 10m,1-stop,9734,11,24-06-2022 11:00,Morning,4,310,Delhi -> Goa
2530,Delhi,Goa,24-06-2022,28-06-2022,IndiGo,6E-2191,12:45,18:00,05h 15m,1-stop,9734,2,24-06-2022 02:00,Night,4,315,Delhi -> Goa
2531,Delhi,Goa,24-06-2022,28-06-2022,IndiGo,6E-2487,17:25,22:40,05h 15m,1-stop,9734,21,24-06-2022 21:00,Night,4,315,Delhi -> Goa
2532,Delhi,Goa,24-06-2022,28-06-2022,IndiGo,6E-5036,02:25,07:45,05h 20m,1-stop,9734,5,24-06-2022 05:00,Morning,4,320,Delhi -> Goa
2533,Delhi,Goa,24-06-2022,28-06-2022,IndiGo,6E-6814,07:20,12:40,05h 20m,1-stop,9734,1,24-06-2022 01:00,Night,4,320,Delhi -> Goa
2534,Delhi,Goa,24-06-2022,28-06-2022,IndiGo,6E- 781,15:20,20:40,05h 20m,1-stop,9734,22,24-06-2022 22:00,Night,4,320,Delhi -> Goa
2535,Delhi,Goa,24-06-2022,28-06-2022,IndiGo,6E-2532,20:10,01:55,05h 45m,1-stop,9734,11,24-06-2022 11:00,Morning,4,345,Delhi -> Goa
2536,Delhi,Goa,24-06-2022,28-06-2022,IndiGo,6E- 698,21:05,02:50,05h 45m,1-stop,9734,1,24-06-2022 01:00,Night,4,345,Delhi -> Goa
2537,Delhi,Goa,24-06-2022,28-06-2022,IndiGo,6E- 308,08:20,14:10,05h 50m,1-stop,9734,5,24-06-2022 05:00,Morning,4,350,Delhi -> Goa
2538,Delhi,Goa,24-06-2022,28-06-2022,IndiGo,6E-2104,19:30,01:20,05h 50m,1-stop,9734,16,24-06-2022 16:00,Afternoon,4,350,Delhi -> Goa
2539,Delhi,Goa,24-06-2022,28-06-2022,IndiGo,6E-2774,07:55,14:00,06h 05m,1-stop,9734,2,24-06-2022 02:00,Night,4,365,Delhi -> Goa
2540,Delhi,Goa,24-06-2022,28-06-2022,IndiGo,6E-5023,06:30,12:40,06h 10m,1-stop,9734,1,24-06-2022 01:00,Night,4,370,Delhi -> Goa
2541,Delhi,Goa,24-06-2022,28-06-2022,IndiGo,6E-2138,11:55,18:10,06h 15m,1-stop,9734,22,24-06-2022 22:00,Night,4,375,Delhi -> Goa
2542,Delhi,Goa,24-06-2022,28-06-2022,IndiGo,6E-5318,17:00,23:20,06h 20m,1-stop,9734,19,24-06-2022 19:00,Evening,4,380,Delhi -> Goa
2543,Delhi,Goa,24-06-2022,28-06-2022,IndiGo,6E-2043,12:55,19:20,06h 25m,1-stop,9734,7,24-06-2022 07:00,Morning,4,385,Delhi -> Goa
2544,Delhi,Goa,24-06-2022,28-06-2022,IndiGo,6E-6278,08:45,15:15,06h 30m,1-stop,9734,21,24-06-2022 21:00,Night,4,390,Delhi -> Goa
2545,Delhi,Goa,24-06-2022,28-06-2022,IndiGo,6E-2187,15:00,21:30,06h 30m,1-stop,9734,11,24-06-2022 11:00,Morning,4,390,Delhi -> Goa
2546,Delhi,Goa,24-06-2022,28-06-2022,IndiGo,6E-2519,23:35,06:15,06h 40m,1-stop,9734,3,24-06-2022 03:00,Night,4,400,Delhi -> Goa
2547,Delhi,Goa,24-06-2022,28-06-2022,IndiGo,6E- 864,16:15,23:20,07h 05m,1-stop,9734,4,24-06-2022 04:00,Night,4,425,Delhi -> Goa
2548,Delhi,Goa,24-06-2022,28-06-2022,IndiGo,6E-5009,06:55,14:10,07h 15m,1-stop,9734,12,24-06-2022 12:00,Afternoon,4,435,Delhi -> Goa
2549,Delhi,Goa,24-06-2022,28-06-2022,IndiGo,6E-2129,08:00,15:15,07h 15m,1-stop,9734,14,24-06-2022 14:00,Afternoon,4,435,Delhi -> Goa
2550,Delhi,Goa,24-06-2022,28-06-2022,IndiGo,6E-2143,17:55,01:10,07h 15m,1-stop,9734,22,24-06-2022 22:00,Night,4,435,Delhi -> Goa
2551,Delhi,Goa,24-06-2022,28-06-2022,IndiGo,6E-2331,06:40,14:00,07h 20m,1-stop,9734,15,24-06-2022 15:00,Afternoon,4,440,Delhi -> Goa
2552,Delhi,Goa,24-06-2022,28-06-2022,IndiGo,6E- 781,15:20,22:40,07h 20m,1-stop,9734,9,24-06-2022 09:00,Morning,4,440,Delhi -> Goa
2553,Delhi,Goa,24-06-2022,28-06-2022,IndiGo,6E-6823,18:00,01:20,07h 20m,1-stop,9734,22,24-06-2022 22:00,Night,4,440,Delhi -> Goa
2554,Delhi,Goa,24-06-2022,28-06-2022,IndiGo,6E-2015,18:30,01:55,07h 25m,1-stop,9734,15,24-06-2022 15:00,Afternoon,4,445,Delhi -> Goa
2555,Delhi,Goa,24-06-2022,28-06-2022,Vistara,UK-975,05:55,12:45,06h 50m,1-stop,14141,11,24-06-2022 11:00,Morning,4,410,Delhi -> Goa
2582,Delhi,Goa,24-06-2022,28-06-2022,Vistara,UK-943,07:30,12:45,05h 15m,1-stop,14458,16,24-06-2022 16:00,Afternoon,4,315,Delhi -> Goa
2583,Delhi,Goa,24-06-2022,28-06-2022,Vistara,UK-811,06:15,14:05,07h 50m,1-stop,15298,15,24-06-2022 15:00,Afternoon,4,470,Delhi -> Goa
2584,Delhi,Goa,24-06-2022,28-06-2022,Vistara,UK-819,14:15,14:05,23h 50m,1-stop,16138,11,24-06-2022 11:00,Morning,4,1430,Delhi -> Goa
2585,Delhi,Goa,24-06-2022,28-06-2022,Vistara,UK-981,21:30,12:45,15h 15m,1-stop,16348,7,24-06-2022 07:00,Morning,4,915,Delhi -> Goa
2586,Delhi,Goa,24-06-2022,28-06-2022,Vistara,UK-953,20:40,12:45,16h 05m,1-stop,16348,19,24-06-2022 19:00,Evening,4,965,Delhi -> Goa
2587,Delhi,Goa,24-06-2022,28-06-2022,Vistara,UK-985,19:45,12:45,17h 00m,1-stop,16348,2,24-06-2022 02:00,Night,4,1020,Delhi -> Goa
2588,Delhi,Goa,24-06-2022,28-06-2022,Vistara,UK-955,17:45,12:45,19h 00m,1-stop,16348,15,24-06-2022 15:00,Afternoon,4,1140,Delhi -> Goa
2589,Delhi,Goa,24-06-2022,28-06-2022,Vistara,UK-941,16:55,12:45,19h 50m,1-stop,16348,12,24-06-2022 12:00,Afternoon,4,1190,Delhi -> Goa
2590,Delhi,Goa,24-06-2022,28-06-2022,Vistara,UK-933,15:30,12:45,21h 15m,1-stop,16348,22,24-06-2022 22:00,Night,4,1275,Delhi -> Goa
2591,Delhi,Goa,24-06-2022,28-06-2022,Vistara,UK-951,14:20,12:45,22h 25m,1-stop,16348,18,24-06-2022 18:00,Evening,4,1345,Delhi -> Goa
2592,Delhi,Goa,24-06-2022,28-06-2022,Vistara,UK-993,12:50,12:45,23h 55m,1-stop,16348,7,24-06-2022 07:00,Morning,4,1435,Delhi -> Goa
2593,Delhi,Goa,24-06-2022,28-06-2022,Vistara,UK-995,10:20,12:45,26h 25m,1-stop,16348,21,24-06-2022 21:00,Night,4,1585,Delhi -> Goa
2594,Delhi,Goa,24-06-2022,28-06-2022,Vistara,UK-927,09:30,12:45,27h 15m,1-stop,16348,4,24-06-2022 04:00,Night,4,1635,Delhi -> Goa
2595,Delhi,Goa,24-06-2022,28-06-2022,Vistara,UK-977,18:55,12:45,17h 50m,1-stop,16665,19,24-06-2022 19:00,Evening,4,1070,Delhi -> Goa
2596,Delhi,Goa,24-06-2022,28-06-2022,Vistara,UK-945,11:40,12:45,25h 05m,1-stop,16665,7,24-06-2022 07:00,Morning,4,1505,Delhi -> Goa
2597,Delhi,Goa,24-06-2022,28-06-2022,Vistara,UK-809,19:50,14:05,18h 15m,1-stop,16875,23,24-06-2022 23:00,Night,4,1095,Delhi -> Goa
2599,Delhi,Goa,24-06-2022,28-06-2022,Vistara,UK-817,16:05,14:05,22h 00m,1-stop,17400,11,24-06-2022 11:00,Morning,4,1320,Delhi -> Goa
2600,Delhi,Goa,24-06-2022,28-06-2022,Vistara,UK-801,09:05,14:05,05h 00m,1-stop,17820,0,24-06-2022 00:00,Night,4,300,Delhi -> Goa
2601,Delhi,Goa,24-06-2022,28-06-2022,Vistara,UK-815,08:05,14:05,06h 00m,1-stop,17820,20,24-06-2022 20:00,Evening,4,360,Delhi -> Goa
2602,Delhi,Goa,24-06-2022,28-06-2022,Vistara,UK-807,20:40,14:05,17h 25m,1-stop,17925,19,24-06-2022 19:00,Evening,4,1045,Delhi -> Goa
2603,Delhi,Goa,24-06-2022,28-06-2022,Vistara,UK-871,20:35,14:05,17h 30m,2+-stop,18068,5,24-06-2022 05:00,Morning,4,1050,Delhi -> Goa
2604,Delhi,Goa,24-06-2022,28-06-2022,Vistara,UK-879,17:35,14:05,20h 30m,2+-stop,18068,21,24-06-2022 21:00,Night,4,1230,Delhi -> Goa
2605,Delhi,Goa,24-06-2022,28-06-2022,Vistara,UK-899,14:45,14:05,23h 20m,2+-stop,18068,17,24-06-2022 17:00,Evening,4,1400,Delhi -> Goa
2606,Delhi,Goa,24-06-2022,28-06-2022,Vistara,UK-899,14:45,14:05,23h 20m,2+-stop,18068,7,24-06-2022 07:00,Morning,4,1400,Delhi -> Goa
2607,Delhi,Goa,24-06-2022,28-06-2022,Vistara,UK-859,10:25,14:05,27h 40m,2+-stop,18068,6,24-06-2022 06:00,Morning,4,1660,Delhi -> Goa
2608,Delhi,Goa,24-06-2022,28-06-2022,Vistara,UK-859,10:25,14:05,27h 40m,2+-stop,18068,0,24-06-2022 00:00,Night,4,1660,Delhi -> Goa
2611,Delhi,Goa,24-06-2022,28-06-2022,Vistara,UK-813,17:35,14:05,20h 30m,1-stop,18660,20,24-06-2022 20:00,Evening,4,1230,Delhi -> Goa
2613,Delhi,Goa,24-06-2022,28-06-2022,Vistara,UK-829,07:20,14:05,30h 45m,2+-stop,20380,15,24-06-2022 15:00,Afternoon,4,1845,Delhi -> Goa
2614,Delhi,Goa,24-06-2022,28-06-2022,Vistara,UK-829,07:20,14:05,30h 45m,2+-stop,20380,11,24-06-2022 11:00,Morning,4,1845,Delhi -> Goa
2616,Delhi,Goa,24-06-2022,29-06-2022,SpiceJet,SG- 957,15:10,17:40,02h 30m,non-stop,9419,5,24-06-2022 05:00,Morning,5,150,Delhi -> Goa
2617,Delhi,Goa,24-06-2022,29-06-2022,IndiGo,6E-2792,19:00,21:30,02h 30m,non-stop,9419,19,24-06-2022 19:00,Evening,5,150,Delhi -> Goa
2618,Delhi,Goa,24-06-2022,29-06-2022,IndiGo,6E- 505,21:45,00:20,02h 35m,non-stop,9419,1,24-06-2022 01:00,Night,5,155,Delhi -> Goa
2619,Delhi,Goa,24-06-2022,29-06-2022,GO FIRST,G8- 286,10:40,13:20,02h 40m,non-stop,9419,13,24-06-2022 13:00,Afternoon,5,160,Delhi -> Goa
2620,Delhi,Goa,24-06-2022,29-06-2022,Vistara,UK-855,18:40,21:20,02h 40m,non-stop,9418,3,24-06-2022 03:00,Night,5,160,Delhi -> Goa
2621,Delhi,Goa,24-06-2022,29-06-2022,SpiceJet,SG-8171,12:05,14:25,02h 20m,non-stop,9419,0,24-06-2022 00:00,Night,5,140,Delhi -> Goa
2622,Delhi,Goa,24-06-2022,29-06-2022,SpiceJet,SG-8701,07:20,12:55,05h 35m,1-stop,9419,22,24-06-2022 22:00,Night,5,335,Delhi -> Goa
2623,Delhi,Goa,24-06-2022,29-06-2022,SpiceJet,SG- 711,21:40,03:15,05h 35m,1-stop,9419,17,24-06-2022 17:00,Evening,5,335,Delhi -> Goa
2624,Delhi,Goa,24-06-2022,29-06-2022,SpiceJet,SG-8169,19:45,03:15,07h 30m,1-stop,9419,12,24-06-2022 12:00,Afternoon,5,450,Delhi -> Goa
2625,Delhi,Goa,24-06-2022,29-06-2022,SpiceJet,SG-8701,07:20,17:05,09h 45m,1-stop,9419,1,24-06-2022 01:00,Night,5,585,Delhi -> Goa
2626,Delhi,Goa,24-06-2022,29-06-2022,SpiceJet,SG- 711,21:40,17:05,19h 25m,1-stop,9419,8,24-06-2022 08:00,Morning,5,1165,Delhi -> Goa
2627,Delhi,Goa,24-06-2022,29-06-2022,SpiceJet,SG-8701,07:20,03:15,19h 55m,1-stop,9419,20,24-06-2022 20:00,Evening,5,1195,Delhi -> Goa
2628,Delhi,Goa,24-06-2022,29-06-2022,SpiceJet,SG-8169,19:45,17:05,21h 20m,1-stop,9419,1,24-06-2022 01:00,Night,5,1280,Delhi -> Goa
2629,Delhi,Goa,24-06-2022,29-06-2022,IndiGo,6E-2117,16:20,18:40,02h 20m,non-stop,9419,8,24-06-2022 08:00,Morning,5,140,Delhi -> Goa
2630,Delhi,Goa,24-06-2022,29-06-2022,IndiGo,6E-5024,11:00,13:25,02h 25m,non-stop,9419,0,24-06-2022 00:00,Night,5,145,Delhi -> Goa
2631,Delhi,Goa,24-06-2022,29-06-2022,IndiGo,6E-5161,12:15,14:50,02h 35m,non-stop,9419,10,24-06-2022 10:00,Morning,5,155,Delhi -> Goa
2632,Delhi,Goa,24-06-2022,29-06-2022,GO FIRST,G8- 338,12:30,17:55,05h 25m,1-stop,9419,2,24-06-2022 02:00,Night,5,325,Delhi -> Goa
2633,Delhi,Goa,24-06-2022,29-06-2022,GO FIRST,G8- 334,07:00,12:45,05h 45m,1-stop,9419,19,24-06-2022 19:00,Evening,5,345,Delhi -> Goa
2634,Delhi,Goa,24-06-2022,29-06-2022,GO FIRST,G8- 354,22:45,06:10,07h 25m,1-stop,9419,22,24-06-2022 22:00,Night,5,445,Delhi -> Goa
2635,Delhi,Goa,24-06-2022,29-06-2022,GO FIRST,G8- 717,13:35,21:25,07h 50m,1-stop,9419,3,24-06-2022 03:00,Night,5,470,Delhi -> Goa
2636,Delhi,Goa,24-06-2022,29-06-2022,GO FIRST,G8- 328,20:55,06:10,09h 15m,1-stop,9419,17,24-06-2022 17:00,Evening,5,555,Delhi -> Goa
2637,Delhi,Goa,24-06-2022,29-06-2022,GO FIRST,G8- 334,07:00,16:40,09h 40m,1-stop,9419,22,24-06-2022 22:00,Night,5,580,Delhi -> Goa
2638,Delhi,Goa,24-06-2022,29-06-2022,GO FIRST,G8-2501,02:40,12:45,10h 05m,1-stop,9419,5,24-06-2022 05:00,Morning,5,605,Delhi -> Goa
2639,Delhi,Goa,24-06-2022,29-06-2022,GO FIRST,G8- 346,19:50,06:10,10h 20m,1-stop,9419,2,24-06-2022 02:00,Night,5,620,Delhi -> Goa
2640,Delhi,Goa,24-06-2022,29-06-2022,GO FIRST,G8- 334,07:00,17:55,10h 55m,1-stop,9419,21,24-06-2022 21:00,Night,5,655,Delhi -> Goa
2641,Delhi,Goa,24-06-2022,29-06-2022,GO FIRST,G8- 113,05:50,16:55,11h 05m,1-stop,9419,10,24-06-2022 10:00,Morning,5,665,Delhi -> Goa
2642,Delhi,Goa,24-06-2022,29-06-2022,GO FIRST,G8- 323,18:45,06:10,11h 25m,1-stop,9419,14,24-06-2022 14:00,Afternoon,5,685,Delhi -> Goa
2643,Delhi,Goa,24-06-2022,29-06-2022,GO FIRST,G8-2501,02:40,16:40,14h 00m,1-stop,9419,21,24-06-2022 21:00,Night,5,840,Delhi -> Goa
2644,Delhi,Goa,24-06-2022,29-06-2022,GO FIRST,G8-2501,02:40,17:55,15h 15m,1-stop,9419,4,24-06-2022 04:00,Night,5,915,Delhi -> Goa
2655,Delhi,Goa,24-06-2022,29-06-2022,IndiGo,6E-2129,08:00,12:40,04h 40m,1-stop,9734,19,24-06-2022 19:00,Evening,5,280,Delhi -> Goa
2656,Delhi,Goa,24-06-2022,29-06-2022,IndiGo,6E-2325,01:50,06:50,05h 00m,1-stop,9734,9,24-06-2022 09:00,Morning,5,300,Delhi -> Goa
2657,Delhi,Goa,24-06-2022,29-06-2022,IndiGo,6E-6823,18:00,23:00,05h 00m,1-stop,9734,11,24-06-2022 11:00,Morning,5,300,Delhi -> Goa
2658,Delhi,Goa,24-06-2022,29-06-2022,IndiGo,6E-2017,18:10,23:20,05h 10m,1-stop,9734,14,24-06-2022 14:00,Afternoon,5,310,Delhi -> Goa
2659,Delhi,Goa,24-06-2022,29-06-2022,IndiGo,6E-2191,12:45,18:00,05h 15m,1-stop,9734,16,24-06-2022 16:00,Afternoon,5,315,Delhi -> Goa
2660,Delhi,Goa,24-06-2022,29-06-2022,IndiGo,6E-6939,17:20,22:35,05h 15m,1-stop,9734,9,24-06-2022 09:00,Morning,5,315,Delhi -> Goa
2661,Delhi,Goa,24-06-2022,29-06-2022,IndiGo,6E-2487,17:25,22:40,05h 15m,1-stop,9734,5,24-06-2022 05:00,Morning,5,315,Delhi -> Goa
2662,Delhi,Goa,24-06-2022,29-06-2022,IndiGo,6E-5036,02:25,07:45,05h 20m,1-stop,9734,17,24-06-2022 17:00,Evening,5,320,Delhi -> Goa
2663,Delhi,Goa,24-06-2022,29-06-2022,IndiGo,6E-6814,07:20,12:40,05h 20m,1-stop,9734,12,24-06-2022 12:00,Afternoon,5,320,Delhi -> Goa
2664,Delhi,Goa,24-06-2022,29-06-2022,IndiGo,6E- 781,15:20,20:40,05h 20m,1-stop,9734,2,24-06-2022 02:00,Night,5,320,Delhi -> Goa
2665,Delhi,Goa,24-06-2022,29-06-2022,IndiGo,6E-2532,20:10,01:55,05h 45m,1-stop,9734,23,24-06-2022 23:00,Night,5,345,Delhi -> Goa
2666,Delhi,Goa,24-06-2022,29-06-2022,IndiGo,6E- 698,21:05,02:50,05h 45m,1-stop,9734,9,24-06-2022 09:00,Morning,5,345,Delhi -> Goa
2667,Delhi,Goa,24-06-2022,29-06-2022,IndiGo,6E- 308,08:20,14:10,05h 50m,1-stop,9734,13,24-06-2022 13:00,Afternoon,5,350,Delhi -> Goa
2668,Delhi,Goa,24-06-2022,29-06-2022,IndiGo,6E-5023,06:30,12:40,06h 10m,1-stop,9734,5,24-06-2022 05:00,Morning,5,370,Delhi -> Goa
2669,Delhi,Goa,24-06-2022,29-06-2022,IndiGo,6E-2138,11:55,18:10,06h 15m,1-stop,9734,2,24-06-2022 02:00,Night,5,375,Delhi -> Goa
2670,Delhi,Goa,24-06-2022,29-06-2022,IndiGo,6E-5318,17:00,23:20,06h 20m,1-stop,9734,15,24-06-2022 15:00,Afternoon,5,380,Delhi -> Goa
2671,Delhi,Goa,24-06-2022,29-06-2022,IndiGo,6E-2043,12:55,19:20,06h 25m,1-stop,9734,6,24-06-2022 06:00,Morning,5,385,Delhi -> Goa
2672,Delhi,Goa,24-06-2022,29-06-2022,IndiGo,6E-6278,08:45,15:15,06h 30m,1-stop,9734,19,24-06-2022 19:00,Evening,5,390,Delhi -> Goa
2673,Delhi,Goa,24-06-2022,29-06-2022,IndiGo,6E-2187,15:00,21:30,06h 30m,1-stop,9734,13,24-06-2022 13:00,Afternoon,5,390,Delhi -> Goa
2674,Delhi,Goa,24-06-2022,29-06-2022,IndiGo,6E-2519,23:35,06:15,06h 40m,1-stop,9734,8,24-06-2022 08:00,Morning,5,400,Delhi -> Goa
2675,Delhi,Goa,24-06-2022,29-06-2022,IndiGo,6E- 864,16:15,23:20,07h 05m,1-stop,9734,14,24-06-2022 14:00,Afternoon,5,425,Delhi -> Goa
2676,Delhi,Goa,24-06-2022,29-06-2022,IndiGo,6E-5009,06:55,14:10,07h 15m,1-stop,9734,20,24-06-2022 20:00,Evening,5,435,Delhi -> Goa
2677,Delhi,Goa,24-06-2022,29-06-2022,IndiGo,6E-2129,08:00,15:15,07h 15m,1-stop,9734,2,24-06-2022 02:00,Night,5,435,Delhi -> Goa
2678,Delhi,Goa,24-06-2022,29-06-2022,IndiGo,6E-2143,17:55,01:10,07h 15m,1-stop,9734,1,24-06-2022 01:00,Night,5,435,Delhi -> Goa
2679,Delhi,Goa,24-06-2022,29-06-2022,IndiGo,6E- 781,15:20,22:40,07h 20m,1-stop,9734,1,24-06-2022 01:00,Night,5,440,Delhi -> Goa
2680,Delhi,Goa,24-06-2022,29-06-2022,IndiGo,6E-5342,10:45,18:10,07h 25m,1-stop,9734,2,24-06-2022 02:00,Night,5,445,Delhi -> Goa
2681,Delhi,Goa,24-06-2022,29-06-2022,IndiGo,6E-2015,18:30,01:55,07h 25m,1-stop,9734,17,24-06-2022 17:00,Evening,5,445,Delhi -> Goa
2682,Delhi,Goa,24-06-2022,29-06-2022,Vistara,UK-847,11:10,13:50,02h 40m,non-stop,10680,13,24-06-2022 13:00,Afternoon,5,160,Delhi -> Goa
2683,Delhi,Goa,24-06-2022,29-06-2022,IndiGo,6E-2144,10:00,12:30,02h 30m,non-stop,10837,19,24-06-2022 19:00,Evening,5,150,Delhi -> Goa
2684,Delhi,Goa,24-06-2022,29-06-2022,IndiGo,6E-2331,06:40,14:00,07h 20m,1-stop,14039,17,24-06-2022 17:00,Evening,5,440,Delhi -> Goa
2685,Delhi,Goa,24-06-2022,29-06-2022,IndiGo,6E-2004,12:45,17:35,04h 50m,1-stop,14039,9,24-06-2022 09:00,Morning,5,290,Delhi -> Goa
2686,Delhi,Goa,24-06-2022,29-06-2022,IndiGo,6E-2774,07:55,14:00,06h 05m,1-stop,14039,1,24-06-2022 01:00,Night,5,365,Delhi -> Goa
2708,Delhi,Goa,24-06-2022,29-06-2022,GO FIRST,G8- 354,22:45,12:45,14h 00m,1-stop,14756,21,24-06-2022 21:00,Night,5,840,Delhi -> Goa
2718,Delhi,Goa,24-06-2022,29-06-2022,Vistara,UK-801,09:05,14:05,05h 00m,1-stop,16138,0,24-06-2022 00:00,Night,5,300,Delhi -> Goa
2719,Delhi,Goa,24-06-2022,29-06-2022,Vistara,UK-943,07:30,12:45,05h 15m,1-stop,16348,3,24-06-2022 03:00,Night,5,315,Delhi -> Goa
2720,Delhi,Goa,24-06-2022,29-06-2022,Vistara,UK-975,05:55,12:45,06h 50m,1-stop,16348,13,24-06-2022 13:00,Afternoon,5,410,Delhi -> Goa
2721,Delhi,Goa,24-06-2022,29-06-2022,Vistara,UK-981,21:30,12:45,15h 15m,1-stop,16348,0,24-06-2022 00:00,Night,5,915,Delhi -> Goa
2722,Delhi,Goa,24-06-2022,29-06-2022,Vistara,UK-953,20:40,12:45,16h 05m,1-stop,16348,13,24-06-2022 13:00,Afternoon,5,965,Delhi -> Goa
2723,Delhi,Goa,24-06-2022,29-06-2022,Vistara,UK-985,19:45,12:45,17h 00m,1-stop,16348,15,24-06-2022 15:00,Afternoon,5,1020,Delhi -> Goa
2724,Delhi,Goa,24-06-2022,29-06-2022,Vistara,UK-977,18:55,12:45,17h 50m,1-stop,16348,21,24-06-2022 21:00,Night,5,1070,Delhi -> Goa
2725,Delhi,Goa,24-06-2022,29-06-2022,Vistara,UK-955,17:45,12:45,19h 00m,1-stop,16348,13,24-06-2022 13:00,Afternoon,5,1140,Delhi -> Goa
2726,Delhi,Goa,24-06-2022,29-06-2022,Vistara,UK-941,16:55,12:45,19h 50m,1-stop,16348,19,24-06-2022 19:00,Evening,5,1190,Delhi -> Goa
2727,Delhi,Goa,24-06-2022,29-06-2022,Vistara,UK-933,15:30,12:45,21h 15m,1-stop,16348,2,24-06-2022 02:00,Night,5,1275,Delhi -> Goa
2728,Delhi,Goa,24-06-2022,29-06-2022,Vistara,UK-951,14:20,12:45,22h 25m,1-stop,16348,2,24-06-2022 02:00,Night,5,1345,Delhi -> Goa
2729,Delhi,Goa,24-06-2022,29-06-2022,Vistara,UK-993,12:50,12:45,23h 55m,1-stop,16348,8,24-06-2022 08:00,Morning,5,1435,Delhi -> Goa
2730,Delhi,Goa,24-06-2022,29-06-2022,Vistara,UK-945,11:40,12:45,25h 05m,1-stop,16348,5,24-06-2022 05:00,Morning,5,1505,Delhi -> Goa
2731,Delhi,Goa,24-06-2022,29-06-2022,Vistara,UK-995,10:20,12:45,26h 25m,1-stop,16348,12,24-06-2022 12:00,Afternoon,5,1585,Delhi -> Goa
2732,Delhi,Goa,24-06-2022,29-06-2022,Vistara,UK-927,09:30,12:45,27h 15m,1-stop,16348,20,24-06-2022 20:00,Evening,5,1635,Delhi -> Goa
2733,Delhi,Goa,24-06-2022,29-06-2022,Vistara,UK-815,08:05,14:05,06h 00m,1-stop,16875,1,24-06-2022 01:00,Night,5,360,Delhi -> Goa
2734,Delhi,Goa,24-06-2022,29-06-2022,Vistara,UK-811,06:15,14:05,07h 50m,1-stop,17400,7,24-06-2022 07:00,Morning,5,470,Delhi -> Goa
2735,Delhi,Goa,24-06-2022,29-06-2022,Vistara,UK-807,20:40,14:05,17h 25m,1-stop,17505,20,24-06-2022 20:00,Evening,5,1045,Delhi -> Goa
2736,Delhi,Goa,24-06-2022,29-06-2022,Vistara,UK-817,16:05,14:05,22h 00m,1-stop,17505,1,24-06-2022 01:00,Night,5,1320,Delhi -> Goa
2739,Delhi,Goa,24-06-2022,29-06-2022,Vistara,UK-809,19:50,14:05,18h 15m,1-stop,18975,3,24-06-2022 03:00,Night,5,1095,Delhi -> Goa
2740,Delhi,Goa,24-06-2022,29-06-2022,Vistara,UK-813,17:35,14:05,20h 30m,1-stop,18975,14,24-06-2022 14:00,Afternoon,5,1230,Delhi -> Goa
2741,Delhi,Goa,24-06-2022,29-06-2022,Vistara,UK-819,14:15,14:05,23h 50m,1-stop,18975,3,24-06-2022 03:00,Night,5,1430,Delhi -> Goa
2744,Delhi,Goa,24-06-2022,30-06-2022,SpiceJet,SG-8171,12:05,14:25,02h 20m,non-stop,9419,12,24-06-2022 12:00,Afternoon,6,140,Delhi -> Goa
2745,Delhi,Goa,24-06-2022,30-06-2022,SpiceJet,SG- 957,15:10,17:40,02h 30m,non-stop,9419,11,24-06-2022 11:00,Morning,6,150,Delhi -> Goa
2746,Delhi,Goa,24-06-2022,30-06-2022,Vistara,UK-855,18:40,21:20,02h 40m,non-stop,9418,12,24-06-2022 12:00,Afternoon,6,160,Delhi -> Goa
2747,Delhi,Goa,24-06-2022,30-06-2022,GO FIRST,G8- 286,10:40,13:20,02h 40m,non-stop,9419,13,24-06-2022 13:00,Afternoon,6,160,Delhi -> Goa
2748,Delhi,Goa,24-06-2022,30-06-2022,SpiceJet,SG- 711,21:40,03:15,05h 35m,1-stop,9419,19,24-06-2022 19:00,Evening,6,335,Delhi -> Goa
2749,Delhi,Goa,24-06-2022,30-06-2022,SpiceJet,SG-8169,19:45,03:15,07h 30m,1-stop,9419,17,24-06-2022 17:00,Evening,6,450,Delhi -> Goa
2750,Delhi,Goa,24-06-2022,30-06-2022,SpiceJet,SG-8709,19:00,03:15,08h 15m,1-stop,9419,5,24-06-2022 05:00,Morning,6,495,Delhi -> Goa
2751,Delhi,Goa,24-06-2022,30-06-2022,SpiceJet,SG-8701,07:20,17:05,09h 45m,1-stop,9419,10,24-06-2022 10:00,Morning,6,585,Delhi -> Goa
2752,Delhi,Goa,24-06-2022,30-06-2022,SpiceJet,SG- 711,21:40,17:05,19h 25m,1-stop,9419,1,24-06-2022 01:00,Night,6,1165,Delhi -> Goa
2753,Delhi,Goa,24-06-2022,30-06-2022,SpiceJet,SG-8701,07:20,03:15,19h 55m,1-stop,9419,22,24-06-2022 22:00,Night,6,1195,Delhi -> Goa
2754,Delhi,Goa,24-06-2022,30-06-2022,SpiceJet,SG-8169,19:45,17:05,21h 20m,1-stop,9419,18,24-06-2022 18:00,Evening,6,1280,Delhi -> Goa
2755,Delhi,Goa,24-06-2022,30-06-2022,SpiceJet,SG-8709,19:00,17:05,22h 05m,1-stop,9419,18,24-06-2022 18:00,Evening,6,1325,Delhi -> Goa
2756,Delhi,Goa,24-06-2022,30-06-2022,IndiGo,6E-2117,16:20,18:40,02h 20m,non-stop,9419,4,24-06-2022 04:00,Night,6,140,Delhi -> Goa
2757,Delhi,Goa,24-06-2022,30-06-2022,IndiGo,6E-5024,11:00,13:25,02h 25m,non-stop,9419,18,24-06-2022 18:00,Evening,6,145,Delhi -> Goa
2758,Delhi,Goa,24-06-2022,30-06-2022,IndiGo,6E-2792,19:00,21:30,02h 30m,non-stop,9419,1,24-06-2022 01:00,Night,6,150,Delhi -> Goa
2759,Delhi,Goa,24-06-2022,30-06-2022,IndiGo,6E-5161,12:15,14:50,02h 35m,non-stop,9419,9,24-06-2022 09:00,Morning,6,155,Delhi -> Goa
2760,Delhi,Goa,24-06-2022,30-06-2022,IndiGo,6E- 505,21:45,00:20,02h 35m,non-stop,9419,1,24-06-2022 01:00,Night,6,155,Delhi -> Goa
2761,Delhi,Goa,24-06-2022,30-06-2022,GO FIRST,G8- 338,10:55,16:40,05h 45m,1-stop,9419,10,24-06-2022 10:00,Morning,6,345,Delhi -> Goa
2762,Delhi,Goa,24-06-2022,30-06-2022,GO FIRST,G8- 338,10:55,17:55,07h 00m,1-stop,9419,17,24-06-2022 17:00,Evening,6,420,Delhi -> Goa
2763,Delhi,Goa,24-06-2022,30-06-2022,GO FIRST,G8- 717,13:35,21:25,07h 50m,1-stop,9419,23,24-06-2022 23:00,Night,6,470,Delhi -> Goa
2764,Delhi,Goa,24-06-2022,30-06-2022,GO FIRST,G8- 334,07:00,16:40,09h 40m,1-stop,9419,14,24-06-2022 14:00,Afternoon,6,580,Delhi -> Goa
2765,Delhi,Goa,24-06-2022,30-06-2022,GO FIRST,G8- 334,07:00,17:55,10h 55m,1-stop,9419,8,24-06-2022 08:00,Morning,6,655,Delhi -> Goa
2766,Delhi,Goa,24-06-2022,30-06-2022,GO FIRST,G8- 113,05:50,16:55,11h 05m,1-stop,9419,22,24-06-2022 22:00,Night,6,665,Delhi -> Goa
2767,Delhi,Goa,24-06-2022,30-06-2022,GO FIRST,G8-2501,02:40,16:40,14h 00m,1-stop,9419,18,24-06-2022 18:00,Evening,6,840,Delhi -> Goa
2768,Delhi,Goa,24-06-2022,30-06-2022,GO FIRST,G8-2501,02:40,17:55,15h 15m,1-stop,9419,8,24-06-2022 08:00,Morning,6,915,Delhi -> Goa
2769,Delhi,Goa,24-06-2022,30-06-2022,IndiGo,6E-2144,10:00,12:30,02h 30m,non-stop,9682,2,24-06-2022 02:00,Night,6,150,Delhi -> Goa
2776,Delhi,Goa,24-06-2022,30-06-2022,IndiGo,6E- 184,09:50,14:45,04h 55m,1-stop,9734,20,24-06-2022 20:00,Evening,6,295,Delhi -> Goa
2777,Delhi,Goa,24-06-2022,30-06-2022,IndiGo,6E-2017,18:10,23:20,05h 10m,1-stop,9734,8,24-06-2022 08:00,Morning,6,310,Delhi -> Goa
2778,Delhi,Goa,24-06-2022,30-06-2022,IndiGo,6E-2191,12:45,18:00,05h 15m,1-stop,9734,13,24-06-2022 13:00,Afternoon,6,315,Delhi -> Goa
2779,Delhi,Goa,24-06-2022,30-06-2022,IndiGo,6E-6939,17:20,22:35,05h 15m,1-stop,9734,18,24-06-2022 18:00,Evening,6,315,Delhi -> Goa
2780,Delhi,Goa,24-06-2022,30-06-2022,IndiGo,6E-2487,17:25,22:40,05h 15m,1-stop,9734,6,24-06-2022 06:00,Morning,6,315,Delhi -> Goa
2781,Delhi,Goa,24-06-2022,30-06-2022,IndiGo,6E-5036,02:25,07:45,05h 20m,1-stop,9734,15,24-06-2022 15:00,Afternoon,6,320,Delhi -> Goa
2782,Delhi,Goa,24-06-2022,30-06-2022,IndiGo,6E- 781,15:20,20:40,05h 20m,1-stop,9734,15,24-06-2022 15:00,Afternoon,6,320,Delhi -> Goa
2783,Delhi,Goa,24-06-2022,30-06-2022,IndiGo,6E-2532,20:10,01:55,05h 45m,1-stop,9734,0,24-06-2022 00:00,Night,6,345,Delhi -> Goa
2784,Delhi,Goa,24-06-2022,30-06-2022,IndiGo,6E- 698,21:05,02:50,05h 45m,1-stop,9734,3,24-06-2022 03:00,Night,6,345,Delhi -> Goa
2785,Delhi,Goa,24-06-2022,30-06-2022,IndiGo,6E- 308,08:20,14:10,05h 50m,1-stop,9734,3,24-06-2022 03:00,Night,6,350,Delhi -> Goa
2786,Delhi,Goa,24-06-2022,30-06-2022,IndiGo,6E-2104,19:30,01:20,05h 50m,1-stop,9734,6,24-06-2022 06:00,Morning,6,350,Delhi -> Goa
2787,Delhi,Goa,24-06-2022,30-06-2022,IndiGo,6E-5318,17:00,23:20,06h 20m,1-stop,9734,7,24-06-2022 07:00,Morning,6,380,Delhi -> Goa
2788,Delhi,Goa,24-06-2022,30-06-2022,IndiGo,6E-2043,12:55,19:20,06h 25m,1-stop,9734,16,24-06-2022 16:00,Afternoon,6,385,Delhi -> Goa
2789,Delhi,Goa,24-06-2022,30-06-2022,IndiGo,6E-2187,15:00,21:30,06h 30m,1-stop,9734,4,24-06-2022 04:00,Night,6,390,Delhi -> Goa
2790,Delhi,Goa,24-06-2022,30-06-2022,IndiGo,6E-2519,23:35,06:15,06h 40m,1-stop,9734,6,24-06-2022 06:00,Morning,6,400,Delhi -> Goa
2791,Delhi,Goa,24-06-2022,30-06-2022,IndiGo,6E- 864,16:15,23:20,07h 05m,1-stop,9734,19,24-06-2022 19:00,Evening,6,425,Delhi -> Goa
2792,Delhi,Goa,24-06-2022,30-06-2022,IndiGo,6E-5009,06:55,14:10,07h 15m,1-stop,9734,19,24-06-2022 19:00,Evening,6,435,Delhi -> Goa
2793,Delhi,Goa,24-06-2022,30-06-2022,IndiGo,6E-2143,17:55,01:10,07h 15m,1-stop,9734,3,24-06-2022 03:00,Night,6,435,Delhi -> Goa
2794,Delhi,Goa,24-06-2022,30-06-2022,IndiGo,6E- 781,15:20,22:40,07h 20m,1-stop,9734,5,24-06-2022 05:00,Morning,6,440,Delhi -> Goa
2795,Delhi,Goa,24-06-2022,30-06-2022,IndiGo,6E-6823,18:00,01:20,07h 20m,1-stop,9734,6,24-06-2022 06:00,Morning,6,440,Delhi -> Goa
2796,Delhi,Goa,24-06-2022,30-06-2022,Vistara,UK-847,11:10,13:50,02h 40m,non-stop,11205,17,24-06-2022 17:00,Evening,6,160,Delhi -> Goa
2797,Delhi,Goa,24-06-2022,30-06-2022,IndiGo,6E-2138,11:55,18:10,06h 15m,1-stop,14092,4,24-06-2022 04:00,Night,6,375,Delhi -> Goa
2798,Delhi,Goa,24-06-2022,30-06-2022,IndiGo,6E-2325,01:50,06:50,05h 00m,1-stop,14039,19,24-06-2022 19:00,Evening,6,300,Delhi -> Goa
2799,Delhi,Goa,24-06-2022,30-06-2022,IndiGo,6E-2004,12:45,17:35,04h 50m,1-stop,14039,2,24-06-2022 02:00,Night,6,290,Delhi -> Goa
2801,Delhi,Goa,24-06-2022,30-06-2022,IndiGo,6E-6278,08:45,15:15,06h 30m,1-stop,14092,6,24-06-2022 06:00,Morning,6,390,Delhi -> Goa
2802,Delhi,Goa,24-06-2022,30-06-2022,IndiGo,6E-2129,08:00,15:15,07h 15m,1-stop,14092,21,24-06-2022 21:00,Night,6,435,Delhi -> Goa
2803,Delhi,Goa,24-06-2022,30-06-2022,IndiGo,6E-2129,08:00,12:40,04h 40m,1-stop,14302,13,24-06-2022 13:00,Afternoon,6,280,Delhi -> Goa
2804,Delhi,Goa,24-06-2022,30-06-2022,IndiGo,6E-6814,07:20,12:40,05h 20m,1-stop,14302,6,24-06-2022 06:00,Morning,6,320,Delhi -> Goa
2805,Delhi,Goa,24-06-2022,30-06-2022,IndiGo,6E-5023,06:30,12:40,06h 10m,1-stop,14302,4,24-06-2022 04:00,Night,6,370,Delhi -> Goa
2823,Delhi,Goa,24-06-2022,30-06-2022,GO FIRST,G8- 334,07:00,12:45,05h 45m,1-stop,14756,21,24-06-2022 21:00,Night,6,345,Delhi -> Goa
2824,Delhi,Goa,24-06-2022,30-06-2022,GO FIRST,G8-2501,02:40,12:45,10h 05m,1-stop,14756,4,24-06-2022 04:00,Night,6,605,Delhi -> Goa
2830,Delhi,Goa,24-06-2022,30-06-2022,IndiGo,6E-2774,07:55,14:00,06h 05m,1-stop,15457,22,24-06-2022 22:00,Night,6,365,Delhi -> Goa
2831,Delhi,Goa,24-06-2022,30-06-2022,IndiGo,6E-2331,06:40,14:00,07h 20m,1-stop,15457,1,24-06-2022 01:00,Night,6,440,Delhi -> Goa
2837,Delhi,Goa,24-06-2022,30-06-2022,Vistara,UK-975,05:55,12:45,06h 50m,1-stop,16348,20,24-06-2022 20:00,Evening,6,410,Delhi -> Goa
2839,Delhi,Goa,24-06-2022,30-06-2022,Vistara,UK-943,07:30,12:45,05h 15m,1-stop,16665,21,24-06-2022 21:00,Night,6,315,Delhi -> Goa
2844,Delhi,Goa,24-06-2022,30-06-2022,Vistara,UK-811,06:15,14:05,07h 50m,1-stop,17188,5,24-06-2022 05:00,Morning,6,470,Delhi -> Goa
2845,Delhi,Goa,24-06-2022,30-06-2022,Vistara,UK-801,09:05,14:05,05h 00m,1-stop,17925,14,24-06-2022 14:00,Afternoon,6,300,Delhi -> Goa
2846,Delhi,Goa,24-06-2022,30-06-2022,Vistara,UK-815,08:05,14:05,06h 00m,1-stop,18450,20,24-06-2022 20:00,Evening,6,360,Delhi -> Goa
2851,Delhi,Goa,24-06-2022,30-06-2022,GO FIRST,G8- 354,22:45,12:45,14h 00m,1-stop,19993,9,24-06-2022 09:00,Morning,6,840,Delhi -> Goa
2852,Delhi,Goa,24-06-2022,30-06-2022,Vistara,UK-807,20:40,14:05,17h 25m,1-stop,20968,22,24-06-2022 22:00,Night,6,1045,Delhi -> Goa
2853,Delhi,Goa,24-06-2022,30-06-2022,Vistara,UK-805,11:45,14:05,26h 20m,1-stop,20968,23,24-06-2022 23:00,Night,6,1580,Delhi -> Goa
2854,Delhi,Goa,24-06-2022,30-06-2022,Vistara,UK-809,19:50,14:05,18h 15m,1-stop,22230,6,24-06-2022 06:00,Morning,6,1095,Delhi -> Goa
2855,Delhi,Goa,24-06-2022,30-06-2022,Vistara,UK-817,16:05,14:05,22h 00m,1-stop,22230,4,24-06-2022 04:00,Night,6,1320,Delhi -> Goa
2856,Delhi,Goa,24-06-2022,30-06-2022,Vistara,UK-819,14:15,14:05,23h 50m,1-stop,22230,0,24-06-2022 00:00,Night,6,1430,Delhi -> Goa
2857,Delhi,Goa,24-06-2022,30-06-2022,Vistara,UK-813,17:35,14:05,20h 30m,1-stop,22755,12,24-06-2022 12:00,Afternoon,6,1230,Delhi -> Goa
2858,Goa,Delhi,24-06-2022,24-06-2022,IndiGo,6E-2336,22:00,00:35,02h 35m,non-stop,9621,20,24-06-2022 20:00,Evening,0,155,Goa -> Delhi
2859,Goa,Delhi,24-06-2022,24-06-2022,Air Asia,I5-472,22:30,09:30,11h 00m,1-stop,9621,17,24-06-2022 17:00,Evening,0,660,Goa -> Delhi
2860,Goa,Delhi,24-06-2022,24-06-2022,Air Asia,I5-774,23:05,01:50,02h 45m,non-stop,10357,12,24-06-2022 12:00,Afternoon,0,165,Goa -> Delhi
2861,Goa,Delhi,24-06-2022,24-06-2022,GO FIRST,G8- 914,21:55,09:40,11h 45m,1-stop,9621,20,24-06-2022 20:00,Evening,0,705,Goa -> Delhi
2863,Goa,Delhi,24-06-2022,24-06-2022,IndiGo,6E- 589,21:10,03:30,06h 20m,1-stop,9936,20,24-06-2022 20:00,Evening,0,380,Goa -> Delhi
2864,Goa,Delhi,24-06-2022,24-06-2022,Vistara,UK-856,21:55,00:40,02h 45m,non-stop,10357,17,24-06-2022 17:00,Evening,0,165,Goa -> Delhi
2887,Goa,Delhi,24-06-2022,25-06-2022,SpiceJet,SG- 487,17:35,09:35,16h 00m,1-stop,9621,4,24-06-2022 04:00,Night,1,960,Goa -> Delhi
2889,Goa,Delhi,24-06-2022,25-06-2022,GO FIRST,G8- 285,17:25,20:10,02h 45m,non-stop,9621,12,24-06-2022 12:00,Afternoon,1,165,Goa -> Delhi
2890,Goa,Delhi,24-06-2022,25-06-2022,SpiceJet,SG- 454,13:30,22:00,08h 30m,1-stop,9621,3,24-06-2022 03:00,Night,1,510,Goa -> Delhi
2891,Goa,Delhi,24-06-2022,25-06-2022,Air Asia,I5-472,22:30,09:30,11h 00m,1-stop,9621,16,24-06-2022 16:00,Afternoon,1,660,Goa -> Delhi
2892,Goa,Delhi,24-06-2022,25-06-2022,SpiceJet,SG- 454,13:30,09:35,20h 05m,1-stop,9621,2,24-06-2022 02:00,Night,1,1205,Goa -> Delhi
2893,Goa,Delhi,24-06-2022,25-06-2022,SpiceJet,SG-8212,13:05,15:40,02h 35m,non-stop,9621,16,24-06-2022 16:00,Afternoon,1,155,Goa -> Delhi
2894,Goa,Delhi,24-06-2022,25-06-2022,SpiceJet,SG- 958,18:10,21:10,03h 00m,non-stop,9621,10,24-06-2022 10:00,Morning,1,180,Goa -> Delhi
2895,Goa,Delhi,24-06-2022,25-06-2022,IndiGo,6E-6532,00:50,03:25,02h 35m,non-stop,9621,20,24-06-2022 20:00,Evening,1,155,Goa -> Delhi
2896,Goa,Delhi,24-06-2022,25-06-2022,IndiGo,6E-2336,22:00,00:35,02h 35m,non-stop,9621,19,24-06-2022 19:00,Evening,1,155,Goa -> Delhi
2897,Goa,Delhi,24-06-2022,25-06-2022,IndiGo,6E-2332,14:05,16:50,02h 45m,non-stop,9621,22,24-06-2022 22:00,Night,1,165,Goa -> Delhi
2898,Goa,Delhi,24-06-2022,25-06-2022,IndiGo,6E-2119,19:15,22:00,02h 45m,non-stop,9621,20,24-06-2022 20:00,Evening,1,165,Goa -> Delhi
2899,Goa,Delhi,24-06-2022,25-06-2022,GO FIRST,G8- 381,06:40,12:05,05h 25m,1-stop,9621,3,24-06-2022 03:00,Night,1,325,Goa -> Delhi
2900,Goa,Delhi,24-06-2022,25-06-2022,GO FIRST,G8- 372,18:25,23:55,05h 30m,1-stop,9621,1,24-06-2022 01:00,Night,1,330,Goa -> Delhi
2901,Goa,Delhi,24-06-2022,25-06-2022,GO FIRST,G8- 332,13:15,19:00,05h 45m,1-stop,9621,19,24-06-2022 19:00,Evening,1,345,Goa -> Delhi
2902,Goa,Delhi,24-06-2022,25-06-2022,Air Asia,I5-1455,15:15,21:10,05h 55m,1-stop,9621,15,24-06-2022 15:00,Afternoon,1,355,Goa -> Delhi
2903,Goa,Delhi,24-06-2022,25-06-2022,Air Asia,I5-974,18:30,01:10,06h 40m,2+-stop,9621,17,24-06-2022 17:00,Evening,1,400,Goa -> Delhi
2904,Goa,Delhi,24-06-2022,25-06-2022,GO FIRST,G8- 315,17:10,23:55,06h 45m,1-stop,9621,7,24-06-2022 07:00,Morning,1,405,Goa -> Delhi
2905,Goa,Delhi,24-06-2022,25-06-2022,GO FIRST,G8- 332,13:15,20:05,06h 50m,1-stop,9621,2,24-06-2022 02:00,Night,1,410,Goa -> Delhi
2906,Goa,Delhi,24-06-2022,25-06-2022,Air Asia,I5-974,18:30,01:20,06h 50m,2+-stop,9621,8,24-06-2022 08:00,Morning,1,410,Goa -> Delhi
2907,Goa,Delhi,24-06-2022,25-06-2022,GO FIRST,G8- 380,00:05,08:00,07h 55m,1-stop,9621,19,24-06-2022 19:00,Evening,1,475,Goa -> Delhi
2908,Goa,Delhi,24-06-2022,25-06-2022,GO FIRST,G8- 372,18:25,02:20,07h 55m,1-stop,9621,5,24-06-2022 05:00,Morning,1,475,Goa -> Delhi
2909,Goa,Delhi,24-06-2022,25-06-2022,Air Asia,I5-974,18:30,03:20,08h 50m,2+-stop,9621,9,24-06-2022 09:00,Morning,1,530,Goa -> Delhi
2910,Goa,Delhi,24-06-2022,25-06-2022,GO FIRST,G8- 315,17:10,02:20,09h 10m,1-stop,9621,20,24-06-2022 20:00,Evening,1,550,Goa -> Delhi
2911,Goa,Delhi,24-06-2022,25-06-2022,Air Asia,I5-1455,15:15,01:20,10h 05m,1-stop,9621,9,24-06-2022 09:00,Morning,1,605,Goa -> Delhi
2912,Goa,Delhi,24-06-2022,25-06-2022,GO FIRST,G8- 286,13:50,00:15,10h 25m,1-stop,9621,12,24-06-2022 12:00,Afternoon,1,625,Goa -> Delhi
2913,Goa,Delhi,24-06-2022,25-06-2022,GO FIRST,G8- 332,13:15,23:55,10h 40m,1-stop,9621,16,24-06-2022 16:00,Afternoon,1,640,Goa -> Delhi
2914,Goa,Delhi,24-06-2022,25-06-2022,GO FIRST,G8- 914,21:55,09:40,11h 45m,1-stop,9621,8,24-06-2022 08:00,Morning,1,705,Goa -> Delhi
2915,Goa,Delhi,24-06-2022,25-06-2022,GO FIRST,G8- 380,00:05,12:05,12h 00m,1-stop,9621,16,24-06-2022 16:00,Afternoon,1,720,Goa -> Delhi
2916,Goa,Delhi,24-06-2022,25-06-2022,Air Asia,I5-1455,15:15,03:20,12h 05m,1-stop,9621,23,24-06-2022 23:00,Night,1,725,Goa -> Delhi
2917,Goa,Delhi,24-06-2022,25-06-2022,GO FIRST,G8- 381,06:40,19:00,12h 20m,1-stop,9621,8,24-06-2022 08:00,Morning,1,740,Goa -> Delhi
2918,Goa,Delhi,24-06-2022,25-06-2022,Air Asia,I5-1455,15:15,03:55,12h 40m,1-stop,9621,8,24-06-2022 08:00,Morning,1,760,Goa -> Delhi
2919,Goa,Delhi,24-06-2022,25-06-2022,GO FIRST,G8- 332,13:15,02:20,13h 05m,1-stop,9621,0,24-06-2022 00:00,Night,1,785,Goa -> Delhi
2920,Goa,Delhi,24-06-2022,25-06-2022,GO FIRST,G8- 381,06:40,20:05,13h 25m,1-stop,9621,1,24-06-2022 01:00,Night,1,805,Goa -> Delhi
2921,Goa,Delhi,24-06-2022,25-06-2022,GO FIRST,G8- 372,18:25,08:00,13h 35m,1-stop,9621,15,24-06-2022 15:00,Afternoon,1,815,Goa -> Delhi
2922,Goa,Delhi,24-06-2022,25-06-2022,Air Asia,I5-974,18:30,08:55,14h 25m,2+-stop,9621,0,24-06-2022 00:00,Night,1,865,Goa -> Delhi
2923,Goa,Delhi,24-06-2022,25-06-2022,GO FIRST,G8- 315,17:10,08:00,14h 50m,1-stop,9621,9,24-06-2022 09:00,Morning,1,890,Goa -> Delhi
2924,Goa,Delhi,24-06-2022,25-06-2022,IndiGo,6E-2044,13:00,15:35,02h 35m,non-stop,9884,17,24-06-2022 17:00,Evening,1,155,Goa -> Delhi
2925,Goa,Delhi,24-06-2022,25-06-2022,IndiGo,6E-2183,15:25,18:00,02h 35m,non-stop,9884,7,24-06-2022 07:00,Morning,1,155,Goa -> Delhi
2929,Goa,Delhi,24-06-2022,25-06-2022,IndiGo,6E- 744,07:20,12:10,04h 50m,1-stop,9936,20,24-06-2022 20:00,Evening,1,290,Goa -> Delhi
2930,Goa,Delhi,24-06-2022,25-06-2022,IndiGo,6E-6955,00:55,05:50,04h 55m,1-stop,9936,10,24-06-2022 10:00,Morning,1,295,Goa -> Delhi
2931,Goa,Delhi,24-06-2022,25-06-2022,IndiGo,6E- 137,06:45,11:40,04h 55m,1-stop,9936,22,24-06-2022 22:00,Night,1,295,Goa -> Delhi
2932,Goa,Delhi,24-06-2022,25-06-2022,IndiGo,6E-6097,13:10,18:10,05h 00m,1-stop,9936,1,24-06-2022 01:00,Night,1,300,Goa -> Delhi
2933,Goa,Delhi,24-06-2022,25-06-2022,IndiGo,6E-6236,02:05,07:15,05h 10m,1-stop,9936,7,24-06-2022 07:00,Morning,1,310,Goa -> Delhi
2934,Goa,Delhi,24-06-2022,25-06-2022,IndiGo,6E- 714,16:30,21:40,05h 10m,1-stop,9936,21,24-06-2022 21:00,Night,1,310,Goa -> Delhi
2935,Goa,Delhi,24-06-2022,25-06-2022,IndiGo,6E-6877,01:40,06:55,05h 15m,1-stop,9936,7,24-06-2022 07:00,Morning,1,315,Goa -> Delhi
2936,Goa,Delhi,24-06-2022,25-06-2022,IndiGo,6E- 468,18:10,23:30,05h 20m,1-stop,9936,16,24-06-2022 16:00,Afternoon,1,320,Goa -> Delhi
2937,Goa,Delhi,24-06-2022,25-06-2022,IndiGo,6E- 137,06:45,12:20,05h 35m,1-stop,9936,14,24-06-2022 14:00,Afternoon,1,335,Goa -> Delhi
2938,Goa,Delhi,24-06-2022,25-06-2022,IndiGo,6E-6811,18:30,00:25,05h 55m,1-stop,9936,16,24-06-2022 16:00,Afternoon,1,355,Goa -> Delhi
2939,Goa,Delhi,24-06-2022,25-06-2022,IndiGo,6E-5029,19:50,01:45,05h 55m,1-stop,9936,22,24-06-2022 22:00,Night,1,355,Goa -> Delhi
2940,Goa,Delhi,24-06-2022,25-06-2022,IndiGo,6E- 418,17:15,23:20,06h 05m,1-stop,9936,23,24-06-2022 23:00,Night,1,365,Goa -> Delhi
2941,Goa,Delhi,24-06-2022,25-06-2022,IndiGo,6E-6097,13:10,19:25,06h 15m,1-stop,9936,12,24-06-2022 12:00,Afternoon,1,375,Goa -> Delhi
2942,Goa,Delhi,24-06-2022,25-06-2022,IndiGo,6E- 589,21:10,03:30,06h 20m,1-stop,9936,18,24-06-2022 18:00,Evening,1,380,Goa -> Delhi
2943,Goa,Delhi,24-06-2022,25-06-2022,IndiGo,6E- 712,14:45,21:15,06h 30m,1-stop,9936,4,24-06-2022 04:00,Night,1,390,Goa -> Delhi
2944,Goa,Delhi,24-06-2022,25-06-2022,IndiGo,6E-6955,00:55,07:30,06h 35m,1-stop,9936,11,24-06-2022 11:00,Morning,1,395,Goa -> Delhi
2945,Goa,Delhi,24-06-2022,25-06-2022,IndiGo,6E- 468,18:10,00:45,06h 35m,1-stop,9936,0,24-06-2022 00:00,Night,1,395,Goa -> Delhi
2946,Goa,Delhi,24-06-2022,25-06-2022,IndiGo,6E-6386,18:40,01:40,07h 00m,1-stop,9936,22,24-06-2022 22:00,Night,1,420,Goa -> Delhi
2947,Goa,Delhi,24-06-2022,25-06-2022,IndiGo,6E-6236,02:05,09:15,07h 10m,1-stop,9936,4,24-06-2022 04:00,Night,1,430,Goa -> Delhi
2948,Goa,Delhi,24-06-2022,25-06-2022,IndiGo,6E-6097,13:10,20:45,07h 35m,1-stop,9936,7,24-06-2022 07:00,Morning,1,455,Goa -> Delhi
2949,Goa,Delhi,24-06-2022,25-06-2022,Air Asia,I5-330,17:45,21:45,04h 00m,1-stop,10251,12,24-06-2022 12:00,Afternoon,1,240,Goa -> Delhi
2950,Goa,Delhi,24-06-2022,25-06-2022,Vistara,UK-856,21:55,00:40,02h 45m,non-stop,10357,7,24-06-2022 07:00,Morning,1,165,Goa -> Delhi
2952,Goa,Delhi,24-06-2022,25-06-2022,Air Asia,I5-774,23:05,01:50,02h 45m,non-stop,11511,22,24-06-2022 22:00,Night,1,165,Goa -> Delhi
2953,Goa,Delhi,24-06-2022,25-06-2022,Vistara,UK-848,14:25,17:05,02h 40m,non-stop,10882,10,24-06-2022 10:00,Morning,1,160,Goa -> Delhi
2954,Goa,Delhi,24-06-2022,25-06-2022,IndiGo,6E- 637,15:15,19:40,04h 25m,1-stop,10997,0,24-06-2022 00:00,Night,1,265,Goa -> Delhi
2955,Goa,Delhi,24-06-2022,25-06-2022,IndiGo,6E- 637,15:15,20:55,05h 40m,1-stop,10997,12,24-06-2022 12:00,Afternoon,1,340,Goa -> Delhi
2956,Goa,Delhi,24-06-2022,25-06-2022,IndiGo,6E- 714,16:30,22:55,06h 25m,1-stop,10997,18,24-06-2022 18:00,Evening,1,385,Goa -> Delhi
2957,Goa,Delhi,24-06-2022,25-06-2022,IndiGo,6E- 137,06:45,14:10,07h 25m,1-stop,10997,23,24-06-2022 23:00,Night,1,445,Goa -> Delhi
2958,Goa,Delhi,24-06-2022,25-06-2022,IndiGo,6E- 813,14:30,20:00,05h 30m,1-stop,11527,2,24-06-2022 02:00,Night,1,330,Goa -> Delhi
2959,Goa,Delhi,24-06-2022,25-06-2022,IndiGo,6E- 948,02:25,08:45,06h 20m,1-stop,11527,23,24-06-2022 23:00,Night,1,380,Goa -> Delhi
2960,Goa,Delhi,24-06-2022,25-06-2022,Air Asia,I5-776,13:45,16:30,02h 45m,non-stop,12247,16,24-06-2022 16:00,Afternoon,1,165,Goa -> Delhi
2961,Goa,Delhi,24-06-2022,25-06-2022,Air Asia,I5-799,16:35,19:20,02h 45m,non-stop,12247,4,24-06-2022 04:00,Night,1,165,Goa -> Delhi
2962,Goa,Delhi,24-06-2022,25-06-2022,IndiGo,6E- 744,07:20,13:55,06h 35m,1-stop,12587,19,24-06-2022 19:00,Evening,1,395,Goa -> Delhi
2977,Goa,Delhi,24-06-2022,25-06-2022,Vistara,UK-842,13:20,18:05,04h 45m,1-stop,13818,20,24-06-2022 20:00,Evening,1,285,Goa -> Delhi
2978,Goa,Delhi,24-06-2022,25-06-2022,Vistara,UK-842,13:20,19:45,06h 25m,1-stop,13818,7,24-06-2022 07:00,Morning,1,385,Goa -> Delhi
2979,Goa,Delhi,24-06-2022,25-06-2022,Vistara,UK-842,13:20,20:40,07h 20m,1-stop,13818,13,24-06-2022 13:00,Afternoon,1,440,Goa -> Delhi
2980,Goa,Delhi,24-06-2022,25-06-2022,Vistara,UK-842,13:20,21:55,08h 35m,1-stop,13818,3,24-06-2022 03:00,Night,1,515,Goa -> Delhi
2981,Goa,Delhi,24-06-2022,25-06-2022,Vistara,UK-842,13:20,23:00,09h 40m,1-stop,13818,10,24-06-2022 10:00,Morning,1,580,Goa -> Delhi
2982,Goa,Delhi,24-06-2022,25-06-2022,Vistara,UK-842,13:20,00:10,10h 50m,1-stop,13818,19,24-06-2022 19:00,Evening,1,650,Goa -> Delhi
2983,Goa,Delhi,24-06-2022,25-06-2022,Vistara,UK-842,13:20,00:55,11h 35m,1-stop,13818,14,24-06-2022 14:00,Afternoon,1,695,Goa -> Delhi
2984,Goa,Delhi,24-06-2022,25-06-2022,Vistara,UK-842,13:20,08:35,19h 15m,1-stop,13818,18,24-06-2022 18:00,Evening,1,1155,Goa -> Delhi
2990,Goa,Delhi,24-06-2022,25-06-2022,Vistara,UK-868,14:40,22:25,07h 45m,1-stop,15183,6,24-06-2022 06:00,Morning,1,465,Goa -> Delhi
2991,Goa,Delhi,24-06-2022,25-06-2022,Vistara,UK-868,14:40,23:50,09h 10m,1-stop,15183,18,24-06-2022 18:00,Evening,1,550,Goa -> Delhi
2992,Goa,Delhi,24-06-2022,25-06-2022,IndiGo,6E- 381,14:40,20:45,06h 05m,1-stop,15239,18,24-06-2022 18:00,Evening,1,365,Goa -> Delhi
2993,Goa,Delhi,24-06-2022,25-06-2022,IndiGo,6E- 921,07:25,14:40,07h 15m,1-stop,15769,10,24-06-2022 10:00,Morning,1,435,Goa -> Delhi
2995,Goa,Delhi,24-06-2022,25-06-2022,IndiGo,6E- 381,14:40,22:00,07h 20m,1-stop,16299,4,24-06-2022 04:00,Night,1,440,Goa -> Delhi
2996,Goa,Delhi,24-06-2022,25-06-2022,Vistara,UK-842,13:20,22:45,09h 25m,1-stop,16650,4,24-06-2022 04:00,Night,1,565,Goa -> Delhi
2997,Goa,Delhi,24-06-2022,25-06-2022,Vistara,UK-868,14:40,12:30,21h 50m,1-stop,16650,21,24-06-2022 21:00,Night,1,1310,Goa -> Delhi
2998,Goa,Delhi,24-06-2022,25-06-2022,Vistara,UK-868,14:40,12:30,21h 50m,1-stop,16650,7,24-06-2022 07:00,Morning,1,1310,Goa -> Delhi
2999,Goa,Delhi,24-06-2022,25-06-2022,Vistara,UK-842,13:20,12:30,23h 10m,1-stop,16650,9,24-06-2022 09:00,Morning,1,1390,Goa -> Delhi
3000,Goa,Delhi,24-06-2022,25-06-2022,Vistara,UK-842,13:20,12:30,23h 10m,1-stop,16650,5,24-06-2022 05:00,Morning,1,1390,Goa -> Delhi
3001,Goa,Delhi,24-06-2022,25-06-2022,Vistara,UK-842,13:20,12:30,23h 10m,1-stop,16650,14,24-06-2022 14:00,Afternoon,1,1390,Goa -> Delhi
3002,Goa,Delhi,24-06-2022,25-06-2022,Vistara,UK-842,13:20,12:30,23h 10m,1-stop,16650,15,24-06-2022 15:00,Afternoon,1,1390,Goa -> Delhi
3003,Goa,Delhi,24-06-2022,25-06-2022,Vistara,UK-842,13:20,19:50,30h 30m,1-stop,16704,16,24-06-2022 16:00,Afternoon,1,1830,Goa -> Delhi
3004,Goa,Delhi,24-06-2022,25-06-2022,Vistara,UK-842,13:20,19:50,30h 30m,1-stop,16704,7,24-06-2022 07:00,Morning,1,1830,Goa -> Delhi
3005,Goa,Delhi,24-06-2022,25-06-2022,Vistara,UK-868,14:40,09:00,18h 20m,1-stop,16967,7,24-06-2022 07:00,Morning,1,1100,Goa -> Delhi
3006,Goa,Delhi,24-06-2022,25-06-2022,Vistara,UK-842,13:20,09:00,19h 40m,1-stop,16967,8,24-06-2022 08:00,Morning,1,1180,Goa -> Delhi
3007,Goa,Delhi,24-06-2022,25-06-2022,Vistara,UK-842,13:20,09:00,19h 40m,1-stop,16967,1,24-06-2022 01:00,Night,1,1180,Goa -> Delhi
3008,Goa,Delhi,24-06-2022,25-06-2022,Vistara,UK-842,13:20,09:00,19h 40m,1-stop,16967,14,24-06-2022 14:00,Afternoon,1,1180,Goa -> Delhi
3009,Goa,Delhi,24-06-2022,25-06-2022,Vistara,UK-868,14:40,19:55,29h 15m,1-stop,16967,17,24-06-2022 17:00,Evening,1,1755,Goa -> Delhi
3010,Goa,Delhi,24-06-2022,25-06-2022,Vistara,UK-868,14:40,19:55,29h 15m,1-stop,16967,2,24-06-2022 02:00,Night,1,1755,Goa -> Delhi
3011,Goa,Delhi,24-06-2022,25-06-2022,Vistara,UK-842,13:20,19:55,30h 35m,1-stop,16967,16,24-06-2022 16:00,Afternoon,1,1835,Goa -> Delhi
3012,Goa,Delhi,24-06-2022,25-06-2022,Vistara,UK-868,14:40,21:30,06h 50m,1-stop,16970,3,24-06-2022 03:00,Night,1,410,Goa -> Delhi
3013,Goa,Delhi,24-06-2022,25-06-2022,Vistara,UK-868,14:40,20:20,05h 40m,1-stop,17705,3,24-06-2022 03:00,Night,1,340,Goa -> Delhi
3017,Goa,Delhi,24-06-2022,26-06-2022,IndiGo,6E-6532,00:50,03:25,02h 35m,non-stop,9621,13,24-06-2022 13:00,Afternoon,2,155,Goa -> Delhi
3018,Goa,Delhi,24-06-2022,26-06-2022,GO FIRST,G8- 381,06:40,19:00,12h 20m,1-stop,9621,8,24-06-2022 08:00,Morning,2,740,Goa -> Delhi
3019,Goa,Delhi,24-06-2022,26-06-2022,GO FIRST,G8- 381,06:40,20:05,13h 25m,1-stop,9621,8,24-06-2022 08:00,Morning,2,805,Goa -> Delhi
3020,Goa,Delhi,24-06-2022,26-06-2022,GO FIRST,G8-3022,07:15,22:30,15h 15m,1-stop,9621,22,24-06-2022 22:00,Night,2,915,Goa -> Delhi
3026,Goa,Delhi,24-06-2022,26-06-2022,IndiGo,6E-6955,00:55,05:50,04h 55m,1-stop,9936,17,24-06-2022 17:00,Evening,2,295,Goa -> Delhi
3027,Goa,Delhi,24-06-2022,26-06-2022,IndiGo,6E-6236,02:05,07:15,05h 10m,1-stop,9936,9,24-06-2022 09:00,Morning,2,310,Goa -> Delhi
3028,Goa,Delhi,24-06-2022,26-06-2022,IndiGo,6E-6877,01:40,06:55,05h 15m,1-stop,9936,20,24-06-2022 20:00,Evening,2,315,Goa -> Delhi
3029,Goa,Delhi,24-06-2022,26-06-2022,IndiGo,6E-5029,19:50,01:45,05h 55m,1-stop,9936,3,24-06-2022 03:00,Night,2,355,Goa -> Delhi
3030,Goa,Delhi,24-06-2022,26-06-2022,IndiGo,6E- 418,17:15,23:20,06h 05m,1-stop,9936,11,24-06-2022 11:00,Morning,2,365,Goa -> Delhi
3031,Goa,Delhi,24-06-2022,26-06-2022,IndiGo,6E- 589,21:10,03:30,06h 20m,1-stop,9936,7,24-06-2022 07:00,Morning,2,380,Goa -> Delhi
3032,Goa,Delhi,24-06-2022,26-06-2022,IndiGo,6E-6955,00:55,07:30,06h 35m,1-stop,9936,1,24-06-2022 01:00,Night,2,395,Goa -> Delhi
3033,Goa,Delhi,24-06-2022,26-06-2022,IndiGo,6E-6236,02:05,09:15,07h 10m,1-stop,9936,21,24-06-2022 21:00,Night,2,430,Goa -> Delhi
3034,Goa,Delhi,24-06-2022,26-06-2022,IndiGo,6E- 637,15:15,19:40,04h 25m,1-stop,10466,12,24-06-2022 12:00,Afternoon,2,265,Goa -> Delhi
3035,Goa,Delhi,24-06-2022,26-06-2022,IndiGo,6E- 637,15:15,20:55,05h 40m,1-stop,10466,20,24-06-2022 20:00,Evening,2,340,Goa -> Delhi
3036,Goa,Delhi,24-06-2022,26-06-2022,IndiGo,6E-2336,22:00,00:35,02h 35m,non-stop,10724,15,24-06-2022 15:00,Afternoon,2,155,Goa -> Delhi
3037,Goa,Delhi,24-06-2022,26-06-2022,Vistara,UK-856,21:55,00:40,02h 45m,non-stop,10882,1,24-06-2022 01:00,Night,2,165,Goa -> Delhi
3040,Goa,Delhi,24-06-2022,26-06-2022,Air Asia,I5-1455,15:15,01:20,10h 05m,1-stop,12772,10,24-06-2022 10:00,Morning,2,605,Goa -> Delhi
3041,Goa,Delhi,24-06-2022,26-06-2022,Air Asia,I5-315,08:20,10:55,02h 35m,non-stop,13087,9,24-06-2022 09:00,Morning,2,155,Goa -> Delhi
3042,Goa,Delhi,24-06-2022,26-06-2022,Air Asia,I5-774,23:05,01:50,02h 45m,non-stop,13087,14,24-06-2022 14:00,Afternoon,2,165,Goa -> Delhi
3043,Goa,Delhi,24-06-2022,26-06-2022,IndiGo,6E-6811,18:30,00:25,05h 55m,1-stop,13648,16,24-06-2022 16:00,Afternoon,2,355,Goa -> Delhi
3044,Goa,Delhi,24-06-2022,26-06-2022,IndiGo,6E-2044,13:00,15:35,02h 35m,non-stop,13664,7,24-06-2022 07:00,Morning,2,155,Goa -> Delhi
3045,Goa,Delhi,24-06-2022,26-06-2022,IndiGo,6E- 137,06:45,11:40,04h 55m,1-stop,13769,17,24-06-2022 17:00,Evening,2,295,Goa -> Delhi
3046,Goa,Delhi,24-06-2022,26-06-2022,IndiGo,6E- 137,06:45,12:20,05h 35m,1-stop,13769,22,24-06-2022 22:00,Night,2,335,Goa -> Delhi
3047,Goa,Delhi,24-06-2022,26-06-2022,IndiGo,6E- 137,06:45,14:10,07h 25m,1-stop,13769,8,24-06-2022 08:00,Morning,2,445,Goa -> Delhi
3048,Goa,Delhi,24-06-2022,26-06-2022,GO FIRST,G8- 301,12:00,14:40,02h 40m,non-stop,13989,7,24-06-2022 07:00,Morning,2,160,Goa -> Delhi
3049,Goa,Delhi,24-06-2022,26-06-2022,IndiGo,6E-2183,15:25,18:00,02h 35m,non-stop,14189,13,24-06-2022 13:00,Afternoon,2,155,Goa -> Delhi
3050,Goa,Delhi,24-06-2022,26-06-2022,Air Asia,I5-330,17:45,21:45,04h 00m,1-stop,14241,17,24-06-2022 17:00,Evening,2,240,Goa -> Delhi
3061,Goa,Delhi,24-06-2022,26-06-2022,Vistara,UK-892,10:20,12:55,02h 35m,non-stop,14557,21,24-06-2022 21:00,Night,2,155,Goa -> Delhi
3062,Goa,Delhi,24-06-2022,26-06-2022,IndiGo,6E-2332,14:05,16:50,02h 45m,non-stop,14609,19,24-06-2022 19:00,Evening,2,165,Goa -> Delhi
3063,Goa,Delhi,24-06-2022,26-06-2022,Vistara,UK-862,08:25,09:35,25h 10m,2+-stop,14691,19,24-06-2022 19:00,Evening,2,1510,Goa -> Delhi
3064,Goa,Delhi,24-06-2022,26-06-2022,Vistara,UK-862,08:25,12:40,04h 15m,2+-stop,14817,20,24-06-2022 20:00,Evening,2,255,Goa -> Delhi
3065,Goa,Delhi,24-06-2022,26-06-2022,Vistara,UK-862,08:25,14:05,05h 40m,2+-stop,14817,11,24-06-2022 11:00,Morning,2,340,Goa -> Delhi
3066,Goa,Delhi,24-06-2022,26-06-2022,Vistara,UK-862,08:25,16:55,08h 30m,2+-stop,14817,18,24-06-2022 18:00,Evening,2,510,Goa -> Delhi
3067,Goa,Delhi,24-06-2022,26-06-2022,Vistara,UK-862,08:25,18:05,09h 40m,2+-stop,14817,13,24-06-2022 13:00,Afternoon,2,580,Goa -> Delhi
3068,Goa,Delhi,24-06-2022,26-06-2022,Vistara,UK-862,08:25,21:55,13h 30m,2+-stop,14817,16,24-06-2022 16:00,Afternoon,2,810,Goa -> Delhi
3069,Goa,Delhi,24-06-2022,26-06-2022,Vistara,UK-862,08:25,23:00,14h 35m,2+-stop,14817,23,24-06-2022 23:00,Night,2,875,Goa -> Delhi
3070,Goa,Delhi,24-06-2022,26-06-2022,Vistara,UK-862,08:25,00:10,15h 45m,2+-stop,14817,20,24-06-2022 20:00,Evening,2,945,Goa -> Delhi
3071,Goa,Delhi,24-06-2022,26-06-2022,Vistara,UK-862,08:25,00:55,16h 30m,2+-stop,14817,2,24-06-2022 02:00,Night,2,990,Goa -> Delhi
3072,Goa,Delhi,24-06-2022,26-06-2022,Vistara,UK-862,08:25,08:35,24h 10m,2+-stop,14817,22,24-06-2022 22:00,Night,2,1450,Goa -> Delhi
3073,Goa,Delhi,24-06-2022,26-06-2022,IndiGo,6E- 948,02:25,08:45,06h 20m,1-stop,15134,6,24-06-2022 06:00,Morning,2,380,Goa -> Delhi
3074,Goa,Delhi,24-06-2022,26-06-2022,GO FIRST,G8- 312,11:55,19:00,07h 05m,1-stop,15363,16,24-06-2022 16:00,Afternoon,2,425,Goa -> Delhi
3075,Goa,Delhi,24-06-2022,26-06-2022,GO FIRST,G8- 312,11:55,20:05,08h 10m,1-stop,15363,11,24-06-2022 11:00,Morning,2,490,Goa -> Delhi
3076,Goa,Delhi,24-06-2022,26-06-2022,GO FIRST,G8- 312,11:55,23:35,11h 40m,1-stop,15363,8,24-06-2022 08:00,Morning,2,700,Goa -> Delhi
3077,Goa,Delhi,24-06-2022,26-06-2022,GO FIRST,G8- 312,11:55,00:50,12h 55m,1-stop,15363,14,24-06-2022 14:00,Afternoon,2,775,Goa -> Delhi
3078,Goa,Delhi,24-06-2022,26-06-2022,Vistara,UK-862,08:25,21:35,13h 10m,2+-stop,15429,17,24-06-2022 17:00,Evening,2,790,Goa -> Delhi
3079,Goa,Delhi,24-06-2022,26-06-2022,Vistara,UK-862,08:25,14:30,06h 05m,2+-stop,15555,20,24-06-2022 20:00,Evening,2,365,Goa -> Delhi
3080,Goa,Delhi,24-06-2022,26-06-2022,Vistara,UK-862,08:25,20:40,12h 15m,2+-stop,15555,12,24-06-2022 12:00,Afternoon,2,735,Goa -> Delhi
3081,Goa,Delhi,24-06-2022,26-06-2022,IndiGo,6E- 712,14:45,21:15,06h 30m,1-stop,15769,20,24-06-2022 20:00,Evening,2,390,Goa -> Delhi
3090,Goa,Delhi,24-06-2022,26-06-2022,IndiGo,6E- 744,07:20,12:10,04h 50m,1-stop,16079,7,24-06-2022 07:00,Morning,2,290,Goa -> Delhi
3091,Goa,Delhi,24-06-2022,26-06-2022,IndiGo,6E- 744,07:20,13:55,06h 35m,1-stop,16079,13,24-06-2022 13:00,Afternoon,2,395,Goa -> Delhi
3092,Goa,Delhi,24-06-2022,26-06-2022,Vistara,UK-862,08:25,19:45,11h 20m,2+-stop,16080,7,24-06-2022 07:00,Morning,2,680,Goa -> Delhi
3102,Goa,Delhi,24-06-2022,26-06-2022,Vistara,UK-862,08:25,16:30,32h 05m,2+-stop,17031,13,24-06-2022 13:00,Afternoon,2,1925,Goa -> Delhi
3103,Goa,Delhi,24-06-2022,26-06-2022,Vistara,UK-862,08:25,16:30,32h 05m,2+-stop,17031,6,24-06-2022 06:00,Morning,2,1925,Goa -> Delhi
3104,Goa,Delhi,24-06-2022,26-06-2022,Vistara,UK-862,08:25,19:50,35h 25m,2+-stop,17031,22,24-06-2022 22:00,Night,2,2125,Goa -> Delhi
3105,Goa,Delhi,24-06-2022,26-06-2022,Vistara,UK-862,08:25,19:50,35h 25m,2+-stop,17031,11,24-06-2022 11:00,Morning,2,2125,Goa -> Delhi
3106,Goa,Delhi,24-06-2022,26-06-2022,Air Asia,I5-776,13:45,16:30,02h 45m,non-stop,17181,10,24-06-2022 10:00,Morning,2,165,Goa -> Delhi
3107,Goa,Delhi,24-06-2022,26-06-2022,Air Asia,I5-819,07:10,14:20,07h 10m,2+-stop,17704,21,24-06-2022 21:00,Night,2,430,Goa -> Delhi
3108,Goa,Delhi,24-06-2022,26-06-2022,Air Asia,I5-819,07:10,19:55,12h 45m,2+-stop,17704,21,24-06-2022 21:00,Night,2,765,Goa -> Delhi
3109,Goa,Delhi,24-06-2022,26-06-2022,Vistara,UK-842,13:20,18:05,04h 45m,1-stop,17390,10,24-06-2022 10:00,Morning,2,285,Goa -> Delhi
3110,Goa,Delhi,24-06-2022,26-06-2022,Vistara,UK-842,13:20,21:55,08h 35m,1-stop,17390,21,24-06-2022 21:00,Night,2,515,Goa -> Delhi
3111,Goa,Delhi,24-06-2022,26-06-2022,Vistara,UK-842,13:20,23:00,09h 40m,1-stop,17390,12,24-06-2022 12:00,Afternoon,2,580,Goa -> Delhi
3112,Goa,Delhi,24-06-2022,26-06-2022,Vistara,UK-842,13:20,00:10,10h 50m,1-stop,17390,17,24-06-2022 17:00,Evening,2,650,Goa -> Delhi
3113,Goa,Delhi,24-06-2022,26-06-2022,Vistara,UK-842,13:20,00:55,11h 35m,1-stop,17390,1,24-06-2022 01:00,Night,2,695,Goa -> Delhi
3114,Goa,Delhi,24-06-2022,26-06-2022,GO FIRST,G8- 914,21:55,09:40,11h 45m,1-stop,17468,20,24-06-2022 20:00,Evening,2,705,Goa -> Delhi
3115,Goa,Delhi,24-06-2022,26-06-2022,Air Asia,I5-1455,15:15,03:20,12h 05m,1-stop,17704,14,24-06-2022 14:00,Afternoon,2,725,Goa -> Delhi
3116,Goa,Delhi,24-06-2022,26-06-2022,GO FIRST,G8- 372,18:25,23:35,05h 10m,1-stop,17883,19,24-06-2022 19:00,Evening,2,310,Goa -> Delhi
3117,Goa,Delhi,24-06-2022,26-06-2022,GO FIRST,G8- 332,13:15,19:00,05h 45m,1-stop,17883,17,24-06-2022 17:00,Evening,2,345,Goa -> Delhi
3118,Goa,Delhi,24-06-2022,26-06-2022,GO FIRST,G8- 315,17:10,23:35,06h 25m,1-stop,17883,14,24-06-2022 14:00,Afternoon,2,385,Goa -> Delhi
3119,Goa,Delhi,24-06-2022,26-06-2022,GO FIRST,G8- 372,18:25,00:50,06h 25m,1-stop,17883,18,24-06-2022 18:00,Evening,2,385,Goa -> Delhi
3120,Goa,Delhi,24-06-2022,26-06-2022,GO FIRST,G8- 332,13:15,20:05,06h 50m,1-stop,17883,22,24-06-2022 22:00,Night,2,410,Goa -> Delhi
3121,Goa,Delhi,24-06-2022,26-06-2022,GO FIRST,G8- 315,17:10,00:50,07h 40m,1-stop,17883,23,24-06-2022 23:00,Night,2,460,Goa -> Delhi
3122,Goa,Delhi,24-06-2022,26-06-2022,GO FIRST,G8- 332,13:15,23:35,10h 20m,1-stop,17883,11,24-06-2022 11:00,Morning,2,620,Goa -> Delhi
3123,Goa,Delhi,24-06-2022,26-06-2022,GO FIRST,G8- 332,13:15,00:50,11h 35m,1-stop,17883,12,24-06-2022 12:00,Afternoon,2,695,Goa -> Delhi
3124,Goa,Delhi,24-06-2022,26-06-2022,GO FIRST,G8- 372,18:25,08:00,13h 35m,1-stop,17883,21,24-06-2022 21:00,Night,2,815,Goa -> Delhi
3125,Goa,Delhi,24-06-2022,26-06-2022,GO FIRST,G8- 315,17:10,08:00,14h 50m,1-stop,17883,10,24-06-2022 10:00,Morning,2,890,Goa -> Delhi
3126,Goa,Delhi,24-06-2022,26-06-2022,IndiGo,6E- 714,16:30,21:40,05h 10m,1-stop,17969,4,24-06-2022 04:00,Night,2,310,Goa -> Delhi
3127,Goa,Delhi,24-06-2022,26-06-2022,IndiGo,6E-5281,13:10,19:25,06h 15m,1-stop,17969,0,24-06-2022 00:00,Night,2,375,Goa -> Delhi
3128,Goa,Delhi,24-06-2022,26-06-2022,IndiGo,6E- 714,16:30,22:55,06h 25m,1-stop,17969,23,24-06-2022 23:00,Night,2,385,Goa -> Delhi
3129,Goa,Delhi,24-06-2022,26-06-2022,IndiGo,6E-6386,18:40,01:40,07h 00m,1-stop,17969,2,24-06-2022 02:00,Night,2,420,Goa -> Delhi
3130,Goa,Delhi,24-06-2022,26-06-2022,IndiGo,6E-5281,13:10,20:45,07h 35m,1-stop,17969,21,24-06-2022 21:00,Night,2,455,Goa -> Delhi
3131,Goa,Delhi,24-06-2022,26-06-2022,Vistara,UK-842,13:20,20:40,07h 20m,1-stop,18127,18,24-06-2022 18:00,Evening,2,440,Goa -> Delhi
3132,Goa,Delhi,24-06-2022,26-06-2022,Vistara,UK-848,14:25,17:05,02h 40m,non-stop,18232,22,24-06-2022 22:00,Night,2,160,Goa -> Delhi
3133,Goa,Delhi,24-06-2022,26-06-2022,Vistara,UK-862,08:25,19:55,35h 30m,2+-stop,18270,6,24-06-2022 06:00,Morning,2,2130,Goa -> Delhi
3134,Goa,Delhi,24-06-2022,26-06-2022,Vistara,UK-862,08:25,19:55,35h 30m,2+-stop,18270,11,24-06-2022 11:00,Morning,2,2130,Goa -> Delhi
3135,Goa,Delhi,24-06-2022,26-06-2022,Vistara,UK-862,08:25,19:55,35h 30m,2+-stop,18270,14,24-06-2022 14:00,Afternoon,2,2130,Goa -> Delhi
3136,Goa,Delhi,24-06-2022,26-06-2022,Vistara,UK-862,08:25,19:55,35h 30m,2+-stop,18270,4,24-06-2022 04:00,Night,2,2130,Goa -> Delhi
3139,Goa,Delhi,24-06-2022,26-06-2022,Vistara,UK-862,08:25,15:35,31h 10m,2+-stop,18587,14,24-06-2022 14:00,Afternoon,2,1870,Goa -> Delhi
3140,Goa,Delhi,24-06-2022,26-06-2022,Vistara,UK-862,08:25,15:35,31h 10m,2+-stop,18587,7,24-06-2022 07:00,Morning,2,1870,Goa -> Delhi
3141,Goa,Delhi,24-06-2022,26-06-2022,Vistara,UK-862,08:25,15:35,31h 10m,2+-stop,18587,9,24-06-2022 09:00,Morning,2,1870,Goa -> Delhi
3142,Goa,Delhi,24-06-2022,26-06-2022,Vistara,UK-862,08:25,15:35,31h 10m,2+-stop,18587,15,24-06-2022 15:00,Afternoon,2,1870,Goa -> Delhi
3143,Goa,Delhi,24-06-2022,26-06-2022,Vistara,UK-842,13:20,19:45,06h 25m,1-stop,18652,7,24-06-2022 07:00,Morning,2,385,Goa -> Delhi
3148,Goa,Delhi,24-06-2022,26-06-2022,Vistara,UK-862,08:25,12:30,28h 05m,2+-stop,19007,0,24-06-2022 00:00,Night,2,1685,Goa -> Delhi
3149,Goa,Delhi,24-06-2022,26-06-2022,Vistara,UK-862,08:25,12:30,28h 05m,2+-stop,19007,11,24-06-2022 11:00,Morning,2,1685,Goa -> Delhi
3150,Goa,Delhi,24-06-2022,26-06-2022,Vistara,UK-862,08:25,12:30,28h 05m,2+-stop,19007,4,24-06-2022 04:00,Night,2,1685,Goa -> Delhi
3152,Goa,Delhi,24-06-2022,26-06-2022,Vistara,UK-862,08:25,22:45,14h 20m,2+-stop,20057,2,24-06-2022 02:00,Night,2,860,Goa -> Delhi
3153,Goa,Delhi,24-06-2022,26-06-2022,Air Asia,I5-799,16:35,19:20,02h 45m,non-stop,20541,0,24-06-2022 00:00,Night,2,165,Goa -> Delhi
3154,Goa,Delhi,24-06-2022,26-06-2022,GO FIRST,G8- 285,17:25,20:10,02h 45m,non-stop,20541,3,24-06-2022 03:00,Night,2,165,Goa -> Delhi
3155,Goa,Delhi,24-06-2022,26-06-2022,IndiGo,6E-2119,19:15,22:00,02h 45m,non-stop,20541,7,24-06-2022 07:00,Morning,2,165,Goa -> Delhi
3156,Goa,Delhi,24-06-2022,26-06-2022,IndiGo,6E- 921,08:15,14:40,06h 25m,1-stop,20541,2,24-06-2022 02:00,Night,2,385,Goa -> Delhi
3157,Goa,Delhi,24-06-2022,26-06-2022,Air Asia,I5-1455,15:15,02:05,10h 50m,1-stop,20761,9,24-06-2022 09:00,Morning,2,650,Goa -> Delhi
3158,Goa,Delhi,24-06-2022,26-06-2022,Air Asia,I5-819,07:10,21:10,14h 00m,2+-stop,20761,1,24-06-2022 01:00,Night,2,840,Goa -> Delhi
3159,Goa,Delhi,24-06-2022,26-06-2022,GO FIRST,G8- 286,13:50,00:15,10h 25m,1-stop,21066,10,24-06-2022 10:00,Morning,2,625,Goa -> Delhi
3161,Goa,Delhi,24-06-2022,26-06-2022,Vistara,UK-868,14:40,23:50,09h 10m,1-stop,23692,9,24-06-2022 09:00,Morning,2,550,Goa -> Delhi
3162,Goa,Delhi,24-06-2022,26-06-2022,IndiGo,6E- 381,14:40,22:00,07h 20m,1-stop,25004,20,24-06-2022 20:00,Evening,2,440,Goa -> Delhi
3163,Goa,Delhi,24-06-2022,26-06-2022,Vistara,UK-868,14:40,22:25,07h 45m,1-stop,26107,13,24-06-2022 13:00,Afternoon,2,465,Goa -> Delhi
3165,Goa,Delhi,24-06-2022,26-06-2022,IndiGo,6E- 381,14:40,20:45,06h 05m,1-stop,29204,6,24-06-2022 06:00,Morning,2,365,Goa -> Delhi
3166,Goa,Delhi,24-06-2022,26-06-2022,Vistara,UK-868,14:40,21:30,06h 50m,1-stop,29782,1,24-06-2022 01:00,Night,2,410,Goa -> Delhi
3167,Goa,Delhi,24-06-2022,26-06-2022,Air Asia,I5-819,07:10,13:55,06h 45m,2+-stop,29911,8,24-06-2022 08:00,Morning,2,405,Goa -> Delhi
3169,Goa,Delhi,24-06-2022,26-06-2022,Air Asia,I5-1455,15:15,21:10,05h 55m,1-stop,30961,15,24-06-2022 15:00,Afternoon,2,355,Goa -> Delhi
3170,Goa,Delhi,24-06-2022,26-06-2022,Vistara,UK-868,14:40,20:20,05h 40m,1-stop,32092,12,24-06-2022 12:00,Afternoon,2,340,Goa -> Delhi
3172,Goa,Delhi,24-06-2022,27-06-2022,IndiGo,6E-2336,22:00,00:35,02h 35m,non-stop,9621,8,24-06-2022 08:00,Morning,3,155,Goa -> Delhi
3173,Goa,Delhi,24-06-2022,27-06-2022,GO FIRST,G8- 372,18:25,23:35,05h 10m,1-stop,9621,19,24-06-2022 19:00,Evening,3,310,Goa -> Delhi
3174,Goa,Delhi,24-06-2022,27-06-2022,GO FIRST,G8- 315,17:10,23:35,06h 25m,1-stop,9621,3,24-06-2022 03:00,Night,3,385,Goa -> Delhi
3175,Goa,Delhi,24-06-2022,27-06-2022,GO FIRST,G8- 372,18:25,00:50,06h 25m,1-stop,9621,21,24-06-2022 21:00,Night,3,385,Goa -> Delhi
3176,Goa,Delhi,24-06-2022,27-06-2022,GO FIRST,G8- 315,17:10,00:50,07h 40m,1-stop,9621,9,24-06-2022 09:00,Morning,3,460,Goa -> Delhi
3177,Goa,Delhi,24-06-2022,27-06-2022,GO FIRST,G8- 372,18:25,02:20,07h 55m,1-stop,9621,21,24-06-2022 21:00,Night,3,475,Goa -> Delhi
3178,Goa,Delhi,24-06-2022,27-06-2022,GO FIRST,G8- 315,17:10,02:20,09h 10m,1-stop,9621,11,24-06-2022 11:00,Morning,3,550,Goa -> Delhi
3179,Goa,Delhi,24-06-2022,27-06-2022,GO FIRST,G8- 286,13:50,00:15,10h 25m,1-stop,9621,16,24-06-2022 16:00,Afternoon,3,625,Goa -> Delhi
3180,Goa,Delhi,24-06-2022,27-06-2022,GO FIRST,G8- 914,21:55,09:40,11h 45m,1-stop,9621,13,24-06-2022 13:00,Afternoon,3,705,Goa -> Delhi
3181,Goa,Delhi,24-06-2022,27-06-2022,GO FIRST,G8- 372,18:25,08:00,13h 35m,1-stop,9621,13,24-06-2022 13:00,Afternoon,3,815,Goa -> Delhi
3182,Goa,Delhi,24-06-2022,27-06-2022,GO FIRST,G8- 315,17:10,08:00,14h 50m,1-stop,9621,1,24-06-2022 01:00,Night,3,890,Goa -> Delhi
3184,Goa,Delhi,24-06-2022,27-06-2022,IndiGo,6E-6532,00:50,03:25,02h 35m,non-stop,9884,20,24-06-2022 20:00,Evening,3,155,Goa -> Delhi
3194,Goa,Delhi,24-06-2022,27-06-2022,IndiGo,6E- 137,06:45,11:40,04h 55m,1-stop,9936,19,24-06-2022 19:00,Evening,3,295,Goa -> Delhi
3195,Goa,Delhi,24-06-2022,27-06-2022,IndiGo,6E-6877,01:40,06:55,05h 15m,1-stop,9936,10,24-06-2022 10:00,Morning,3,315,Goa -> Delhi
3196,Goa,Delhi,24-06-2022,27-06-2022,IndiGo,6E- 137,06:45,12:20,05h 35m,1-stop,9936,15,24-06-2022 15:00,Afternoon,3,335,Goa -> Delhi
3197,Goa,Delhi,24-06-2022,27-06-2022,IndiGo,6E-6811,18:30,00:25,05h 55m,1-stop,9936,18,24-06-2022 18:00,Evening,3,355,Goa -> Delhi
3198,Goa,Delhi,24-06-2022,27-06-2022,IndiGo,6E-5029,19:50,01:45,05h 55m,1-stop,9936,22,24-06-2022 22:00,Night,3,355,Goa -> Delhi
3199,Goa,Delhi,24-06-2022,27-06-2022,IndiGo,6E- 418,17:15,23:20,06h 05m,1-stop,9936,5,24-06-2022 05:00,Morning,3,365,Goa -> Delhi
3200,Goa,Delhi,24-06-2022,27-06-2022,IndiGo,6E- 589,21:10,03:30,06h 20m,1-stop,9936,23,24-06-2022 23:00,Night,3,380,Goa -> Delhi
3201,Goa,Delhi,24-06-2022,27-06-2022,IndiGo,6E-6955,00:55,07:30,06h 35m,1-stop,9936,18,24-06-2022 18:00,Evening,3,395,Goa -> Delhi
3202,Goa,Delhi,24-06-2022,27-06-2022,IndiGo,6E- 468,18:10,00:45,06h 35m,1-stop,9936,4,24-06-2022 04:00,Night,3,395,Goa -> Delhi
3203,Goa,Delhi,24-06-2022,27-06-2022,IndiGo,6E-6023,23:05,05:50,06h 45m,1-stop,9936,3,24-06-2022 03:00,Night,3,405,Goa -> Delhi
3204,Goa,Delhi,24-06-2022,27-06-2022,IndiGo,6E- 137,06:45,14:10,07h 25m,1-stop,9936,14,24-06-2022 14:00,Afternoon,3,445,Goa -> Delhi
3205,Goa,Delhi,24-06-2022,27-06-2022,IndiGo,6E-2332,14:05,16:50,02h 45m,non-stop,10199,3,24-06-2022 03:00,Night,3,165,Goa -> Delhi
3206,Goa,Delhi,24-06-2022,27-06-2022,IndiGo,6E-2119,19:15,22:00,02h 45m,non-stop,10199,19,24-06-2022 19:00,Evening,3,165,Goa -> Delhi
3207,Goa,Delhi,24-06-2022,27-06-2022,Vistara,UK-856,21:55,00:40,02h 45m,non-stop,10357,9,24-06-2022 09:00,Morning,3,165,Goa -> Delhi
3212,Goa,Delhi,24-06-2022,27-06-2022,Vistara,UK-848,14:25,17:05,02h 40m,non-stop,10882,23,24-06-2022 23:00,Night,3,160,Goa -> Delhi
3213,Goa,Delhi,24-06-2022,27-06-2022,GO FIRST,G8- 285,17:25,20:10,02h 45m,non-stop,10985,21,24-06-2022 21:00,Night,3,165,Goa -> Delhi
3214,Goa,Delhi,24-06-2022,27-06-2022,IndiGo,6E-6955,00:55,05:50,04h 55m,1-stop,10997,2,24-06-2022 02:00,Night,3,295,Goa -> Delhi
3215,Goa,Delhi,24-06-2022,27-06-2022,IndiGo,6E- 468,18:10,23:30,05h 20m,1-stop,10997,4,24-06-2022 04:00,Night,3,320,Goa -> Delhi
3216,Goa,Delhi,24-06-2022,27-06-2022,IndiGo,6E-2044,13:00,15:35,02h 35m,non-stop,11039,5,24-06-2022 05:00,Morning,3,155,Goa -> Delhi
3218,Goa,Delhi,24-06-2022,27-06-2022,IndiGo,6E-6097,13:10,18:10,05h 00m,1-stop,13769,20,24-06-2022 20:00,Evening,3,300,Goa -> Delhi
3219,Goa,Delhi,24-06-2022,27-06-2022,IndiGo,6E- 714,16:30,21:40,05h 10m,1-stop,13769,21,24-06-2022 21:00,Night,3,310,Goa -> Delhi
3220,Goa,Delhi,24-06-2022,27-06-2022,IndiGo,6E-6097,13:10,19:25,06h 15m,1-stop,13769,7,24-06-2022 07:00,Morning,3,375,Goa -> Delhi
3221,Goa,Delhi,24-06-2022,27-06-2022,IndiGo,6E- 714,16:30,22:55,06h 25m,1-stop,13769,6,24-06-2022 06:00,Morning,3,385,Goa -> Delhi
3222,Goa,Delhi,24-06-2022,27-06-2022,IndiGo,6E-6386,18:40,01:40,07h 00m,1-stop,13769,20,24-06-2022 20:00,Evening,3,420,Goa -> Delhi
3223,Goa,Delhi,24-06-2022,27-06-2022,GO FIRST,G8- 381,06:40,12:05,05h 25m,1-stop,13893,9,24-06-2022 09:00,Morning,3,325,Goa -> Delhi
3224,Goa,Delhi,24-06-2022,27-06-2022,GO FIRST,G8- 332,13:15,19:00,05h 45m,1-stop,13893,5,24-06-2022 05:00,Morning,3,345,Goa -> Delhi
3225,Goa,Delhi,24-06-2022,27-06-2022,GO FIRST,G8- 381,06:40,13:10,06h 30m,1-stop,13893,13,24-06-2022 13:00,Afternoon,3,390,Goa -> Delhi
3226,Goa,Delhi,24-06-2022,27-06-2022,GO FIRST,G8- 332,13:15,20:05,06h 50m,1-stop,13893,3,24-06-2022 03:00,Night,3,410,Goa -> Delhi
3227,Goa,Delhi,24-06-2022,27-06-2022,GO FIRST,G8- 332,13:15,23:35,10h 20m,1-stop,13893,12,24-06-2022 12:00,Afternoon,3,620,Goa -> Delhi
3228,Goa,Delhi,24-06-2022,27-06-2022,GO FIRST,G8- 332,13:15,00:50,11h 35m,1-stop,13893,19,24-06-2022 19:00,Evening,3,695,Goa -> Delhi
3229,Goa,Delhi,24-06-2022,27-06-2022,GO FIRST,G8- 381,06:40,19:00,12h 20m,1-stop,13893,16,24-06-2022 16:00,Afternoon,3,740,Goa -> Delhi
3230,Goa,Delhi,24-06-2022,27-06-2022,GO FIRST,G8- 332,13:15,02:20,13h 05m,1-stop,13893,22,24-06-2022 22:00,Night,3,785,Goa -> Delhi
3231,Goa,Delhi,24-06-2022,27-06-2022,GO FIRST,G8- 381,06:40,20:05,13h 25m,1-stop,13893,6,24-06-2022 06:00,Morning,3,805,Goa -> Delhi
3253,Goa,Delhi,24-06-2022,27-06-2022,IndiGo,6E- 381,14:40,22:00,07h 20m,1-stop,14708,3,24-06-2022 03:00,Night,3,440,Goa -> Delhi
3254,Goa,Delhi,24-06-2022,27-06-2022,Vistara,UK-842,13:20,18:05,04h 45m,1-stop,15185,13,24-06-2022 13:00,Afternoon,3,285,Goa -> Delhi
3255,Goa,Delhi,24-06-2022,27-06-2022,Vistara,UK-842,13:20,19:45,06h 25m,1-stop,15185,2,24-06-2022 02:00,Night,3,385,Goa -> Delhi
3256,Goa,Delhi,24-06-2022,27-06-2022,Vistara,UK-842,13:20,20:40,07h 20m,1-stop,15185,23,24-06-2022 23:00,Night,3,440,Goa -> Delhi
3257,Goa,Delhi,24-06-2022,27-06-2022,Vistara,UK-842,13:20,21:55,08h 35m,1-stop,15185,4,24-06-2022 04:00,Night,3,515,Goa -> Delhi
3258,Goa,Delhi,24-06-2022,27-06-2022,Vistara,UK-842,13:20,23:00,09h 40m,1-stop,15185,15,24-06-2022 15:00,Afternoon,3,580,Goa -> Delhi
3259,Goa,Delhi,24-06-2022,27-06-2022,Vistara,UK-842,13:20,00:10,10h 50m,1-stop,15185,22,24-06-2022 22:00,Night,3,650,Goa -> Delhi
3260,Goa,Delhi,24-06-2022,27-06-2022,Vistara,UK-842,13:20,00:55,11h 35m,1-stop,15185,19,24-06-2022 19:00,Evening,3,695,Goa -> Delhi
3261,Goa,Delhi,24-06-2022,27-06-2022,IndiGo,6E- 637,15:15,19:40,04h 25m,1-stop,15239,3,24-06-2022 03:00,Night,3,265,Goa -> Delhi
3262,Goa,Delhi,24-06-2022,27-06-2022,IndiGo,6E- 813,14:30,20:00,05h 30m,1-stop,15239,23,24-06-2022 23:00,Night,3,330,Goa -> Delhi
3263,Goa,Delhi,24-06-2022,27-06-2022,IndiGo,6E- 637,15:15,20:55,05h 40m,1-stop,15239,23,24-06-2022 23:00,Night,3,340,Goa -> Delhi
3264,Goa,Delhi,24-06-2022,27-06-2022,IndiGo,6E-6236,02:05,09:15,07h 10m,1-stop,15239,1,24-06-2022 01:00,Night,3,430,Goa -> Delhi
3268,Goa,Delhi,24-06-2022,27-06-2022,IndiGo,6E- 712,14:45,21:15,06h 30m,1-stop,15769,17,24-06-2022 17:00,Evening,3,390,Goa -> Delhi
3270,Goa,Delhi,24-06-2022,27-06-2022,Vistara,UK-868,14:40,22:25,07h 45m,1-stop,17390,18,24-06-2022 18:00,Evening,3,465,Goa -> Delhi
3271,Goa,Delhi,24-06-2022,27-06-2022,Vistara,UK-868,14:40,23:50,09h 10m,1-stop,17390,18,24-06-2022 18:00,Evening,3,550,Goa -> Delhi
3272,Goa,Delhi,24-06-2022,27-06-2022,IndiGo,6E- 921,08:15,14:40,06h 25m,1-stop,17496,16,24-06-2022 16:00,Afternoon,3,385,Goa -> Delhi
3273,Goa,Delhi,24-06-2022,27-06-2022,IndiGo,6E- 744,07:20,12:10,04h 50m,1-stop,17759,13,24-06-2022 13:00,Afternoon,3,290,Goa -> Delhi
3274,Goa,Delhi,24-06-2022,27-06-2022,IndiGo,6E- 744,07:20,13:55,06h 35m,1-stop,17759,18,24-06-2022 18:00,Evening,3,395,Goa -> Delhi
3275,Goa,Delhi,24-06-2022,27-06-2022,IndiGo,6E- 381,14:40,20:45,06h 05m,1-stop,18174,21,24-06-2022 21:00,Night,3,365,Goa -> Delhi
3276,Goa,Delhi,24-06-2022,27-06-2022,IndiGo,6E-6236,02:05,07:15,05h 10m,1-stop,18730,23,24-06-2022 23:00,Night,3,310,Goa -> Delhi
3277,Goa,Delhi,24-06-2022,27-06-2022,Vistara,UK-868,14:40,21:30,06h 50m,1-stop,19177,12,24-06-2022 12:00,Afternoon,3,410,Goa -> Delhi
3278,Goa,Delhi,24-06-2022,27-06-2022,Vistara,UK-868,14:40,20:20,05h 40m,1-stop,19912,11,24-06-2022 11:00,Morning,3,340,Goa -> Delhi
3279,Goa,Delhi,24-06-2022,27-06-2022,IndiGo,6E- 948,02:25,08:45,06h 20m,1-stop,21276,5,24-06-2022 05:00,Morning,3,380,Goa -> Delhi
3286,Goa,Delhi,24-06-2022,28-06-2022,SpiceJet,SG- 454,13:30,22:00,08h 30m,1-stop,9621,20,24-06-2022 20:00,Evening,4,510,Goa -> Delhi
3287,Goa,Delhi,24-06-2022,28-06-2022,IndiGo,6E-2336,22:00,00:35,02h 35m,non-stop,9621,3,24-06-2022 03:00,Night,4,155,Goa -> Delhi
3288,Goa,Delhi,24-06-2022,28-06-2022,IndiGo,6E-2119,19:15,22:00,02h 45m,non-stop,9621,18,24-06-2022 18:00,Evening,4,165,Goa -> Delhi
3289,Goa,Delhi,24-06-2022,28-06-2022,SpiceJet,SG- 454,13:30,09:35,20h 05m,1-stop,9621,15,24-06-2022 15:00,Afternoon,4,1205,Goa -> Delhi
3290,Goa,Delhi,24-06-2022,28-06-2022,SpiceJet,SG- 487,17:35,09:35,16h 00m,1-stop,9621,12,24-06-2022 12:00,Afternoon,4,960,Goa -> Delhi
3291,Goa,Delhi,24-06-2022,28-06-2022,SpiceJet,SG- 487,17:35,18:20,24h 45m,1-stop,9621,3,24-06-2022 03:00,Night,4,1485,Goa -> Delhi
3292,Goa,Delhi,24-06-2022,28-06-2022,SpiceJet,SG-8172,15:05,17:45,02h 40m,non-stop,9621,22,24-06-2022 22:00,Night,4,160,Goa -> Delhi
3293,Goa,Delhi,24-06-2022,28-06-2022,SpiceJet,SG- 958,18:10,21:10,03h 00m,non-stop,9621,16,24-06-2022 16:00,Afternoon,4,180,Goa -> Delhi
3294,Goa,Delhi,24-06-2022,28-06-2022,IndiGo,6E-6532,00:50,03:25,02h 35m,non-stop,9621,22,24-06-2022 22:00,Night,4,155,Goa -> Delhi
3295,Goa,Delhi,24-06-2022,28-06-2022,IndiGo,6E-2044,13:00,15:35,02h 35m,non-stop,9621,0,24-06-2022 00:00,Night,4,155,Goa -> Delhi
3296,Goa,Delhi,24-06-2022,28-06-2022,IndiGo,6E-2332,14:05,16:50,02h 45m,non-stop,9621,17,24-06-2022 17:00,Evening,4,165,Goa -> Delhi
3297,Goa,Delhi,24-06-2022,28-06-2022,GO FIRST,G8- 285,17:25,20:10,02h 45m,non-stop,9621,19,24-06-2022 19:00,Evening,4,165,Goa -> Delhi
3298,Goa,Delhi,24-06-2022,28-06-2022,GO FIRST,G8- 372,18:25,23:35,05h 10m,1-stop,9621,16,24-06-2022 16:00,Afternoon,4,310,Goa -> Delhi
3299,Goa,Delhi,24-06-2022,28-06-2022,GO FIRST,G8- 381,06:40,12:05,05h 25m,1-stop,9621,14,24-06-2022 14:00,Afternoon,4,325,Goa -> Delhi
3300,Goa,Delhi,24-06-2022,28-06-2022,GO FIRST,G8- 315,17:10,23:35,06h 25m,1-stop,9621,10,24-06-2022 10:00,Morning,4,385,Goa -> Delhi
3301,Goa,Delhi,24-06-2022,28-06-2022,GO FIRST,G8- 372,18:25,00:50,06h 25m,1-stop,9621,21,24-06-2022 21:00,Night,4,385,Goa -> Delhi
3302,Goa,Delhi,24-06-2022,28-06-2022,GO FIRST,G8- 315,17:10,00:50,07h 40m,1-stop,9621,12,24-06-2022 12:00,Afternoon,4,460,Goa -> Delhi
3303,Goa,Delhi,24-06-2022,28-06-2022,GO FIRST,G8- 372,18:25,02:20,07h 55m,1-stop,9621,0,24-06-2022 00:00,Night,4,475,Goa -> Delhi
3304,Goa,Delhi,24-06-2022,28-06-2022,GO FIRST,G8- 315,17:10,02:20,09h 10m,1-stop,9621,16,24-06-2022 16:00,Afternoon,4,550,Goa -> Delhi
3305,Goa,Delhi,24-06-2022,28-06-2022,GO FIRST,G8- 286,13:50,00:15,10h 25m,1-stop,9621,5,24-06-2022 05:00,Morning,4,625,Goa -> Delhi
3306,Goa,Delhi,24-06-2022,28-06-2022,GO FIRST,G8- 914,21:55,09:40,11h 45m,1-stop,9621,3,24-06-2022 03:00,Night,4,705,Goa -> Delhi
3307,Goa,Delhi,24-06-2022,28-06-2022,GO FIRST,G8- 381,06:40,19:30,12h 50m,1-stop,9621,19,24-06-2022 19:00,Evening,4,770,Goa -> Delhi
3308,Goa,Delhi,24-06-2022,28-06-2022,GO FIRST,G8- 381,06:40,20:05,13h 25m,1-stop,9621,15,24-06-2022 15:00,Afternoon,4,805,Goa -> Delhi
3309,Goa,Delhi,24-06-2022,28-06-2022,GO FIRST,G8- 372,18:25,08:00,13h 35m,1-stop,9621,14,24-06-2022 14:00,Afternoon,4,815,Goa -> Delhi
3310,Goa,Delhi,24-06-2022,28-06-2022,GO FIRST,G8- 315,17:10,08:00,14h 50m,1-stop,9621,14,24-06-2022 14:00,Afternoon,4,890,Goa -> Delhi
3314,Goa,Delhi,24-06-2022,28-06-2022,Vistara,UK-848,14:25,17:05,02h 40m,non-stop,9937,5,24-06-2022 05:00,Morning,4,160,Goa -> Delhi
3315,Goa,Delhi,24-06-2022,28-06-2022,Vistara,UK-856,21:55,00:40,02h 45m,non-stop,9937,14,24-06-2022 14:00,Afternoon,4,165,Goa -> Delhi
3324,Goa,Delhi,24-06-2022,28-06-2022,IndiGo,6E- 137,06:45,11:40,04h 55m,1-stop,9936,13,24-06-2022 13:00,Afternoon,4,295,Goa -> Delhi
3325,Goa,Delhi,24-06-2022,28-06-2022,IndiGo,6E-6097,13:10,18:10,05h 00m,1-stop,9936,10,24-06-2022 10:00,Morning,4,300,Goa -> Delhi
3326,Goa,Delhi,24-06-2022,28-06-2022,IndiGo,6E-6236,02:05,07:15,05h 10m,1-stop,9936,6,24-06-2022 06:00,Morning,4,310,Goa -> Delhi
3327,Goa,Delhi,24-06-2022,28-06-2022,IndiGo,6E- 714,16:30,21:40,05h 10m,1-stop,9936,8,24-06-2022 08:00,Morning,4,310,Goa -> Delhi
3328,Goa,Delhi,24-06-2022,28-06-2022,IndiGo,6E-6877,01:40,06:55,05h 15m,1-stop,9936,15,24-06-2022 15:00,Afternoon,4,315,Goa -> Delhi
3329,Goa,Delhi,24-06-2022,28-06-2022,IndiGo,6E- 468,18:10,23:30,05h 20m,1-stop,9936,4,24-06-2022 04:00,Night,4,320,Goa -> Delhi
3330,Goa,Delhi,24-06-2022,28-06-2022,IndiGo,6E- 137,06:45,12:20,05h 35m,1-stop,9936,19,24-06-2022 19:00,Evening,4,335,Goa -> Delhi
3331,Goa,Delhi,24-06-2022,28-06-2022,IndiGo,6E-6811,18:30,00:25,05h 55m,1-stop,9936,9,24-06-2022 09:00,Morning,4,355,Goa -> Delhi
3332,Goa,Delhi,24-06-2022,28-06-2022,IndiGo,6E-5029,19:50,01:45,05h 55m,1-stop,9936,17,24-06-2022 17:00,Evening,4,355,Goa -> Delhi
3333,Goa,Delhi,24-06-2022,28-06-2022,IndiGo,6E- 418,17:15,23:20,06h 05m,1-stop,9936,2,24-06-2022 02:00,Night,4,365,Goa -> Delhi
3334,Goa,Delhi,24-06-2022,28-06-2022,IndiGo,6E-6097,13:10,19:25,06h 15m,1-stop,9936,12,24-06-2022 12:00,Afternoon,4,375,Goa -> Delhi
3335,Goa,Delhi,24-06-2022,28-06-2022,IndiGo,6E- 589,21:10,03:30,06h 20m,1-stop,9936,10,24-06-2022 10:00,Morning,4,380,Goa -> Delhi
3336,Goa,Delhi,24-06-2022,28-06-2022,IndiGo,6E- 714,16:30,22:55,06h 25m,1-stop,9936,16,24-06-2022 16:00,Afternoon,4,385,Goa -> Delhi
3337,Goa,Delhi,24-06-2022,28-06-2022,IndiGo,6E- 468,18:10,00:45,06h 35m,1-stop,9936,21,24-06-2022 21:00,Night,4,395,Goa -> Delhi
3338,Goa,Delhi,24-06-2022,28-06-2022,IndiGo,6E-6386,18:40,01:40,07h 00m,1-stop,9936,12,24-06-2022 12:00,Afternoon,4,420,Goa -> Delhi
3339,Goa,Delhi,24-06-2022,28-06-2022,IndiGo,6E-6236,02:05,09:15,07h 10m,1-stop,9936,5,24-06-2022 05:00,Morning,4,430,Goa -> Delhi
3340,Goa,Delhi,24-06-2022,28-06-2022,IndiGo,6E- 381,14:40,22:00,07h 20m,1-stop,9936,16,24-06-2022 16:00,Afternoon,4,440,Goa -> Delhi
3341,Goa,Delhi,24-06-2022,28-06-2022,IndiGo,6E- 137,06:45,14:10,07h 25m,1-stop,9936,12,24-06-2022 12:00,Afternoon,4,445,Goa -> Delhi
3342,Goa,Delhi,24-06-2022,28-06-2022,IndiGo,6E-6097,13:10,20:45,07h 35m,1-stop,9936,18,24-06-2022 18:00,Evening,4,455,Goa -> Delhi
3343,Goa,Delhi,24-06-2022,28-06-2022,IndiGo,6E- 617,01:30,09:20,07h 50m,1-stop,9936,20,24-06-2022 20:00,Evening,4,470,Goa -> Delhi
3344,Goa,Delhi,24-06-2022,28-06-2022,IndiGo,6E-2183,15:25,18:00,02h 35m,non-stop,10199,18,24-06-2022 18:00,Evening,4,155,Goa -> Delhi
3345,Goa,Delhi,24-06-2022,28-06-2022,IndiGo,6E- 381,14:40,20:45,06h 05m,1-stop,11527,9,24-06-2022 09:00,Morning,4,365,Goa -> Delhi
3346,Goa,Delhi,24-06-2022,28-06-2022,GO FIRST,G8- 332,13:15,19:30,06h 15m,1-stop,13683,2,24-06-2022 02:00,Night,4,375,Goa -> Delhi
3347,Goa,Delhi,24-06-2022,28-06-2022,GO FIRST,G8- 332,13:15,20:05,06h 50m,1-stop,13683,13,24-06-2022 13:00,Afternoon,4,410,Goa -> Delhi
3348,Goa,Delhi,24-06-2022,28-06-2022,GO FIRST,G8- 332,13:15,23:35,10h 20m,1-stop,13683,18,24-06-2022 18:00,Evening,4,620,Goa -> Delhi
3349,Goa,Delhi,24-06-2022,28-06-2022,GO FIRST,G8- 332,13:15,00:50,11h 35m,1-stop,13683,4,24-06-2022 04:00,Night,4,695,Goa -> Delhi
3350,Goa,Delhi,24-06-2022,28-06-2022,GO FIRST,G8- 332,13:15,02:20,13h 05m,1-stop,13683,4,24-06-2022 04:00,Night,4,785,Goa -> Delhi
3351,Goa,Delhi,24-06-2022,28-06-2022,Vistara,UK-842,13:20,08:20,19h 00m,2+-stop,13534,19,24-06-2022 19:00,Evening,4,1140,Goa -> Delhi
3352,Goa,Delhi,24-06-2022,28-06-2022,IndiGo,6E- 637,15:15,19:40,04h 25m,1-stop,13648,16,24-06-2022 16:00,Afternoon,4,265,Goa -> Delhi
3353,Goa,Delhi,24-06-2022,28-06-2022,IndiGo,6E- 637,15:15,20:55,05h 40m,1-stop,13648,20,24-06-2022 20:00,Evening,4,340,Goa -> Delhi
3354,Goa,Delhi,24-06-2022,28-06-2022,Vistara,UK-842,13:20,18:05,04h 45m,2+-stop,13818,9,24-06-2022 09:00,Morning,4,285,Goa -> Delhi
3355,Goa,Delhi,24-06-2022,28-06-2022,Vistara,UK-842,13:20,19:45,06h 25m,2+-stop,13818,4,24-06-2022 04:00,Night,4,385,Goa -> Delhi
3356,Goa,Delhi,24-06-2022,28-06-2022,Vistara,UK-842,13:20,20:40,07h 20m,2+-stop,13818,3,24-06-2022 03:00,Night,4,440,Goa -> Delhi
3357,Goa,Delhi,24-06-2022,28-06-2022,Vistara,UK-842,13:20,21:55,08h 35m,2+-stop,13818,5,24-06-2022 05:00,Morning,4,515,Goa -> Delhi
3358,Goa,Delhi,24-06-2022,28-06-2022,Vistara,UK-842,13:20,00:10,10h 50m,2+-stop,13818,3,24-06-2022 03:00,Night,4,650,Goa -> Delhi
3359,Goa,Delhi,24-06-2022,28-06-2022,Vistara,UK-842,13:20,00:55,11h 35m,2+-stop,13818,6,24-06-2022 06:00,Morning,4,695,Goa -> Delhi
3360,Goa,Delhi,24-06-2022,28-06-2022,Vistara,UK-842,13:20,08:05,18h 45m,2+-stop,13818,6,24-06-2022 06:00,Morning,4,1125,Goa -> Delhi
3361,Goa,Delhi,24-06-2022,28-06-2022,Vistara,UK-842,13:20,10:25,21h 05m,2+-stop,13851,17,24-06-2022 17:00,Evening,4,1265,Goa -> Delhi
3379,Goa,Delhi,24-06-2022,28-06-2022,IndiGo,6E- 744,07:20,12:10,04h 50m,1-stop,14241,2,24-06-2022 02:00,Night,4,290,Goa -> Delhi
3380,Goa,Delhi,24-06-2022,28-06-2022,IndiGo,6E- 813,14:30,20:00,05h 30m,1-stop,14241,0,24-06-2022 00:00,Night,4,330,Goa -> Delhi
3381,Goa,Delhi,24-06-2022,28-06-2022,IndiGo,6E- 744,07:20,13:55,06h 35m,1-stop,14241,23,24-06-2022 23:00,Night,4,395,Goa -> Delhi
3382,Goa,Delhi,24-06-2022,28-06-2022,IndiGo,6E- 813,14:30,22:20,07h 50m,1-stop,14241,3,24-06-2022 03:00,Night,4,470,Goa -> Delhi
3383,Goa,Delhi,24-06-2022,28-06-2022,Vistara,UK-842,13:20,23:00,09h 40m,2+-stop,14555,5,24-06-2022 05:00,Morning,4,580,Goa -> Delhi
3386,Goa,Delhi,24-06-2022,28-06-2022,IndiGo,6E- 948,02:25,08:45,06h 20m,1-stop,14708,8,24-06-2022 08:00,Morning,4,380,Goa -> Delhi
3387,Goa,Delhi,24-06-2022,28-06-2022,IndiGo,6E- 921,08:15,14:40,06h 25m,1-stop,14708,21,24-06-2022 21:00,Night,4,385,Goa -> Delhi
3388,Goa,Delhi,24-06-2022,28-06-2022,IndiGo,6E- 712,14:45,21:15,06h 30m,1-stop,14708,13,24-06-2022 13:00,Afternoon,4,390,Goa -> Delhi
3392,Goa,Delhi,24-06-2022,28-06-2022,Vistara,UK-842,13:20,19:50,30h 30m,2+-stop,15337,11,24-06-2022 11:00,Morning,4,1830,Goa -> Delhi
3393,Goa,Delhi,24-06-2022,28-06-2022,Vistara,UK-842,13:20,19:50,30h 30m,2+-stop,15337,19,24-06-2022 19:00,Evening,4,1830,Goa -> Delhi
3395,Goa,Delhi,24-06-2022,28-06-2022,Vistara,UK-842,13:20,16:30,27h 10m,2+-stop,15969,23,24-06-2022 23:00,Night,4,1630,Goa -> Delhi
3396,Goa,Delhi,24-06-2022,28-06-2022,Vistara,UK-842,13:20,16:30,27h 10m,2+-stop,15969,3,24-06-2022 03:00,Night,4,1630,Goa -> Delhi
3397,Goa,Delhi,24-06-2022,28-06-2022,Vistara,UK-868,14:40,20:20,05h 40m,1-stop,16445,20,24-06-2022 20:00,Evening,4,340,Goa -> Delhi
3398,Goa,Delhi,24-06-2022,28-06-2022,Vistara,UK-868,14:40,21:30,06h 50m,1-stop,16445,23,24-06-2022 23:00,Night,4,410,Goa -> Delhi
3399,Goa,Delhi,24-06-2022,28-06-2022,Vistara,UK-868,14:40,22:25,07h 45m,1-stop,16445,11,24-06-2022 11:00,Morning,4,465,Goa -> Delhi
3400,Goa,Delhi,24-06-2022,28-06-2022,Vistara,UK-842,13:20,22:45,09h 25m,2+-stop,16650,9,24-06-2022 09:00,Morning,4,565,Goa -> Delhi
3401,Goa,Delhi,24-06-2022,28-06-2022,Vistara,UK-868,14:40,09:00,18h 20m,1-stop,16650,21,24-06-2022 21:00,Night,4,1100,Goa -> Delhi
3402,Goa,Delhi,24-06-2022,28-06-2022,Vistara,UK-842,13:20,09:00,19h 40m,2+-stop,16650,6,24-06-2022 06:00,Morning,4,1180,Goa -> Delhi
3403,Goa,Delhi,24-06-2022,28-06-2022,Vistara,UK-842,13:20,09:00,19h 40m,2+-stop,16650,2,24-06-2022 02:00,Night,4,1180,Goa -> Delhi
3404,Goa,Delhi,24-06-2022,28-06-2022,Vistara,UK-842,13:20,09:00,19h 40m,2+-stop,16650,22,24-06-2022 22:00,Night,4,1180,Goa -> Delhi
3405,Goa,Delhi,24-06-2022,28-06-2022,Vistara,UK-868,14:40,15:35,24h 55m,1-stop,16650,13,24-06-2022 13:00,Afternoon,4,1495,Goa -> Delhi
3406,Goa,Delhi,24-06-2022,28-06-2022,Vistara,UK-842,13:20,15:35,26h 15m,2+-stop,16650,23,24-06-2022 23:00,Night,4,1575,Goa -> Delhi
3407,Goa,Delhi,24-06-2022,28-06-2022,Vistara,UK-842,13:20,15:35,26h 15m,2+-stop,16650,9,24-06-2022 09:00,Morning,4,1575,Goa -> Delhi
3408,Goa,Delhi,24-06-2022,28-06-2022,Vistara,UK-842,13:20,15:35,26h 15m,2+-stop,16650,15,24-06-2022 15:00,Afternoon,4,1575,Goa -> Delhi
3409,Goa,Delhi,24-06-2022,28-06-2022,Vistara,UK-842,13:20,15:35,26h 15m,2+-stop,16650,15,24-06-2022 15:00,Afternoon,4,1575,Goa -> Delhi
3410,Goa,Delhi,24-06-2022,28-06-2022,Vistara,UK-842,13:20,16:45,27h 25m,2+-stop,16907,21,24-06-2022 21:00,Night,4,1645,Goa -> Delhi
3411,Goa,Delhi,24-06-2022,28-06-2022,Vistara,UK-868,14:40,12:30,21h 50m,1-stop,16967,9,24-06-2022 09:00,Morning,4,1310,Goa -> Delhi
3412,Goa,Delhi,24-06-2022,28-06-2022,Vistara,UK-868,14:40,23:50,09h 10m,1-stop,18755,12,24-06-2022 12:00,Afternoon,4,550,Goa -> Delhi
3417,Goa,Delhi,24-06-2022,29-06-2022,IndiGo,6E-6532,00:50,03:25,02h 35m,non-stop,9621,5,24-06-2022 05:00,Morning,5,155,Goa -> Delhi
3418,Goa,Delhi,24-06-2022,29-06-2022,IndiGo,6E-2336,22:00,00:35,02h 35m,non-stop,9621,11,24-06-2022 11:00,Morning,5,155,Goa -> Delhi
3419,Goa,Delhi,24-06-2022,29-06-2022,SpiceJet,SG- 454,13:30,22:00,08h 30m,1-stop,9621,8,24-06-2022 08:00,Morning,5,510,Goa -> Delhi
3420,Goa,Delhi,24-06-2022,29-06-2022,SpiceJet,SG- 487,17:35,03:00,09h 25m,1-stop,9621,12,24-06-2022 12:00,Afternoon,5,565,Goa -> Delhi
3421,Goa,Delhi,24-06-2022,29-06-2022,SpiceJet,SG- 454,13:30,03:00,13h 30m,1-stop,9621,3,24-06-2022 03:00,Night,5,810,Goa -> Delhi
3422,Goa,Delhi,24-06-2022,29-06-2022,SpiceJet,SG- 487,17:35,09:35,16h 00m,1-stop,9621,23,24-06-2022 23:00,Night,5,960,Goa -> Delhi
3423,Goa,Delhi,24-06-2022,29-06-2022,SpiceJet,SG- 454,13:30,09:35,20h 05m,1-stop,9621,10,24-06-2022 10:00,Morning,5,1205,Goa -> Delhi
3424,Goa,Delhi,24-06-2022,29-06-2022,SpiceJet,SG- 487,17:35,18:20,24h 45m,1-stop,9621,19,24-06-2022 19:00,Evening,5,1485,Goa -> Delhi
3425,Goa,Delhi,24-06-2022,29-06-2022,SpiceJet,SG-8172,15:05,17:45,02h 40m,non-stop,9621,17,24-06-2022 17:00,Evening,5,160,Goa -> Delhi
3426,Goa,Delhi,24-06-2022,29-06-2022,SpiceJet,SG- 958,18:10,21:10,03h 00m,non-stop,9621,10,24-06-2022 10:00,Morning,5,180,Goa -> Delhi
3427,Goa,Delhi,24-06-2022,29-06-2022,IndiGo,6E-2044,13:00,15:35,02h 35m,non-stop,9621,20,24-06-2022 20:00,Evening,5,155,Goa -> Delhi
3428,Goa,Delhi,24-06-2022,29-06-2022,IndiGo,6E-2183,15:25,18:00,02h 35m,non-stop,9621,3,24-06-2022 03:00,Night,5,155,Goa -> Delhi
3429,Goa,Delhi,24-06-2022,29-06-2022,IndiGo,6E-2332,14:05,16:50,02h 45m,non-stop,9621,17,24-06-2022 17:00,Evening,5,165,Goa -> Delhi
3430,Goa,Delhi,24-06-2022,29-06-2022,IndiGo,6E-2119,19:15,22:00,02h 45m,non-stop,9621,0,24-06-2022 00:00,Night,5,165,Goa -> Delhi
3431,Goa,Delhi,24-06-2022,29-06-2022,GO FIRST,G8- 372,18:25,23:35,05h 10m,1-stop,9621,6,24-06-2022 06:00,Morning,5,310,Goa -> Delhi
3432,Goa,Delhi,24-06-2022,29-06-2022,GO FIRST,G8- 381,06:40,12:05,05h 25m,1-stop,9621,5,24-06-2022 05:00,Morning,5,325,Goa -> Delhi
3433,Goa,Delhi,24-06-2022,29-06-2022,GO FIRST,G8- 332,13:15,19:00,05h 45m,1-stop,9621,14,24-06-2022 14:00,Afternoon,5,345,Goa -> Delhi
3434,Goa,Delhi,24-06-2022,29-06-2022,GO FIRST,G8- 315,17:10,23:35,06h 25m,1-stop,9621,17,24-06-2022 17:00,Evening,5,385,Goa -> Delhi
3435,Goa,Delhi,24-06-2022,29-06-2022,GO FIRST,G8- 372,18:25,00:50,06h 25m,1-stop,9621,23,24-06-2022 23:00,Night,5,385,Goa -> Delhi
3436,Goa,Delhi,24-06-2022,29-06-2022,GO FIRST,G8- 332,13:15,20:05,06h 50m,1-stop,9621,10,24-06-2022 10:00,Morning,5,410,Goa -> Delhi
3437,Goa,Delhi,24-06-2022,29-06-2022,GO FIRST,G8- 315,17:10,00:50,07h 40m,1-stop,9621,19,24-06-2022 19:00,Evening,5,460,Goa -> Delhi
3438,Goa,Delhi,24-06-2022,29-06-2022,GO FIRST,G8- 372,18:25,02:20,07h 55m,1-stop,9621,23,24-06-2022 23:00,Night,5,475,Goa -> Delhi
3439,Goa,Delhi,24-06-2022,29-06-2022,GO FIRST,G8- 315,17:10,02:20,09h 10m,1-stop,9621,14,24-06-2022 14:00,Afternoon,5,550,Goa -> Delhi
3440,Goa,Delhi,24-06-2022,29-06-2022,GO FIRST,G8- 332,13:15,23:35,10h 20m,1-stop,9621,15,24-06-2022 15:00,Afternoon,5,620,Goa -> Delhi
3441,Goa,Delhi,24-06-2022,29-06-2022,GO FIRST,G8- 286,13:50,00:15,10h 25m,1-stop,9621,6,24-06-2022 06:00,Morning,5,625,Goa -> Delhi
3442,Goa,Delhi,24-06-2022,29-06-2022,GO FIRST,G8- 332,13:15,00:50,11h 35m,1-stop,9621,20,24-06-2022 20:00,Evening,5,695,Goa -> Delhi
3443,Goa,Delhi,24-06-2022,29-06-2022,GO FIRST,G8- 381,06:40,19:00,12h 20m,1-stop,9621,9,24-06-2022 09:00,Morning,5,740,Goa -> Delhi
3444,Goa,Delhi,24-06-2022,29-06-2022,GO FIRST,G8- 332,13:15,02:20,13h 05m,1-stop,9621,11,24-06-2022 11:00,Morning,5,785,Goa -> Delhi
3445,Goa,Delhi,24-06-2022,29-06-2022,GO FIRST,G8- 381,06:40,20:05,13h 25m,1-stop,9621,23,24-06-2022 23:00,Night,5,805,Goa -> Delhi
3446,Goa,Delhi,24-06-2022,29-06-2022,GO FIRST,G8- 372,18:25,08:00,13h 35m,1-stop,9621,13,24-06-2022 13:00,Afternoon,5,815,Goa -> Delhi
3447,Goa,Delhi,24-06-2022,29-06-2022,GO FIRST,G8- 315,17:10,08:00,14h 50m,1-stop,9621,4,24-06-2022 04:00,Night,5,890,Goa -> Delhi
3457,Goa,Delhi,24-06-2022,29-06-2022,IndiGo,6E- 744,07:20,12:10,04h 50m,1-stop,9936,20,24-06-2022 20:00,Evening,5,290,Goa -> Delhi
3458,Goa,Delhi,24-06-2022,29-06-2022,IndiGo,6E- 137,06:45,11:40,04h 55m,1-stop,9936,17,24-06-2022 17:00,Evening,5,295,Goa -> Delhi
3459,Goa,Delhi,24-06-2022,29-06-2022,IndiGo,6E-6097,13:10,18:10,05h 00m,1-stop,9936,4,24-06-2022 04:00,Night,5,300,Goa -> Delhi
3460,Goa,Delhi,24-06-2022,29-06-2022,IndiGo,6E-6236,02:05,07:15,05h 10m,1-stop,9936,2,24-06-2022 02:00,Night,5,310,Goa -> Delhi
3461,Goa,Delhi,24-06-2022,29-06-2022,IndiGo,6E- 714,16:30,21:40,05h 10m,1-stop,9936,22,24-06-2022 22:00,Night,5,310,Goa -> Delhi
3462,Goa,Delhi,24-06-2022,29-06-2022,IndiGo,6E-6877,01:40,06:55,05h 15m,1-stop,9936,4,24-06-2022 04:00,Night,5,315,Goa -> Delhi
3463,Goa,Delhi,24-06-2022,29-06-2022,IndiGo,6E- 468,18:10,23:30,05h 20m,1-stop,9936,23,24-06-2022 23:00,Night,5,320,Goa -> Delhi
3464,Goa,Delhi,24-06-2022,29-06-2022,IndiGo,6E- 813,14:30,20:00,05h 30m,1-stop,9936,16,24-06-2022 16:00,Afternoon,5,330,Goa -> Delhi
3465,Goa,Delhi,24-06-2022,29-06-2022,IndiGo,6E- 137,06:45,12:20,05h 35m,1-stop,9936,18,24-06-2022 18:00,Evening,5,335,Goa -> Delhi
3466,Goa,Delhi,24-06-2022,29-06-2022,IndiGo,6E-6811,18:30,00:25,05h 55m,1-stop,9936,18,24-06-2022 18:00,Evening,5,355,Goa -> Delhi
3467,Goa,Delhi,24-06-2022,29-06-2022,IndiGo,6E-5029,19:50,01:45,05h 55m,1-stop,9936,20,24-06-2022 20:00,Evening,5,355,Goa -> Delhi
3468,Goa,Delhi,24-06-2022,29-06-2022,IndiGo,6E- 381,14:40,20:45,06h 05m,1-stop,9936,11,24-06-2022 11:00,Morning,5,365,Goa -> Delhi
3469,Goa,Delhi,24-06-2022,29-06-2022,IndiGo,6E- 418,17:15,23:20,06h 05m,1-stop,9936,8,24-06-2022 08:00,Morning,5,365,Goa -> Delhi
3470,Goa,Delhi,24-06-2022,29-06-2022,IndiGo,6E-6097,13:10,19:25,06h 15m,1-stop,9936,0,24-06-2022 00:00,Night,5,375,Goa -> Delhi
3471,Goa,Delhi,24-06-2022,29-06-2022,IndiGo,6E- 948,02:25,08:45,06h 20m,1-stop,9936,17,24-06-2022 17:00,Evening,5,380,Goa -> Delhi
3472,Goa,Delhi,24-06-2022,29-06-2022,IndiGo,6E- 589,21:10,03:30,06h 20m,1-stop,9936,20,24-06-2022 20:00,Evening,5,380,Goa -> Delhi
3473,Goa,Delhi,24-06-2022,29-06-2022,IndiGo,6E- 921,08:15,14:40,06h 25m,1-stop,9936,3,24-06-2022 03:00,Night,5,385,Goa -> Delhi
3474,Goa,Delhi,24-06-2022,29-06-2022,IndiGo,6E- 714,16:30,22:55,06h 25m,1-stop,9936,9,24-06-2022 09:00,Morning,5,385,Goa -> Delhi
3475,Goa,Delhi,24-06-2022,29-06-2022,IndiGo,6E- 712,14:45,21:15,06h 30m,1-stop,9936,6,24-06-2022 06:00,Morning,5,390,Goa -> Delhi
3476,Goa,Delhi,24-06-2022,29-06-2022,IndiGo,6E- 744,07:20,13:55,06h 35m,1-stop,9936,21,24-06-2022 21:00,Night,5,395,Goa -> Delhi
3477,Goa,Delhi,24-06-2022,29-06-2022,IndiGo,6E- 468,18:10,00:45,06h 35m,1-stop,9936,22,24-06-2022 22:00,Night,5,395,Goa -> Delhi
3478,Goa,Delhi,24-06-2022,29-06-2022,IndiGo,6E-6023,23:05,05:50,06h 45m,1-stop,9936,0,24-06-2022 00:00,Night,5,405,Goa -> Delhi
3479,Goa,Delhi,24-06-2022,29-06-2022,IndiGo,6E-6386,18:40,01:40,07h 00m,1-stop,9936,16,24-06-2022 16:00,Afternoon,5,420,Goa -> Delhi
3480,Goa,Delhi,24-06-2022,29-06-2022,IndiGo,6E-6236,02:05,09:15,07h 10m,1-stop,9936,23,24-06-2022 23:00,Night,5,430,Goa -> Delhi
3481,Goa,Delhi,24-06-2022,29-06-2022,IndiGo,6E- 381,14:40,22:00,07h 20m,1-stop,9936,1,24-06-2022 01:00,Night,5,440,Goa -> Delhi
3482,Goa,Delhi,24-06-2022,29-06-2022,IndiGo,6E- 137,06:45,14:10,07h 25m,1-stop,9936,10,24-06-2022 10:00,Morning,5,445,Goa -> Delhi
3483,Goa,Delhi,24-06-2022,29-06-2022,IndiGo,6E-6097,13:10,20:45,07h 35m,1-stop,9936,8,24-06-2022 08:00,Morning,5,455,Goa -> Delhi
3484,Goa,Delhi,24-06-2022,29-06-2022,IndiGo,6E- 617,01:30,09:20,07h 50m,1-stop,9936,6,24-06-2022 06:00,Morning,5,470,Goa -> Delhi
3485,Goa,Delhi,24-06-2022,29-06-2022,IndiGo,6E- 813,14:30,22:20,07h 50m,1-stop,9936,21,24-06-2022 21:00,Night,5,470,Goa -> Delhi
3486,Goa,Delhi,24-06-2022,29-06-2022,IndiGo,6E-6065,23:30,07:30,08h 00m,1-stop,9936,16,24-06-2022 16:00,Afternoon,5,480,Goa -> Delhi
3487,Goa,Delhi,24-06-2022,29-06-2022,GO FIRST,G8- 285,17:25,20:10,02h 45m,non-stop,10167,16,24-06-2022 16:00,Afternoon,5,165,Goa -> Delhi
3488,Goa,Delhi,24-06-2022,29-06-2022,Vistara,UK-848,14:25,17:05,02h 40m,non-stop,10357,1,24-06-2022 01:00,Night,5,160,Goa -> Delhi
3489,Goa,Delhi,24-06-2022,29-06-2022,Vistara,UK-856,21:55,00:40,02h 45m,non-stop,10357,5,24-06-2022 05:00,Morning,5,165,Goa -> Delhi
3493,Goa,Delhi,24-06-2022,29-06-2022,Vistara,UK-842,13:20,08:20,19h 00m,2+-stop,13534,13,24-06-2022 13:00,Afternoon,5,1140,Goa -> Delhi
3494,Goa,Delhi,24-06-2022,29-06-2022,Vistara,UK-842,13:20,18:05,04h 45m,2+-stop,13818,5,24-06-2022 05:00,Morning,5,285,Goa -> Delhi
3495,Goa,Delhi,24-06-2022,29-06-2022,Vistara,UK-842,13:20,19:45,06h 25m,2+-stop,13818,1,24-06-2022 01:00,Night,5,385,Goa -> Delhi
3496,Goa,Delhi,24-06-2022,29-06-2022,Vistara,UK-842,13:20,20:40,07h 20m,2+-stop,13818,0,24-06-2022 00:00,Night,5,440,Goa -> Delhi
3497,Goa,Delhi,24-06-2022,29-06-2022,Vistara,UK-842,13:20,21:55,08h 35m,2+-stop,13818,9,24-06-2022 09:00,Morning,5,515,Goa -> Delhi
3498,Goa,Delhi,24-06-2022,29-06-2022,Vistara,UK-842,13:20,23:00,09h 40m,2+-stop,13818,20,24-06-2022 20:00,Evening,5,580,Goa -> Delhi
3499,Goa,Delhi,24-06-2022,29-06-2022,Vistara,UK-842,13:20,00:10,10h 50m,2+-stop,13818,4,24-06-2022 04:00,Night,5,650,Goa -> Delhi
3500,Goa,Delhi,24-06-2022,29-06-2022,Vistara,UK-842,13:20,00:55,11h 35m,2+-stop,13818,1,24-06-2022 01:00,Night,5,695,Goa -> Delhi
3501,Goa,Delhi,24-06-2022,29-06-2022,Vistara,UK-842,13:20,08:05,18h 45m,2+-stop,13818,21,24-06-2022 21:00,Night,5,1125,Goa -> Delhi
3502,Goa,Delhi,24-06-2022,29-06-2022,Vistara,UK-842,13:20,10:25,21h 05m,2+-stop,13851,15,24-06-2022 15:00,Afternoon,5,1265,Goa -> Delhi
3520,Goa,Delhi,24-06-2022,29-06-2022,GO FIRST,G8- 914,21:55,09:40,11h 45m,1-stop,14256,1,24-06-2022 01:00,Night,5,705,Goa -> Delhi
3521,Goa,Delhi,24-06-2022,29-06-2022,Vistara,UK-842,13:20,19:50,30h 30m,2+-stop,15337,9,24-06-2022 09:00,Morning,5,1830,Goa -> Delhi
3522,Goa,Delhi,24-06-2022,29-06-2022,Vistara,UK-842,13:20,19:50,30h 30m,2+-stop,15337,1,24-06-2022 01:00,Night,5,1830,Goa -> Delhi
3524,Goa,Delhi,24-06-2022,29-06-2022,Vistara,UK-842,13:20,16:30,27h 10m,2+-stop,15654,15,24-06-2022 15:00,Afternoon,5,1630,Goa -> Delhi
3525,Goa,Delhi,24-06-2022,29-06-2022,Vistara,UK-842,13:20,16:30,27h 10m,2+-stop,15654,15,24-06-2022 15:00,Afternoon,5,1630,Goa -> Delhi
3526,Goa,Delhi,24-06-2022,29-06-2022,Vistara,UK-868,14:40,22:25,07h 45m,1-stop,15920,18,24-06-2022 18:00,Evening,5,465,Goa -> Delhi
3527,Goa,Delhi,24-06-2022,29-06-2022,Vistara,UK-842,13:20,09:00,19h 40m,2+-stop,16650,6,24-06-2022 06:00,Morning,5,1180,Goa -> Delhi
3528,Goa,Delhi,24-06-2022,29-06-2022,Vistara,UK-842,13:20,09:00,19h 40m,2+-stop,16650,21,24-06-2022 21:00,Night,5,1180,Goa -> Delhi
3529,Goa,Delhi,24-06-2022,29-06-2022,Vistara,UK-842,13:20,09:00,19h 40m,2+-stop,16650,11,24-06-2022 11:00,Morning,5,1180,Goa -> Delhi
3530,Goa,Delhi,24-06-2022,29-06-2022,Vistara,UK-868,14:40,19:55,29h 15m,1-stop,16650,23,24-06-2022 23:00,Night,5,1755,Goa -> Delhi
3531,Goa,Delhi,24-06-2022,29-06-2022,Vistara,UK-842,13:20,22:45,09h 25m,2+-stop,16967,14,24-06-2022 14:00,Afternoon,5,565,Goa -> Delhi
3532,Goa,Delhi,24-06-2022,29-06-2022,Vistara,UK-868,14:40,15:35,24h 55m,1-stop,16967,7,24-06-2022 07:00,Morning,5,1495,Goa -> Delhi
3533,Goa,Delhi,24-06-2022,29-06-2022,Vistara,UK-842,13:20,15:35,26h 15m,2+-stop,16967,5,24-06-2022 05:00,Morning,5,1575,Goa -> Delhi
3534,Goa,Delhi,24-06-2022,29-06-2022,Vistara,UK-842,13:20,15:35,26h 15m,2+-stop,16967,9,24-06-2022 09:00,Morning,5,1575,Goa -> Delhi
3535,Goa,Delhi,24-06-2022,29-06-2022,Vistara,UK-842,13:20,15:35,26h 15m,2+-stop,16967,2,24-06-2022 02:00,Night,5,1575,Goa -> Delhi
3536,Goa,Delhi,24-06-2022,29-06-2022,Vistara,UK-842,13:20,15:35,26h 15m,2+-stop,16967,18,24-06-2022 18:00,Evening,5,1575,Goa -> Delhi
3537,Goa,Delhi,24-06-2022,29-06-2022,Vistara,UK-868,14:40,09:00,18h 20m,1-stop,17094,16,24-06-2022 16:00,Afternoon,5,1100,Goa -> Delhi
3538,Goa,Delhi,24-06-2022,29-06-2022,Vistara,UK-868,14:40,12:30,21h 50m,1-stop,17387,6,24-06-2022 06:00,Morning,5,1310,Goa -> Delhi
3539,Goa,Delhi,24-06-2022,29-06-2022,Vistara,UK-868,14:40,20:20,05h 40m,1-stop,18755,20,24-06-2022 20:00,Evening,5,340,Goa -> Delhi
3540,Goa,Delhi,24-06-2022,29-06-2022,Vistara,UK-868,14:40,21:30,06h 50m,1-stop,18755,19,24-06-2022 19:00,Evening,5,410,Goa -> Delhi
3543,Goa,Delhi,24-06-2022,29-06-2022,Vistara,UK-868,14:40,23:50,09h 10m,1-stop,26105,3,24-06-2022 03:00,Night,5,550,Goa -> Delhi
3545,Goa,Delhi,24-06-2022,30-06-2022,IndiGo,6E-6532,00:50,03:25,02h 35m,non-stop,9621,13,24-06-2022 13:00,Afternoon,6,155,Goa -> Delhi
3546,Goa,Delhi,24-06-2022,30-06-2022,IndiGo,6E-2336,22:00,00:35,02h 35m,non-stop,9621,19,24-06-2022 19:00,Evening,6,155,Goa -> Delhi
3547,Goa,Delhi,24-06-2022,30-06-2022,SpiceJet,SG- 452,03:45,09:35,05h 50m,1-stop,9621,21,24-06-2022 21:00,Night,6,350,Goa -> Delhi
3548,Goa,Delhi,24-06-2022,30-06-2022,SpiceJet,SG- 454,13:30,22:00,08h 30m,1-stop,9621,14,24-06-2022 14:00,Afternoon,6,510,Goa -> Delhi
3549,Goa,Delhi,24-06-2022,30-06-2022,SpiceJet,SG- 487,17:35,03:00,09h 25m,1-stop,9621,23,24-06-2022 23:00,Night,6,565,Goa -> Delhi
3550,Goa,Delhi,24-06-2022,30-06-2022,SpiceJet,SG- 454,13:30,03:00,13h 30m,1-stop,9621,7,24-06-2022 07:00,Morning,6,810,Goa -> Delhi
3551,Goa,Delhi,24-06-2022,30-06-2022,SpiceJet,SG- 452,03:45,18:20,14h 35m,1-stop,9621,20,24-06-2022 20:00,Evening,6,875,Goa -> Delhi
3552,Goa,Delhi,24-06-2022,30-06-2022,SpiceJet,SG- 487,17:35,09:35,16h 00m,1-stop,9621,14,24-06-2022 14:00,Afternoon,6,960,Goa -> Delhi
3553,Goa,Delhi,24-06-2022,30-06-2022,SpiceJet,SG- 452,03:45,22:00,18h 15m,1-stop,9621,21,24-06-2022 21:00,Night,6,1095,Goa -> Delhi
3554,Goa,Delhi,24-06-2022,30-06-2022,SpiceJet,SG- 454,13:30,09:35,20h 05m,1-stop,9621,19,24-06-2022 19:00,Evening,6,1205,Goa -> Delhi
3555,Goa,Delhi,24-06-2022,30-06-2022,SpiceJet,SG- 452,03:45,03:00,23h 15m,1-stop,9621,13,24-06-2022 13:00,Afternoon,6,1395,Goa -> Delhi
3556,Goa,Delhi,24-06-2022,30-06-2022,SpiceJet,SG-8172,15:05,17:45,02h 40m,non-stop,9621,8,24-06-2022 08:00,Morning,6,160,Goa -> Delhi
3557,Goa,Delhi,24-06-2022,30-06-2022,IndiGo,6E-2183,15:25,18:00,02h 35m,non-stop,9621,7,24-06-2022 07:00,Morning,6,155,Goa -> Delhi
3558,Goa,Delhi,24-06-2022,30-06-2022,IndiGo,6E-2332,14:05,16:50,02h 45m,non-stop,9621,16,24-06-2022 16:00,Afternoon,6,165,Goa -> Delhi
3559,Goa,Delhi,24-06-2022,30-06-2022,IndiGo,6E-2119,19:15,22:00,02h 45m,non-stop,9621,1,24-06-2022 01:00,Night,6,165,Goa -> Delhi
3560,Goa,Delhi,24-06-2022,30-06-2022,GO FIRST,G8- 372,18:25,23:35,05h 10m,1-stop,9621,23,24-06-2022 23:00,Night,6,310,Goa -> Delhi
3561,Goa,Delhi,24-06-2022,30-06-2022,GO FIRST,G8- 381,06:40,12:05,05h 25m,1-stop,9621,2,24-06-2022 02:00,Night,6,325,Goa -> Delhi
3562,Goa,Delhi,24-06-2022,30-06-2022,GO FIRST,G8- 332,13:15,19:00,05h 45m,1-stop,9621,7,24-06-2022 07:00,Morning,6,345,Goa -> Delhi
3563,Goa,Delhi,24-06-2022,30-06-2022,GO FIRST,G8- 315,17:10,23:35,06h 25m,1-stop,9621,11,24-06-2022 11:00,Morning,6,385,Goa -> Delhi
3564,Goa,Delhi,24-06-2022,30-06-2022,GO FIRST,G8- 372,18:25,00:50,06h 25m,1-stop,9621,0,24-06-2022 00:00,Night,6,385,Goa -> Delhi
3565,Goa,Delhi,24-06-2022,30-06-2022,GO FIRST,G8- 381,06:40,13:10,06h 30m,1-stop,9621,9,24-06-2022 09:00,Morning,6,390,Goa -> Delhi
3566,Goa,Delhi,24-06-2022,30-06-2022,GO FIRST,G8- 315,17:10,00:50,07h 40m,1-stop,9621,19,24-06-2022 19:00,Evening,6,460,Goa -> Delhi
3567,Goa,Delhi,24-06-2022,30-06-2022,GO FIRST,G8- 332,13:15,23:35,10h 20m,1-stop,9621,2,24-06-2022 02:00,Night,6,620,Goa -> Delhi
3568,Goa,Delhi,24-06-2022,30-06-2022,GO FIRST,G8- 286,13:50,00:15,10h 25m,1-stop,9621,5,24-06-2022 05:00,Morning,6,625,Goa -> Delhi
3569,Goa,Delhi,24-06-2022,30-06-2022,GO FIRST,G8- 914,21:55,09:00,11h 05m,1-stop,9621,6,24-06-2022 06:00,Morning,6,665,Goa -> Delhi
3570,Goa,Delhi,24-06-2022,30-06-2022,GO FIRST,G8- 332,13:15,00:50,11h 35m,1-stop,9621,19,24-06-2022 19:00,Evening,6,695,Goa -> Delhi
3571,Goa,Delhi,24-06-2022,30-06-2022,GO FIRST,G8- 381,06:40,19:00,12h 20m,1-stop,9621,22,24-06-2022 22:00,Night,6,740,Goa -> Delhi
3572,Goa,Delhi,24-06-2022,30-06-2022,GO FIRST,G8- 372,18:25,08:05,13h 40m,1-stop,9621,17,24-06-2022 17:00,Evening,6,820,Goa -> Delhi
3573,Goa,Delhi,24-06-2022,30-06-2022,GO FIRST,G8- 315,17:10,08:05,14h 55m,1-stop,9621,10,24-06-2022 10:00,Morning,6,895,Goa -> Delhi
3584,Goa,Delhi,24-06-2022,30-06-2022,IndiGo,6E- 744,07:20,12:10,04h 50m,1-stop,9936,18,24-06-2022 18:00,Evening,6,290,Goa -> Delhi
3585,Goa,Delhi,24-06-2022,30-06-2022,IndiGo,6E- 137,06:45,11:40,04h 55m,1-stop,9936,4,24-06-2022 04:00,Night,6,295,Goa -> Delhi
3586,Goa,Delhi,24-06-2022,30-06-2022,IndiGo,6E-6097,13:10,18:10,05h 00m,1-stop,9936,18,24-06-2022 18:00,Evening,6,300,Goa -> Delhi
3587,Goa,Delhi,24-06-2022,30-06-2022,IndiGo,6E-6236,02:05,07:15,05h 10m,1-stop,9936,10,24-06-2022 10:00,Morning,6,310,Goa -> Delhi
3588,Goa,Delhi,24-06-2022,30-06-2022,IndiGo,6E- 714,16:30,21:40,05h 10m,1-stop,9936,23,24-06-2022 23:00,Night,6,310,Goa -> Delhi
3589,Goa,Delhi,24-06-2022,30-06-2022,IndiGo,6E-6877,01:40,06:55,05h 15m,1-stop,9936,11,24-06-2022 11:00,Morning,6,315,Goa -> Delhi
3590,Goa,Delhi,24-06-2022,30-06-2022,IndiGo,6E- 468,18:10,23:30,05h 20m,1-stop,9936,9,24-06-2022 09:00,Morning,6,320,Goa -> Delhi
3591,Goa,Delhi,24-06-2022,30-06-2022,IndiGo,6E- 137,06:45,12:20,05h 35m,1-stop,9936,7,24-06-2022 07:00,Morning,6,335,Goa -> Delhi
3592,Goa,Delhi,24-06-2022,30-06-2022,IndiGo,6E-6811,18:30,00:25,05h 55m,1-stop,9936,23,24-06-2022 23:00,Night,6,355,Goa -> Delhi
3593,Goa,Delhi,24-06-2022,30-06-2022,IndiGo,6E-5029,19:50,01:45,05h 55m,1-stop,9936,8,24-06-2022 08:00,Morning,6,355,Goa -> Delhi
3594,Goa,Delhi,24-06-2022,30-06-2022,IndiGo,6E- 418,17:15,23:20,06h 05m,1-stop,9936,3,24-06-2022 03:00,Night,6,365,Goa -> Delhi
3595,Goa,Delhi,24-06-2022,30-06-2022,IndiGo,6E-6097,13:10,19:25,06h 15m,1-stop,9936,4,24-06-2022 04:00,Night,6,375,Goa -> Delhi
3596,Goa,Delhi,24-06-2022,30-06-2022,IndiGo,6E- 589,21:10,03:30,06h 20m,1-stop,9936,20,24-06-2022 20:00,Evening,6,380,Goa -> Delhi
3597,Goa,Delhi,24-06-2022,30-06-2022,IndiGo,6E- 714,16:30,22:55,06h 25m,1-stop,9936,7,24-06-2022 07:00,Morning,6,385,Goa -> Delhi
3598,Goa,Delhi,24-06-2022,30-06-2022,IndiGo,6E- 744,07:20,13:55,06h 35m,1-stop,9936,22,24-06-2022 22:00,Night,6,395,Goa -> Delhi
3599,Goa,Delhi,24-06-2022,30-06-2022,IndiGo,6E- 468,18:10,00:45,06h 35m,1-stop,9936,8,24-06-2022 08:00,Morning,6,395,Goa -> Delhi
3600,Goa,Delhi,24-06-2022,30-06-2022,IndiGo,6E-6023,23:05,05:50,06h 45m,1-stop,9936,14,24-06-2022 14:00,Afternoon,6,405,Goa -> Delhi
3601,Goa,Delhi,24-06-2022,30-06-2022,IndiGo,6E-6386,18:40,01:40,07h 00m,1-stop,9936,14,24-06-2022 14:00,Afternoon,6,420,Goa -> Delhi
3602,Goa,Delhi,24-06-2022,30-06-2022,IndiGo,6E-6236,02:05,09:15,07h 10m,1-stop,9936,15,24-06-2022 15:00,Afternoon,6,430,Goa -> Delhi
3603,Goa,Delhi,24-06-2022,30-06-2022,IndiGo,6E- 137,06:45,14:10,07h 25m,1-stop,9936,13,24-06-2022 13:00,Afternoon,6,445,Goa -> Delhi
3604,Goa,Delhi,24-06-2022,30-06-2022,IndiGo,6E-6097,13:10,20:45,07h 35m,1-stop,9936,7,24-06-2022 07:00,Morning,6,455,Goa -> Delhi
3605,Goa,Delhi,24-06-2022,30-06-2022,GO FIRST,G8- 285,17:25,20:10,02h 45m,non-stop,10167,17,24-06-2022 17:00,Evening,6,165,Goa -> Delhi
3606,Goa,Delhi,24-06-2022,30-06-2022,IndiGo,6E-2044,13:00,15:35,02h 35m,non-stop,10199,9,24-06-2022 09:00,Morning,6,155,Goa -> Delhi
3607,Goa,Delhi,24-06-2022,30-06-2022,Vistara,UK-856,21:55,00:40,02h 45m,non-stop,10357,19,24-06-2022 19:00,Evening,6,165,Goa -> Delhi
3608,Goa,Delhi,24-06-2022,30-06-2022,IndiGo,6E- 948,02:25,08:45,06h 20m,1-stop,10466,5,24-06-2022 05:00,Morning,6,380,Goa -> Delhi
3609,Goa,Delhi,24-06-2022,30-06-2022,IndiGo,6E- 921,08:15,14:40,06h 25m,1-stop,10466,11,24-06-2022 11:00,Morning,6,385,Goa -> Delhi
3610,Goa,Delhi,24-06-2022,30-06-2022,IndiGo,6E- 813,14:30,22:20,07h 50m,1-stop,10466,1,24-06-2022 01:00,Night,6,470,Goa -> Delhi
3611,Goa,Delhi,24-06-2022,30-06-2022,Vistara,UK-848,14:25,17:05,02h 40m,non-stop,10882,6,24-06-2022 06:00,Morning,6,160,Goa -> Delhi
3612,Goa,Delhi,24-06-2022,30-06-2022,IndiGo,6E- 813,14:30,20:00,05h 30m,1-stop,11527,15,24-06-2022 15:00,Afternoon,6,330,Goa -> Delhi
3613,Goa,Delhi,24-06-2022,30-06-2022,IndiGo,6E- 381,14:40,22:00,07h 20m,1-stop,11527,2,24-06-2022 02:00,Night,6,440,Goa -> Delhi
3614,Goa,Delhi,24-06-2022,30-06-2022,IndiGo,6E- 637,15:15,19:40,04h 25m,1-stop,12057,12,24-06-2022 12:00,Afternoon,6,265,Goa -> Delhi
3615,Goa,Delhi,24-06-2022,30-06-2022,IndiGo,6E- 637,15:15,20:55,05h 40m,1-stop,12057,2,24-06-2022 02:00,Night,6,340,Goa -> Delhi
3635,Goa,Delhi,24-06-2022,30-06-2022,Vistara,UK-842,13:20,18:05,04h 45m,1-stop,14135,17,24-06-2022 17:00,Evening,6,285,Goa -> Delhi
3636,Goa,Delhi,24-06-2022,30-06-2022,Vistara,UK-842,13:20,19:45,06h 25m,1-stop,14135,10,24-06-2022 10:00,Morning,6,385,Goa -> Delhi
3637,Goa,Delhi,24-06-2022,30-06-2022,Vistara,UK-842,13:20,23:00,09h 40m,1-stop,14135,7,24-06-2022 07:00,Morning,6,580,Goa -> Delhi
3638,Goa,Delhi,24-06-2022,30-06-2022,Vistara,UK-842,13:20,00:10,10h 50m,1-stop,14135,5,24-06-2022 05:00,Morning,6,650,Goa -> Delhi
3639,Goa,Delhi,24-06-2022,30-06-2022,Vistara,UK-842,13:20,00:55,11h 35m,1-stop,14135,0,24-06-2022 00:00,Night,6,695,Goa -> Delhi
3640,Goa,Delhi,24-06-2022,30-06-2022,IndiGo,6E- 712,14:45,21:15,06h 30m,1-stop,14178,0,24-06-2022 00:00,Night,6,390,Goa -> Delhi
3646,Goa,Delhi,24-06-2022,30-06-2022,Vistara,UK-842,13:20,20:40,07h 20m,1-stop,14872,22,24-06-2022 22:00,Night,6,440,Goa -> Delhi
3647,Goa,Delhi,24-06-2022,30-06-2022,Vistara,UK-842,13:20,21:55,08h 35m,1-stop,14872,7,24-06-2022 07:00,Morning,6,515,Goa -> Delhi
3648,Goa,Delhi,24-06-2022,30-06-2022,IndiGo,6E- 381,14:40,20:45,06h 05m,1-stop,15554,4,24-06-2022 04:00,Night,6,365,Goa -> Delhi
3649,Goa,Delhi,24-06-2022,30-06-2022,Vistara,UK-842,13:20,16:30,27h 10m,1-stop,15781,15,24-06-2022 15:00,Afternoon,6,1630,Goa -> Delhi
3650,Goa,Delhi,24-06-2022,30-06-2022,Vistara,UK-842,13:20,16:30,27h 10m,1-stop,15781,10,24-06-2022 10:00,Morning,6,1630,Goa -> Delhi
3651,Goa,Delhi,24-06-2022,30-06-2022,Vistara,UK-842,13:20,19:50,30h 30m,1-stop,15781,4,24-06-2022 04:00,Night,6,1830,Goa -> Delhi
3652,Goa,Delhi,24-06-2022,30-06-2022,Vistara,UK-842,13:20,19:50,30h 30m,1-stop,15781,3,24-06-2022 03:00,Night,6,1830,Goa -> Delhi
3653,Goa,Delhi,24-06-2022,30-06-2022,Vistara,UK-868,14:40,22:25,07h 45m,1-stop,16445,5,24-06-2022 05:00,Morning,6,465,Goa -> Delhi
3654,Goa,Delhi,24-06-2022,30-06-2022,Vistara,UK-868,14:40,23:50,09h 10m,1-stop,16445,13,24-06-2022 13:00,Afternoon,6,550,Goa -> Delhi
3655,Goa,Delhi,24-06-2022,30-06-2022,Vistara,UK-868,14:40,15:35,24h 55m,1-stop,16967,21,24-06-2022 21:00,Night,6,1495,Goa -> Delhi
3656,Goa,Delhi,24-06-2022,30-06-2022,Vistara,UK-868,14:40,15:35,24h 55m,1-stop,16967,18,24-06-2022 18:00,Evening,6,1495,Goa -> Delhi
3657,Goa,Delhi,24-06-2022,30-06-2022,Vistara,UK-868,14:40,12:30,21h 50m,1-stop,17387,8,24-06-2022 08:00,Morning,6,1310,Goa -> Delhi
3658,Goa,Delhi,24-06-2022,30-06-2022,Vistara,UK-868,14:40,12:30,21h 50m,1-stop,17387,11,24-06-2022 11:00,Morning,6,1310,Goa -> Delhi
3659,Goa,Delhi,24-06-2022,30-06-2022,Vistara,UK-842,13:20,15:35,26h 15m,1-stop,17411,10,24-06-2022 10:00,Morning,6,1575,Goa -> Delhi
3660,Goa,Delhi,24-06-2022,30-06-2022,Vistara,UK-842,13:20,15:35,26h 15m,1-stop,17411,13,24-06-2022 13:00,Afternoon,6,1575,Goa -> Delhi
3661,Goa,Delhi,24-06-2022,30-06-2022,Vistara,UK-842,13:20,15:35,26h 15m,1-stop,17411,22,24-06-2022 22:00,Night,6,1575,Goa -> Delhi
3662,Goa,Delhi,24-06-2022,30-06-2022,Vistara,UK-868,14:40,09:00,18h 20m,1-stop,17649,15,24-06-2022 15:00,Afternoon,6,1100,Goa -> Delhi
3663,Goa,Delhi,24-06-2022,30-06-2022,Vistara,UK-868,14:40,20:20,05h 40m,1-stop,17705,0,24-06-2022 00:00,Night,6,340,Goa -> Delhi
3664,Goa,Delhi,24-06-2022,30-06-2022,Vistara,UK-842,13:20,09:00,19h 40m,1-stop,18093,12,24-06-2022 12:00,Afternoon,6,1180,Goa -> Delhi
3665,Goa,Delhi,24-06-2022,30-06-2022,Vistara,UK-842,13:20,09:00,19h 40m,1-stop,18093,22,24-06-2022 22:00,Night,6,1180,Goa -> Delhi
3666,Goa,Delhi,24-06-2022,30-06-2022,Vistara,UK-842,13:20,09:00,19h 40m,1-stop,18093,20,24-06-2022 20:00,Evening,6,1180,Goa -> Delhi
3667,Goa,Delhi,24-06-2022,30-06-2022,Vistara,UK-842,13:20,22:45,09h 25m,1-stop,18356,20,24-06-2022 20:00,Evening,6,565,Goa -> Delhi
3668,Goa,Delhi,24-06-2022,30-06-2022,Vistara,UK-868,14:40,21:30,06h 50m,1-stop,18755,12,24-06-2022 12:00,Afternoon,6,410,Goa -> Delhi
3672,Bangalore,Delhi,24-06-2022,24-06-2022,Air Asia,I5-1427,21:15,12:05,14h 50m,1-stop,9678,1,24-06-2022 01:00,Night,0,890,Bangalore -> Delhi
3673,Bangalore,Delhi,24-06-2022,24-06-2022,Air Asia,I5-749,22:30,01:20,02h 50m,non-stop,10832,3,24-06-2022 03:00,Night,0,170,Bangalore -> Delhi
3674,Bangalore,Delhi,24-06-2022,24-06-2022,IndiGo,6E-2053,23:10,02:00,02h 50m,non-stop,10782,5,24-06-2022 05:00,Morning,0,170,Bangalore -> Delhi
3676,Bangalore,Delhi,24-06-2022,24-06-2022,Vistara,UK-814,21:15,23:50,02h 35m,non-stop,12199,22,24-06-2022 22:00,Night,0,155,Bangalore -> Delhi
3677,Bangalore,Delhi,24-06-2022,24-06-2022,Air Asia,I5-974,22:15,03:45,05h 30m,1-stop,12515,4,24-06-2022 04:00,Night,0,330,Bangalore -> Delhi
3678,Bangalore,Delhi,24-06-2022,24-06-2022,Vistara,UK-866,21:40,08:05,10h 25m,1-stop,17867,2,24-06-2022 02:00,Night,0,625,Bangalore -> Delhi
3679,Bangalore,Delhi,24-06-2022,24-06-2022,Vistara,UK-866,21:40,08:35,10h 55m,1-stop,17867,0,24-06-2022 00:00,Night,0,655,Bangalore -> Delhi
3680,Bangalore,Delhi,24-06-2022,24-06-2022,Vistara,UK-866,21:40,09:40,12h 00m,1-stop,17867,3,24-06-2022 03:00,Night,0,720,Bangalore -> Delhi
3681,Bangalore,Delhi,24-06-2022,24-06-2022,Vistara,UK-866,21:40,14:05,16h 25m,1-stop,17867,19,24-06-2022 19:00,Evening,0,985,Bangalore -> Delhi
3682,Bangalore,Delhi,24-06-2022,24-06-2022,Vistara,UK-866,21:40,16:55,19h 15m,1-stop,17867,1,24-06-2022 01:00,Night,0,1155,Bangalore -> Delhi
3683,Bangalore,Delhi,24-06-2022,24-06-2022,Vistara,UK-866,21:40,18:05,20h 25m,1-stop,17867,4,24-06-2022 04:00,Night,0,1225,Bangalore -> Delhi
3684,Bangalore,Delhi,24-06-2022,24-06-2022,Vistara,UK-866,21:40,19:45,22h 05m,1-stop,17867,2,24-06-2022 02:00,Night,0,1325,Bangalore -> Delhi
3685,Bangalore,Delhi,24-06-2022,24-06-2022,Vistara,UK-866,21:40,12:40,15h 00m,1-stop,18604,8,24-06-2022 08:00,Morning,0,900,Bangalore -> Delhi
3686,Bangalore,Delhi,24-06-2022,24-06-2022,Vistara,UK-866,21:40,14:30,16h 50m,1-stop,18604,19,24-06-2022 19:00,Evening,0,1010,Bangalore -> Delhi
3687,Bangalore,Delhi,24-06-2022,24-06-2022,Vistara,UK-866,21:40,11:00,13h 20m,1-stop,19129,5,24-06-2022 05:00,Morning,0,800,Bangalore -> Delhi
3688,Bangalore,Delhi,24-06-2022,24-06-2022,Vistara,UK-866,21:40,16:20,18h 40m,1-stop,20333,17,24-06-2022 17:00,Evening,0,1120,Bangalore -> Delhi
3690,Bangalore,Delhi,24-06-2022,25-06-2022,Vistara,UK-814,21:15,23:50,02h 35m,non-stop,9677,5,24-06-2022 05:00,Morning,1,155,Bangalore -> Delhi
3691,Bangalore,Delhi,24-06-2022,25-06-2022,Vistara,UK-818,19:40,22:25,02h 45m,non-stop,9677,18,24-06-2022 18:00,Evening,1,165,Bangalore -> Delhi
3692,Bangalore,Delhi,24-06-2022,25-06-2022,GO FIRST,G8- 116,04:45,07:35,02h 50m,non-stop,9679,11,24-06-2022 11:00,Morning,1,170,Bangalore -> Delhi
3693,Bangalore,Delhi,24-06-2022,25-06-2022,Air Asia,I5-749,22:30,01:20,02h 50m,non-stop,9679,10,24-06-2022 10:00,Morning,1,170,Bangalore -> Delhi
3694,Bangalore,Delhi,24-06-2022,25-06-2022,Air Asia,I5-722,00:25,03:20,02h 55m,non-stop,9679,1,24-06-2022 01:00,Night,1,175,Bangalore -> Delhi
3695,Bangalore,Delhi,24-06-2022,25-06-2022,IndiGo,6E-6247,04:40,07:25,02h 45m,non-stop,9679,14,24-06-2022 14:00,Afternoon,1,165,Bangalore -> Delhi
3696,Bangalore,Delhi,24-06-2022,25-06-2022,GO FIRST,G8- 118,21:30,00:15,02h 45m,non-stop,9679,11,24-06-2022 11:00,Morning,1,165,Bangalore -> Delhi
3697,Bangalore,Delhi,24-06-2022,25-06-2022,IndiGo,6E-6042,22:00,00:45,02h 45m,non-stop,9679,11,24-06-2022 11:00,Morning,1,165,Bangalore -> Delhi
3698,Bangalore,Delhi,24-06-2022,25-06-2022,IndiGo,6E-2053,23:10,02:00,02h 50m,non-stop,9679,8,24-06-2022 08:00,Morning,1,170,Bangalore -> Delhi
3699,Bangalore,Delhi,24-06-2022,25-06-2022,Air Asia,I5-817,09:00,14:20,05h 20m,1-stop,9678,20,24-06-2022 20:00,Evening,1,320,Bangalore -> Delhi
3700,Bangalore,Delhi,24-06-2022,25-06-2022,Air Asia,I5-974,22:15,03:45,05h 30m,1-stop,9678,23,24-06-2022 23:00,Night,1,330,Bangalore -> Delhi
3701,Bangalore,Delhi,24-06-2022,25-06-2022,Air Asia,I5-1453,13:40,19:20,05h 40m,1-stop,9678,1,24-06-2022 01:00,Night,1,340,Bangalore -> Delhi
3702,Bangalore,Delhi,24-06-2022,25-06-2022,Air Asia,I5-1451,05:40,12:05,06h 25m,1-stop,9678,21,24-06-2022 21:00,Night,1,385,Bangalore -> Delhi
3703,Bangalore,Delhi,24-06-2022,25-06-2022,Air Asia,I5-1621,05:05,11:40,06h 35m,1-stop,9678,2,24-06-2022 02:00,Night,1,395,Bangalore -> Delhi
3704,Bangalore,Delhi,24-06-2022,25-06-2022,Air Asia,I5-1981,05:10,12:05,06h 55m,1-stop,9678,11,24-06-2022 11:00,Morning,1,415,Bangalore -> Delhi
3705,Bangalore,Delhi,24-06-2022,25-06-2022,Air Asia,I5-1781,12:15,19:55,07h 40m,1-stop,9678,15,24-06-2022 15:00,Afternoon,1,460,Bangalore -> Delhi
3706,Bangalore,Delhi,24-06-2022,25-06-2022,Air Asia,I5-820,15:15,22:55,07h 40m,1-stop,9678,20,24-06-2022 20:00,Evening,1,460,Bangalore -> Delhi
3707,Bangalore,Delhi,24-06-2022,25-06-2022,Air Asia,I5-1621,05:05,14:20,09h 15m,1-stop,9678,23,24-06-2022 23:00,Night,1,555,Bangalore -> Delhi
3708,Bangalore,Delhi,24-06-2022,25-06-2022,Air Asia,I5-942,15:15,01:10,09h 55m,1-stop,9678,0,24-06-2022 00:00,Night,1,595,Bangalore -> Delhi
3709,Bangalore,Delhi,24-06-2022,25-06-2022,Air Asia,I5-592,17:55,03:55,10h 00m,1-stop,9678,20,24-06-2022 20:00,Evening,1,600,Bangalore -> Delhi
3710,Bangalore,Delhi,24-06-2022,25-06-2022,Air Asia,I5-972,14:25,01:10,10h 45m,2+-stop,9678,2,24-06-2022 02:00,Night,1,645,Bangalore -> Delhi
3711,Bangalore,Delhi,24-06-2022,25-06-2022,Air Asia,I5-1455,17:10,03:55,10h 45m,1-stop,9678,19,24-06-2022 19:00,Evening,1,645,Bangalore -> Delhi
3712,Bangalore,Delhi,24-06-2022,25-06-2022,Air Asia,I5-1622,10:55,21:45,10h 50m,1-stop,9678,1,24-06-2022 01:00,Night,1,650,Bangalore -> Delhi
3713,Bangalore,Delhi,24-06-2022,25-06-2022,Air Asia,I5-817,09:00,19:55,10h 55m,1-stop,9678,8,24-06-2022 08:00,Morning,1,655,Bangalore -> Delhi
3714,Bangalore,Delhi,24-06-2022,25-06-2022,Air Asia,I5-1453,13:40,01:50,12h 10m,1-stop,9678,18,24-06-2022 18:00,Evening,1,730,Bangalore -> Delhi
3715,Bangalore,Delhi,24-06-2022,25-06-2022,Air Asia,I5-1426,12:50,01:10,12h 20m,2+-stop,9678,14,24-06-2022 14:00,Afternoon,1,740,Bangalore -> Delhi
3716,Bangalore,Delhi,24-06-2022,25-06-2022,Air Asia,I5-1782,19:30,09:30,14h 00m,1-stop,9678,17,24-06-2022 17:00,Evening,1,840,Bangalore -> Delhi
3717,Bangalore,Delhi,24-06-2022,25-06-2022,Air Asia,I5-612,18:45,09:30,14h 45m,1-stop,9678,10,24-06-2022 10:00,Morning,1,885,Bangalore -> Delhi
3718,Bangalore,Delhi,24-06-2022,25-06-2022,Air Asia,I5-1621,05:05,19:55,14h 50m,1-stop,9678,22,24-06-2022 22:00,Night,1,890,Bangalore -> Delhi
3719,Bangalore,Delhi,24-06-2022,25-06-2022,Air Asia,I5-1427,21:15,12:05,14h 50m,1-stop,9678,15,24-06-2022 15:00,Afternoon,1,890,Bangalore -> Delhi
3720,Bangalore,Delhi,24-06-2022,25-06-2022,Air Asia,I5-991,20:15,12:05,15h 50m,1-stop,9678,21,24-06-2022 21:00,Night,1,950,Bangalore -> Delhi
3721,Bangalore,Delhi,24-06-2022,25-06-2022,Air Asia,I5-1451,05:40,21:45,16h 05m,1-stop,9678,16,24-06-2022 16:00,Afternoon,1,965,Bangalore -> Delhi
3722,Bangalore,Delhi,24-06-2022,25-06-2022,GO FIRST,G8- 803,17:15,22:30,05h 15m,1-stop,9679,4,24-06-2022 04:00,Night,1,315,Bangalore -> Delhi
3723,Bangalore,Delhi,24-06-2022,25-06-2022,GO FIRST,G8- 320,17:45,23:55,06h 10m,1-stop,9679,11,24-06-2022 11:00,Morning,1,370,Bangalore -> Delhi
3724,Bangalore,Delhi,24-06-2022,25-06-2022,GO FIRST,G8- 803,17:15,00:10,06h 55m,1-stop,9679,10,24-06-2022 10:00,Morning,1,415,Bangalore -> Delhi
3725,Bangalore,Delhi,24-06-2022,25-06-2022,GO FIRST,G8- 320,17:45,02:20,08h 35m,1-stop,9679,14,24-06-2022 14:00,Afternoon,1,515,Bangalore -> Delhi
3726,Bangalore,Delhi,24-06-2022,25-06-2022,GO FIRST,G8- 399,22:15,08:00,09h 45m,1-stop,9679,2,24-06-2022 02:00,Night,1,585,Bangalore -> Delhi
3727,Bangalore,Delhi,24-06-2022,25-06-2022,GO FIRST,G8- 395,08:15,19:00,10h 45m,1-stop,9679,0,24-06-2022 00:00,Night,1,645,Bangalore -> Delhi
3728,Bangalore,Delhi,24-06-2022,25-06-2022,GO FIRST,G8- 395,08:15,20:05,11h 50m,1-stop,9679,19,24-06-2022 19:00,Evening,1,710,Bangalore -> Delhi
3729,Bangalore,Delhi,24-06-2022,25-06-2022,GO FIRST,G8- 399,22:15,10:50,12h 35m,1-stop,9679,15,24-06-2022 15:00,Afternoon,1,755,Bangalore -> Delhi
3730,Bangalore,Delhi,24-06-2022,25-06-2022,GO FIRST,G8- 320,17:45,08:00,14h 15m,1-stop,9679,1,24-06-2022 01:00,Night,1,855,Bangalore -> Delhi
3731,Bangalore,Delhi,24-06-2022,25-06-2022,GO FIRST,G8- 395,08:15,23:55,15h 40m,1-stop,9679,1,24-06-2022 01:00,Night,1,940,Bangalore -> Delhi
3733,Bangalore,Delhi,24-06-2022,25-06-2022,Vistara,UK-810,07:00,09:40,02h 40m,non-stop,9994,2,24-06-2022 02:00,Night,1,160,Bangalore -> Delhi
3736,Bangalore,Delhi,24-06-2022,25-06-2022,IndiGo,6E- 855,20:10,00:45,04h 35m,1-stop,9994,7,24-06-2022 07:00,Morning,1,275,Bangalore -> Delhi
3737,Bangalore,Delhi,24-06-2022,25-06-2022,IndiGo,6E- 638,18:50,23:30,04h 40m,1-stop,9994,23,24-06-2022 23:00,Night,1,280,Bangalore -> Delhi
3738,Bangalore,Delhi,24-06-2022,25-06-2022,IndiGo,6E- 232,23:05,04:10,05h 05m,1-stop,9994,14,24-06-2022 14:00,Afternoon,1,305,Bangalore -> Delhi
3739,Bangalore,Delhi,24-06-2022,25-06-2022,IndiGo,6E-6317,18:25,00:05,05h 40m,1-stop,9994,6,24-06-2022 06:00,Morning,1,340,Bangalore -> Delhi
3740,Bangalore,Delhi,24-06-2022,25-06-2022,IndiGo,6E- 638,18:50,00:45,05h 55m,1-stop,9994,5,24-06-2022 05:00,Morning,1,355,Bangalore -> Delhi
3741,Bangalore,Delhi,24-06-2022,25-06-2022,IndiGo,6E- 469,15:35,21:55,06h 20m,1-stop,9994,8,24-06-2022 08:00,Morning,1,380,Bangalore -> Delhi
3742,Bangalore,Delhi,24-06-2022,25-06-2022,IndiGo,6E- 415,08:50,15:20,06h 30m,1-stop,9994,19,24-06-2022 19:00,Evening,1,390,Bangalore -> Delhi
3743,Bangalore,Delhi,24-06-2022,25-06-2022,IndiGo,6E-6067,15:45,22:20,06h 35m,1-stop,9994,0,24-06-2022 00:00,Night,1,395,Bangalore -> Delhi
3744,Bangalore,Delhi,24-06-2022,25-06-2022,IndiGo,6E-6257,05:15,12:10,06h 55m,1-stop,9994,7,24-06-2022 07:00,Morning,1,415,Bangalore -> Delhi
3745,Bangalore,Delhi,24-06-2022,25-06-2022,IndiGo,6E- 978,16:10,23:05,06h 55m,1-stop,9994,22,24-06-2022 22:00,Night,1,415,Bangalore -> Delhi
3746,Bangalore,Delhi,24-06-2022,25-06-2022,IndiGo,6E- 486,17:55,01:00,07h 05m,1-stop,9994,22,24-06-2022 22:00,Night,1,425,Bangalore -> Delhi
3747,Bangalore,Delhi,24-06-2022,25-06-2022,IndiGo,6E-6491,12:35,20:00,07h 25m,1-stop,9994,2,24-06-2022 02:00,Night,1,445,Bangalore -> Delhi
3748,Bangalore,Delhi,24-06-2022,25-06-2022,IndiGo,6E-6067,15:45,23:30,07h 45m,1-stop,9994,3,24-06-2022 03:00,Night,1,465,Bangalore -> Delhi
3749,Bangalore,Delhi,24-06-2022,25-06-2022,IndiGo,6E- 469,15:35,23:25,07h 50m,1-stop,9994,14,24-06-2022 14:00,Afternoon,1,470,Bangalore -> Delhi
3750,Bangalore,Delhi,24-06-2022,25-06-2022,IndiGo,6E- 232,23:05,06:55,07h 50m,1-stop,9994,5,24-06-2022 05:00,Morning,1,470,Bangalore -> Delhi
3751,Bangalore,Delhi,24-06-2022,25-06-2022,IndiGo,6E-5025,20:30,23:15,02h 45m,non-stop,10200,14,24-06-2022 14:00,Afternoon,1,165,Bangalore -> Delhi
3753,Bangalore,Delhi,24-06-2022,25-06-2022,IndiGo,6E-6404,07:30,13:45,06h 15m,1-stop,10519,20,24-06-2022 20:00,Evening,1,375,Bangalore -> Delhi
3754,Bangalore,Delhi,24-06-2022,25-06-2022,IndiGo,6E-6991,00:45,03:30,02h 45m,non-stop,10572,2,24-06-2022 02:00,Night,1,165,Bangalore -> Delhi
3755,Bangalore,Delhi,24-06-2022,25-06-2022,IndiGo,6E-5021,06:00,08:45,02h 45m,non-stop,10782,20,24-06-2022 20:00,Evening,1,165,Bangalore -> Delhi
3756,Bangalore,Delhi,24-06-2022,25-06-2022,IndiGo,6E- 735,19:15,22:00,02h 45m,non-stop,10782,20,24-06-2022 20:00,Evening,1,165,Bangalore -> Delhi
3757,Bangalore,Delhi,24-06-2022,25-06-2022,Vistara,UK-808,08:00,10:40,02h 40m,non-stop,10939,13,24-06-2022 13:00,Afternoon,1,160,Bangalore -> Delhi
3758,Bangalore,Delhi,24-06-2022,25-06-2022,Air Asia,I5-1562,14:20,03:55,13h 35m,2+-stop,10940,19,24-06-2022 19:00,Evening,1,815,Bangalore -> Delhi
3759,Bangalore,Delhi,24-06-2022,25-06-2022,IndiGo,6E- 699,02:30,09:45,07h 15m,1-stop,11044,13,24-06-2022 13:00,Afternoon,1,435,Bangalore -> Delhi
3761,Bangalore,Delhi,24-06-2022,25-06-2022,Vistara,UK-802,18:45,21:30,02h 45m,non-stop,11464,3,24-06-2022 03:00,Night,1,165,Bangalore -> Delhi
3762,Bangalore,Delhi,24-06-2022,25-06-2022,IndiGo,6E-2174,18:00,20:45,02h 45m,non-stop,11779,11,24-06-2022 11:00,Morning,1,165,Bangalore -> Delhi
3763,Bangalore,Delhi,24-06-2022,25-06-2022,IndiGo,6E-2186,07:45,10:40,02h 55m,non-stop,11779,16,24-06-2022 16:00,Afternoon,1,175,Bangalore -> Delhi
3764,Bangalore,Delhi,24-06-2022,25-06-2022,Air Asia,I5-1528,06:10,08:55,02h 45m,non-stop,11880,6,24-06-2022 06:00,Morning,1,165,Bangalore -> Delhi
3765,Bangalore,Delhi,24-06-2022,25-06-2022,Air Asia,I5-1731,18:15,21:10,02h 55m,non-stop,11880,8,24-06-2022 08:00,Morning,1,175,Bangalore -> Delhi
3766,Bangalore,Delhi,24-06-2022,25-06-2022,IndiGo,6E- 537,10:15,18:35,08h 20m,1-stop,12094,2,24-06-2022 02:00,Night,1,500,Bangalore -> Delhi
3767,Bangalore,Delhi,24-06-2022,25-06-2022,Air Asia,I5-1982,08:45,21:35,12h 50m,1-stop,12097,12,24-06-2022 12:00,Afternoon,1,770,Bangalore -> Delhi
3768,Bangalore,Delhi,24-06-2022,25-06-2022,Air Asia,I5-1982,08:45,22:55,14h 10m,1-stop,12097,14,24-06-2022 14:00,Afternoon,1,850,Bangalore -> Delhi
3769,Bangalore,Delhi,24-06-2022,25-06-2022,Vistara,UK-820,17:45,20:20,02h 35m,non-stop,12199,17,24-06-2022 17:00,Evening,1,155,Bangalore -> Delhi
3770,Bangalore,Delhi,24-06-2022,25-06-2022,IndiGo,6E- 871,09:20,12:10,02h 50m,non-stop,12304,18,24-06-2022 18:00,Evening,1,170,Bangalore -> Delhi
3771,Bangalore,Delhi,24-06-2022,25-06-2022,IndiGo,6E- 484,07:10,12:10,05h 00m,1-stop,12619,0,24-06-2022 00:00,Night,1,300,Bangalore -> Delhi
3772,Bangalore,Delhi,24-06-2022,25-06-2022,Vistara,UK-893,20:10,12:30,16h 20m,1-stop,14400,5,24-06-2022 05:00,Morning,1,980,Bangalore -> Delhi
3773,Bangalore,Delhi,24-06-2022,25-06-2022,Air Asia,I5-972,14:25,01:50,11h 25m,2+-stop,12777,22,24-06-2022 22:00,Night,1,685,Bangalore -> Delhi
3774,Bangalore,Delhi,24-06-2022,25-06-2022,Vistara,UK-806,09:45,12:40,02h 55m,non-stop,13249,1,24-06-2022 01:00,Night,1,175,Bangalore -> Delhi
3775,Bangalore,Delhi,24-06-2022,25-06-2022,IndiGo,6E-2514,14:55,17:45,02h 50m,non-stop,13564,23,24-06-2022 23:00,Night,1,170,Bangalore -> Delhi
3777,Bangalore,Delhi,24-06-2022,25-06-2022,IndiGo,6E-6491,12:35,18:35,06h 00m,1-stop,13669,13,24-06-2022 13:00,Afternoon,1,360,Bangalore -> Delhi
3778,Bangalore,Delhi,24-06-2022,25-06-2022,Vistara,UK-915,17:30,21:35,04h 05m,1-stop,15555,5,24-06-2022 05:00,Morning,1,245,Bangalore -> Delhi
3779,Bangalore,Delhi,24-06-2022,25-06-2022,Vistara,UK-915,17:30,09:35,16h 05m,1-stop,15555,13,24-06-2022 13:00,Afternoon,1,965,Bangalore -> Delhi
3780,Bangalore,Delhi,24-06-2022,25-06-2022,Air Asia,I5-1453,13:40,21:45,08h 05m,1-stop,13981,3,24-06-2022 03:00,Night,1,485,Bangalore -> Delhi
3781,Bangalore,Delhi,24-06-2022,25-06-2022,IndiGo,6E- 537,10:15,16:15,06h 00m,1-stop,14194,20,24-06-2022 20:00,Evening,1,360,Bangalore -> Delhi
3782,Bangalore,Delhi,24-06-2022,25-06-2022,IndiGo,6E- 408,05:25,13:15,07h 50m,1-stop,14194,7,24-06-2022 07:00,Morning,1,470,Bangalore -> Delhi
3783,Bangalore,Delhi,24-06-2022,25-06-2022,IndiGo,6E-6257,05:15,13:55,08h 40m,1-stop,14194,2,24-06-2022 02:00,Night,1,520,Bangalore -> Delhi
3784,Bangalore,Delhi,24-06-2022,25-06-2022,IndiGo,6E-5039,16:30,19:15,02h 45m,non-stop,14250,18,24-06-2022 18:00,Evening,1,165,Bangalore -> Delhi
3785,Bangalore,Delhi,24-06-2022,25-06-2022,Vistara,UK-852,09:30,16:20,06h 50m,1-stop Via Mumbai,15994,13,24-06-2022 13:00,Afternoon,1,410,Bangalore -> Delhi
3786,Bangalore,Delhi,24-06-2022,25-06-2022,Vistara,UK-897,07:45,22:45,15h 00m,1-stop,14400,19,24-06-2022 19:00,Evening,1,900,Bangalore -> Delhi
3787,Bangalore,Delhi,24-06-2022,25-06-2022,Vistara,UK-897,07:45,15:35,07h 50m,1-stop,14717,16,24-06-2022 16:00,Afternoon,1,470,Bangalore -> Delhi
3788,Bangalore,Delhi,24-06-2022,25-06-2022,Vistara,UK-897,07:45,19:55,12h 10m,1-stop,14717,7,24-06-2022 07:00,Morning,1,730,Bangalore -> Delhi
3789,Bangalore,Delhi,24-06-2022,25-06-2022,Vistara,UK-893,20:10,09:00,12h 50m,1-stop,14717,23,24-06-2022 23:00,Night,1,770,Bangalore -> Delhi
3790,Bangalore,Delhi,24-06-2022,25-06-2022,IndiGo,6E- 426,20:30,02:10,05h 40m,1-stop,14719,13,24-06-2022 13:00,Afternoon,1,340,Bangalore -> Delhi
3791,Bangalore,Delhi,24-06-2022,25-06-2022,IndiGo,6E- 426,20:30,04:10,07h 40m,1-stop,14719,5,24-06-2022 05:00,Morning,1,460,Bangalore -> Delhi
3792,Bangalore,Delhi,24-06-2022,25-06-2022,Vistara,UK-850,19:55,08:20,12h 25m,2+-stop,14746,22,24-06-2022 22:00,Night,1,745,Bangalore -> Delhi
3793,Bangalore,Delhi,24-06-2022,25-06-2022,Vistara,UK-864,18:55,08:20,13h 25m,2+-stop,14746,21,24-06-2022 21:00,Night,1,805,Bangalore -> Delhi
3794,Bangalore,Delhi,24-06-2022,25-06-2022,Vistara,UK-850,19:55,10:25,14h 30m,2+-stop,14746,15,24-06-2022 15:00,Afternoon,1,870,Bangalore -> Delhi
3795,Bangalore,Delhi,24-06-2022,25-06-2022,Vistara,UK-864,18:55,10:25,15h 30m,2+-stop,14746,18,24-06-2022 18:00,Evening,1,930,Bangalore -> Delhi
3796,Bangalore,Delhi,24-06-2022,25-06-2022,Vistara,UK-850,19:55,22:10,26h 15m,2+-stop,14746,13,24-06-2022 13:00,Afternoon,1,1575,Bangalore -> Delhi
3798,Bangalore,Delhi,24-06-2022,25-06-2022,Vistara,UK-854,18:25,08:20,13h 55m,2+-stop,15063,18,24-06-2022 18:00,Evening,1,835,Bangalore -> Delhi
3799,Bangalore,Delhi,24-06-2022,25-06-2022,Vistara,UK-854,18:25,10:25,16h 00m,2+-stop,15063,2,24-06-2022 02:00,Night,1,960,Bangalore -> Delhi
3800,Bangalore,Delhi,24-06-2022,25-06-2022,Vistara,UK-544,10:15,08:20,22h 05m,2+-stop,15063,9,24-06-2022 09:00,Morning,1,1325,Bangalore -> Delhi
3801,Bangalore,Delhi,24-06-2022,25-06-2022,Vistara,UK-852,09:30,08:20,22h 50m,2+-stop,15063,18,24-06-2022 18:00,Evening,1,1370,Bangalore -> Delhi
3802,Bangalore,Delhi,24-06-2022,25-06-2022,Vistara,UK-846,08:30,08:20,23h 50m,2+-stop,15063,8,24-06-2022 08:00,Morning,1,1430,Bangalore -> Delhi
3803,Bangalore,Delhi,24-06-2022,25-06-2022,IndiGo,6E- 528,17:05,23:00,05h 55m,1-stop,15244,19,24-06-2022 19:00,Evening,1,355,Bangalore -> Delhi
3812,Bangalore,Delhi,24-06-2022,25-06-2022,Vistara,UK-850,19:55,00:55,05h 00m,2+-stop,15555,12,24-06-2022 12:00,Afternoon,1,300,Bangalore -> Delhi
3813,Bangalore,Delhi,24-06-2022,25-06-2022,Vistara,UK-864,18:55,00:10,05h 15m,2+-stop,15555,6,24-06-2022 06:00,Morning,1,315,Bangalore -> Delhi
3814,Bangalore,Delhi,24-06-2022,25-06-2022,Vistara,UK-864,18:55,00:55,06h 00m,2+-stop,15555,13,24-06-2022 13:00,Afternoon,1,360,Bangalore -> Delhi
3815,Bangalore,Delhi,24-06-2022,25-06-2022,Air Asia,I5-1780,05:10,14:55,09h 45m,1-stop,15555,8,24-06-2022 08:00,Morning,1,585,Bangalore -> Delhi
3818,Bangalore,Delhi,24-06-2022,25-06-2022,Vistara,UK-897,07:45,12:30,04h 45m,1-stop,15662,22,24-06-2022 22:00,Night,1,285,Bangalore -> Delhi
3819,Bangalore,Delhi,24-06-2022,25-06-2022,Vistara,UK-866,21:40,10:25,12h 45m,2+-stop,15691,18,24-06-2022 18:00,Evening,1,765,Bangalore -> Delhi
3820,Bangalore,Delhi,24-06-2022,25-06-2022,IndiGo,6E- 405,07:50,15:55,08h 05m,1-stop,15717,14,24-06-2022 14:00,Afternoon,1,485,Bangalore -> Delhi
3835,Bangalore,Delhi,24-06-2022,25-06-2022,GO FIRST,G8- 283,05:25,13:10,07h 45m,1-stop,15812,19,24-06-2022 19:00,Evening,1,465,Bangalore -> Delhi
3836,Bangalore,Delhi,24-06-2022,25-06-2022,Vistara,UK-854,18:25,23:00,04h 35m,2+-stop,15872,13,24-06-2022 13:00,Afternoon,1,275,Bangalore -> Delhi
3837,Bangalore,Delhi,24-06-2022,25-06-2022,Vistara,UK-846,08:30,14:05,05h 35m,2+-stop,15872,23,24-06-2022 23:00,Night,1,335,Bangalore -> Delhi
3838,Bangalore,Delhi,24-06-2022,25-06-2022,Vistara,UK-854,18:25,00:10,05h 45m,2+-stop,15872,5,24-06-2022 05:00,Morning,1,345,Bangalore -> Delhi
3839,Bangalore,Delhi,24-06-2022,25-06-2022,Vistara,UK-854,18:25,00:55,06h 30m,2+-stop,15872,20,24-06-2022 20:00,Evening,1,390,Bangalore -> Delhi
3840,Bangalore,Delhi,24-06-2022,25-06-2022,Vistara,UK-544,10:15,16:55,06h 40m,2+-stop,15872,3,24-06-2022 03:00,Night,1,400,Bangalore -> Delhi
3841,Bangalore,Delhi,24-06-2022,25-06-2022,Vistara,UK-858,06:40,14:05,07h 25m,1-stop,15872,7,24-06-2022 07:00,Morning,1,445,Bangalore -> Delhi
3842,Bangalore,Delhi,24-06-2022,25-06-2022,Vistara,UK-852,09:30,16:55,07h 25m,2+-stop,15872,16,24-06-2022 16:00,Afternoon,1,445,Bangalore -> Delhi
3843,Bangalore,Delhi,24-06-2022,25-06-2022,Vistara,UK-544,10:15,18:05,07h 50m,2+-stop,15872,8,24-06-2022 08:00,Morning,1,470,Bangalore -> Delhi
3844,Bangalore,Delhi,24-06-2022,25-06-2022,Vistara,UK-846,08:30,16:55,08h 25m,2+-stop,15872,0,24-06-2022 00:00,Night,1,505,Bangalore -> Delhi
3845,Bangalore,Delhi,24-06-2022,25-06-2022,Vistara,UK-852,09:30,18:05,08h 35m,2+-stop,15872,23,24-06-2022 23:00,Night,1,515,Bangalore -> Delhi
3846,Bangalore,Delhi,24-06-2022,25-06-2022,IndiGo,6E- 484,07:10,13:55,06h 45m,1-stop,16137,19,24-06-2022 19:00,Evening,1,405,Bangalore -> Delhi
3847,Bangalore,Delhi,24-06-2022,25-06-2022,Vistara,UK-852,09:30,14:30,05h 00m,2+-stop,16609,13,24-06-2022 13:00,Afternoon,1,300,Bangalore -> Delhi
3848,Bangalore,Delhi,24-06-2022,25-06-2022,Vistara,UK-858,06:40,12:40,06h 00m,1-stop,16609,10,24-06-2022 10:00,Morning,1,360,Bangalore -> Delhi
3849,Bangalore,Delhi,24-06-2022,25-06-2022,Vistara,UK-846,08:30,14:30,06h 00m,2+-stop,16609,20,24-06-2022 20:00,Evening,1,360,Bangalore -> Delhi
3850,Bangalore,Delhi,24-06-2022,25-06-2022,Vistara,UK-858,06:40,14:30,07h 50m,1-stop,16609,2,24-06-2022 02:00,Night,1,470,Bangalore -> Delhi
3851,Bangalore,Delhi,24-06-2022,25-06-2022,Vistara,UK-846,08:30,16:20,07h 50m,2+-stop,16658,8,24-06-2022 08:00,Morning,1,470,Bangalore -> Delhi
3852,Bangalore,Delhi,24-06-2022,25-06-2022,Vistara,UK-858,06:40,16:20,09h 40m,1-stop,16658,13,24-06-2022 13:00,Afternoon,1,580,Bangalore -> Delhi
3855,Bangalore,Delhi,24-06-2022,25-06-2022,IndiGo,6E-2401,13:55,16:40,02h 45m,non-stop,17764,8,24-06-2022 08:00,Morning,1,165,Bangalore -> Delhi
3856,Bangalore,Delhi,24-06-2022,25-06-2022,IndiGo,6E- 869,11:45,14:40,02h 55m,non-stop,17764,3,24-06-2022 03:00,Night,1,175,Bangalore -> Delhi
3857,Bangalore,Delhi,24-06-2022,25-06-2022,GO FIRST,G8- 285,15:45,20:10,04h 25m,1-stop,18097,3,24-06-2022 03:00,Night,1,265,Bangalore -> Delhi
3858,Bangalore,Delhi,24-06-2022,25-06-2022,Vistara,UK-816,11:30,14:20,02h 50m,non-stop,18289,7,24-06-2022 07:00,Morning,1,170,Bangalore -> Delhi
3859,Bangalore,Delhi,24-06-2022,25-06-2022,Vistara,UK-867,12:45,00:40,11h 55m,1-stop,18289,1,24-06-2022 01:00,Night,1,715,Bangalore -> Delhi
3862,Bangalore,Delhi,24-06-2022,25-06-2022,IndiGo,6E- 886,08:55,16:15,07h 20m,1-stop,18394,8,24-06-2022 08:00,Morning,1,440,Bangalore -> Delhi
3864,Bangalore,Delhi,24-06-2022,25-06-2022,Air Asia,I5-741,11:15,13:55,02h 40m,non-stop,19548,13,24-06-2022 13:00,Afternoon,1,160,Bangalore -> Delhi
3866,Bangalore,Delhi,24-06-2022,25-06-2022,IndiGo,6E- 886,08:55,13:55,05h 00m,1-stop,21177,21,24-06-2022 21:00,Night,1,300,Bangalore -> Delhi
3871,Bangalore,Delhi,24-06-2022,25-06-2022,Air Asia,I5-1982,08:45,15:20,06h 35m,1-stop,22726,8,24-06-2022 08:00,Morning,1,395,Bangalore -> Delhi
3872,Bangalore,Delhi,24-06-2022,25-06-2022,GO FIRST,G8- 873,05:45,15:30,09h 45m,1-stop,23991,23,24-06-2022 23:00,Night,1,585,Bangalore -> Delhi
3873,Bangalore,Delhi,24-06-2022,25-06-2022,Vistara,UK-755,09:25,16:05,06h 40m,1-stop,28999,22,24-06-2022 22:00,Night,1,400,Bangalore -> Delhi
3874,Bangalore,Delhi,24-06-2022,25-06-2022,Vistara,UK-657,11:30,19:50,08h 20m,1-stop,29104,15,24-06-2022 15:00,Afternoon,1,500,Bangalore -> Delhi
3875,Bangalore,Delhi,24-06-2022,25-06-2022,Vistara,UK-511,07:10,18:20,11h 10m,1-stop,31937,16,24-06-2022 16:00,Afternoon,1,670,Bangalore -> Delhi
3876,Bangalore,Delhi,24-06-2022,26-06-2022,IndiGo,6E-6247,04:40,07:25,02h 45m,non-stop,9679,15,24-06-2022 15:00,Afternoon,2,165,Bangalore -> Delhi
3877,Bangalore,Delhi,24-06-2022,26-06-2022,IndiGo,6E-2053,23:10,02:00,02h 50m,non-stop,9679,11,24-06-2022 11:00,Morning,2,170,Bangalore -> Delhi
3878,Bangalore,Delhi,24-06-2022,26-06-2022,GO FIRST,G8- 116,05:45,08:40,02h 55m,non-stop,9679,2,24-06-2022 02:00,Night,2,175,Bangalore -> Delhi
3879,Bangalore,Delhi,24-06-2022,26-06-2022,SpiceJet,SG- 136,05:55,08:25,02h 30m,non-stop,9679,10,24-06-2022 10:00,Morning,2,150,Bangalore -> Delhi
3880,Bangalore,Delhi,24-06-2022,26-06-2022,Air Asia,I5-1528,06:10,08:55,02h 45m,non-stop,9679,13,24-06-2022 13:00,Afternoon,2,165,Bangalore -> Delhi
3881,Bangalore,Delhi,24-06-2022,26-06-2022,Air Asia,I5-749,22:30,01:20,02h 50m,non-stop,9679,17,24-06-2022 17:00,Evening,2,170,Bangalore -> Delhi
3882,Bangalore,Delhi,24-06-2022,26-06-2022,Air Asia,I5-722,00:25,03:20,02h 55m,non-stop,9679,20,24-06-2022 20:00,Evening,2,175,Bangalore -> Delhi
3883,Bangalore,Delhi,24-06-2022,26-06-2022,IndiGo,6E-6991,00:45,03:30,02h 45m,non-stop,9679,20,24-06-2022 20:00,Evening,2,165,Bangalore -> Delhi
3884,Bangalore,Delhi,24-06-2022,26-06-2022,IndiGo,6E-5021,06:00,08:45,02h 45m,non-stop,9679,4,24-06-2022 04:00,Night,2,165,Bangalore -> Delhi
3885,Bangalore,Delhi,24-06-2022,26-06-2022,GO FIRST,G8- 118,21:30,00:15,02h 45m,non-stop,9679,15,24-06-2022 15:00,Afternoon,2,165,Bangalore -> Delhi
3886,Bangalore,Delhi,24-06-2022,26-06-2022,IndiGo,6E-6042,22:00,00:45,02h 45m,non-stop,9679,19,24-06-2022 19:00,Evening,2,165,Bangalore -> Delhi
3887,Bangalore,Delhi,24-06-2022,26-06-2022,Air Asia,I5-819,09:00,14:20,05h 20m,1-stop,9678,4,24-06-2022 04:00,Night,2,320,Bangalore -> Delhi
3888,Bangalore,Delhi,24-06-2022,26-06-2022,Air Asia,I5-818,05:30,10:55,05h 25m,1-stop,9678,2,24-06-2022 02:00,Night,2,325,Bangalore -> Delhi
3889,Bangalore,Delhi,24-06-2022,26-06-2022,Air Asia,I5-974,22:15,03:45,05h 30m,1-stop,9678,11,24-06-2022 11:00,Morning,2,330,Bangalore -> Delhi
3890,Bangalore,Delhi,24-06-2022,26-06-2022,Air Asia,I5-1451,05:40,12:05,06h 25m,1-stop,9678,0,24-06-2022 00:00,Night,2,385,Bangalore -> Delhi
3891,Bangalore,Delhi,24-06-2022,26-06-2022,Air Asia,I5-1621,05:05,11:40,06h 35m,1-stop,9678,20,24-06-2022 20:00,Evening,2,395,Bangalore -> Delhi
3892,Bangalore,Delhi,24-06-2022,26-06-2022,Air Asia,I5-1981,05:10,12:05,06h 55m,1-stop,9678,8,24-06-2022 08:00,Morning,2,415,Bangalore -> Delhi
3893,Bangalore,Delhi,24-06-2022,26-06-2022,Air Asia,I5-1426,12:50,20:25,07h 35m,1-stop,9678,8,24-06-2022 08:00,Morning,2,455,Bangalore -> Delhi
3894,Bangalore,Delhi,24-06-2022,26-06-2022,Air Asia,I5-592,17:55,02:05,08h 10m,1-stop,9678,3,24-06-2022 03:00,Night,2,490,Bangalore -> Delhi
3895,Bangalore,Delhi,24-06-2022,26-06-2022,Air Asia,I5-1983,16:15,01:10,08h 55m,2+-stop,9678,2,24-06-2022 02:00,Night,2,535,Bangalore -> Delhi
3896,Bangalore,Delhi,24-06-2022,26-06-2022,Air Asia,I5-1455,17:10,02:05,08h 55m,1-stop,9678,16,24-06-2022 16:00,Afternoon,2,535,Bangalore -> Delhi
3897,Bangalore,Delhi,24-06-2022,26-06-2022,Air Asia,I5-1621,05:05,14:20,09h 15m,1-stop,9678,1,24-06-2022 01:00,Night,2,555,Bangalore -> Delhi
3898,Bangalore,Delhi,24-06-2022,26-06-2022,Air Asia,I5-942,15:15,01:10,09h 55m,1-stop,9678,23,24-06-2022 23:00,Night,2,595,Bangalore -> Delhi
3899,Bangalore,Delhi,24-06-2022,26-06-2022,Air Asia,I5-1622,10:55,21:45,10h 50m,1-stop,9678,0,24-06-2022 00:00,Night,2,650,Bangalore -> Delhi
3900,Bangalore,Delhi,24-06-2022,26-06-2022,Air Asia,I5-1453,13:40,01:50,12h 10m,1-stop,9678,7,24-06-2022 07:00,Morning,2,730,Bangalore -> Delhi
3901,Bangalore,Delhi,24-06-2022,26-06-2022,GO FIRST,G8- 399,22:15,08:00,09h 45m,1-stop,9679,12,24-06-2022 12:00,Afternoon,2,585,Bangalore -> Delhi
3902,Bangalore,Delhi,24-06-2022,26-06-2022,GO FIRST,G8- 395,08:15,19:00,10h 45m,1-stop,9679,22,24-06-2022 22:00,Night,2,645,Bangalore -> Delhi
3903,Bangalore,Delhi,24-06-2022,26-06-2022,GO FIRST,G8- 395,08:15,20:05,11h 50m,1-stop,9679,14,24-06-2022 14:00,Afternoon,2,710,Bangalore -> Delhi
3904,Bangalore,Delhi,24-06-2022,26-06-2022,GO FIRST,G8- 399,22:15,12:05,13h 50m,1-stop,9679,7,24-06-2022 07:00,Morning,2,830,Bangalore -> Delhi
3905,Bangalore,Delhi,24-06-2022,26-06-2022,GO FIRST,G8- 399,22:15,13:10,14h 55m,1-stop,9679,11,24-06-2022 11:00,Morning,2,895,Bangalore -> Delhi
3906,Bangalore,Delhi,24-06-2022,26-06-2022,GO FIRST,G8- 395,08:15,23:35,15h 20m,1-stop,9679,21,24-06-2022 21:00,Night,2,920,Bangalore -> Delhi
3911,Bangalore,Delhi,24-06-2022,26-06-2022,IndiGo,6E- 855,20:10,00:45,04h 35m,1-stop,9994,11,24-06-2022 11:00,Morning,2,275,Bangalore -> Delhi
3912,Bangalore,Delhi,24-06-2022,26-06-2022,IndiGo,6E- 484,07:10,12:10,05h 00m,1-stop,9994,13,24-06-2022 13:00,Afternoon,2,300,Bangalore -> Delhi
3913,Bangalore,Delhi,24-06-2022,26-06-2022,IndiGo,6E- 232,23:05,04:10,05h 05m,1-stop,9994,14,24-06-2022 14:00,Afternoon,2,305,Bangalore -> Delhi
3914,Bangalore,Delhi,24-06-2022,26-06-2022,IndiGo,6E-6317,18:25,00:05,05h 40m,1-stop,9994,14,24-06-2022 14:00,Afternoon,2,340,Bangalore -> Delhi
3915,Bangalore,Delhi,24-06-2022,26-06-2022,IndiGo,6E- 638,18:50,00:45,05h 55m,1-stop,9994,8,24-06-2022 08:00,Morning,2,355,Bangalore -> Delhi
3916,Bangalore,Delhi,24-06-2022,26-06-2022,IndiGo,6E- 484,07:10,13:55,06h 45m,1-stop,9994,18,24-06-2022 18:00,Evening,2,405,Bangalore -> Delhi
3917,Bangalore,Delhi,24-06-2022,26-06-2022,IndiGo,6E-6257,05:15,12:10,06h 55m,1-stop,9994,19,24-06-2022 19:00,Evening,2,415,Bangalore -> Delhi
3918,Bangalore,Delhi,24-06-2022,26-06-2022,IndiGo,6E- 978,16:10,23:05,06h 55m,1-stop,9994,21,24-06-2022 21:00,Night,2,415,Bangalore -> Delhi
3919,Bangalore,Delhi,24-06-2022,26-06-2022,IndiGo,6E- 486,17:55,01:00,07h 05m,1-stop,9994,7,24-06-2022 07:00,Morning,2,425,Bangalore -> Delhi
3920,Bangalore,Delhi,24-06-2022,26-06-2022,IndiGo,6E- 699,02:30,09:45,07h 15m,1-stop,9994,20,24-06-2022 20:00,Evening,2,435,Bangalore -> Delhi
3921,Bangalore,Delhi,24-06-2022,26-06-2022,IndiGo,6E- 232,23:05,06:55,07h 50m,1-stop,9994,18,24-06-2022 18:00,Evening,2,470,Bangalore -> Delhi
3922,Bangalore,Delhi,24-06-2022,26-06-2022,IndiGo,6E- 959,13:05,21:15,08h 10m,1-stop,9994,5,24-06-2022 05:00,Morning,2,490,Bangalore -> Delhi
3923,Bangalore,Delhi,24-06-2022,26-06-2022,Air Asia,I5-1781,12:15,19:55,07h 40m,1-stop,9995,19,24-06-2022 19:00,Evening,2,460,Bangalore -> Delhi
3924,Bangalore,Delhi,24-06-2022,26-06-2022,Air Asia,I5-972,14:25,01:10,10h 45m,2+-stop,9995,18,24-06-2022 18:00,Evening,2,645,Bangalore -> Delhi
3925,Bangalore,Delhi,24-06-2022,26-06-2022,Air Asia,I5-819,09:00,19:55,10h 55m,1-stop,9995,3,24-06-2022 03:00,Night,2,655,Bangalore -> Delhi
3926,Bangalore,Delhi,24-06-2022,26-06-2022,Vistara,UK-810,07:00,09:40,02h 40m,non-stop,10414,22,24-06-2022 22:00,Night,2,160,Bangalore -> Delhi
3928,Bangalore,Delhi,24-06-2022,26-06-2022,IndiGo,6E- 886,08:55,13:55,05h 00m,1-stop,10519,6,24-06-2022 06:00,Morning,2,300,Bangalore -> Delhi
3929,Bangalore,Delhi,24-06-2022,26-06-2022,IndiGo,6E- 426,20:30,02:10,05h 40m,1-stop,10519,3,24-06-2022 03:00,Night,2,340,Bangalore -> Delhi
3930,Bangalore,Delhi,24-06-2022,26-06-2022,IndiGo,6E- 426,20:30,04:10,07h 40m,1-stop,10519,21,24-06-2022 21:00,Night,2,460,Bangalore -> Delhi
3931,Bangalore,Delhi,24-06-2022,26-06-2022,IndiGo,6E-2186,07:45,10:40,02h 55m,non-stop,10572,11,24-06-2022 11:00,Morning,2,175,Bangalore -> Delhi
3933,Bangalore,Delhi,24-06-2022,26-06-2022,IndiGo,6E-5025,20:30,23:15,02h 45m,non-stop,10782,12,24-06-2022 12:00,Afternoon,2,165,Bangalore -> Delhi
3934,Bangalore,Delhi,24-06-2022,26-06-2022,Vistara,UK-808,08:00,10:40,02h 40m,non-stop,10939,2,24-06-2022 02:00,Night,2,160,Bangalore -> Delhi
3935,Bangalore,Delhi,24-06-2022,26-06-2022,Air Asia,I5-818,05:30,16:30,11h 00m,1-stop,10940,21,24-06-2022 21:00,Night,2,660,Bangalore -> Delhi
3936,Bangalore,Delhi,24-06-2022,26-06-2022,IndiGo,6E-6067,15:45,22:20,06h 35m,1-stop,11044,11,24-06-2022 11:00,Morning,2,395,Bangalore -> Delhi
3937,Bangalore,Delhi,24-06-2022,26-06-2022,IndiGo,6E- 469,15:35,21:55,06h 20m,1-stop,11569,1,24-06-2022 01:00,Night,2,380,Bangalore -> Delhi
3938,Bangalore,Delhi,24-06-2022,26-06-2022,IndiGo,6E- 415,08:50,15:20,06h 30m,1-stop,11569,23,24-06-2022 23:00,Night,2,390,Bangalore -> Delhi
3939,Bangalore,Delhi,24-06-2022,26-06-2022,IndiGo,6E- 469,15:35,23:25,07h 50m,1-stop,11569,1,24-06-2022 01:00,Night,2,470,Bangalore -> Delhi
3940,Bangalore,Delhi,24-06-2022,26-06-2022,Air Asia,I5-820,15:15,22:55,07h 40m,1-stop,12097,22,24-06-2022 22:00,Night,2,460,Bangalore -> Delhi
3941,Bangalore,Delhi,24-06-2022,26-06-2022,Air Asia,I5-1982,08:45,21:35,12h 50m,1-stop,12097,8,24-06-2022 08:00,Morning,2,770,Bangalore -> Delhi
3943,Bangalore,Delhi,24-06-2022,26-06-2022,Vistara,UK-814,21:15,23:50,02h 35m,non-stop,12199,0,24-06-2022 00:00,Night,2,155,Bangalore -> Delhi
3944,Bangalore,Delhi,24-06-2022,26-06-2022,Air Asia,I5-1983,16:15,01:50,09h 35m,2+-stop,12515,7,24-06-2022 07:00,Morning,2,575,Bangalore -> Delhi
3945,Bangalore,Delhi,24-06-2022,26-06-2022,Air Asia,I5-1780,05:10,14:55,09h 45m,1-stop,12515,22,24-06-2022 22:00,Night,2,585,Bangalore -> Delhi
3946,Bangalore,Delhi,24-06-2022,26-06-2022,Air Asia,I5-972,14:25,01:50,11h 25m,2+-stop,12515,5,24-06-2022 05:00,Morning,2,685,Bangalore -> Delhi
3947,Bangalore,Delhi,24-06-2022,26-06-2022,IndiGo,6E- 405,07:50,15:55,08h 05m,1-stop,12619,5,24-06-2022 05:00,Morning,2,485,Bangalore -> Delhi
3948,Bangalore,Delhi,24-06-2022,26-06-2022,Vistara,UK-897,07:45,12:30,04h 45m,1-stop,14400,21,24-06-2022 21:00,Night,2,285,Bangalore -> Delhi
3949,Bangalore,Delhi,24-06-2022,26-06-2022,Air Asia,I5-1453,13:40,19:20,05h 40m,1-stop,12777,17,24-06-2022 17:00,Evening,2,340,Bangalore -> Delhi
3950,Bangalore,Delhi,24-06-2022,26-06-2022,Air Asia,I5-818,05:30,19:20,13h 50m,1-stop,12777,16,24-06-2022 16:00,Afternoon,2,830,Bangalore -> Delhi
3951,Bangalore,Delhi,24-06-2022,26-06-2022,IndiGo,6E- 638,18:50,23:30,04h 40m,1-stop,13144,11,24-06-2022 11:00,Morning,2,280,Bangalore -> Delhi
3952,Bangalore,Delhi,24-06-2022,26-06-2022,IndiGo,6E- 528,17:05,23:00,05h 55m,1-stop,13144,5,24-06-2022 05:00,Morning,2,355,Bangalore -> Delhi
3953,Bangalore,Delhi,24-06-2022,26-06-2022,IndiGo,6E- 735,19:15,22:00,02h 45m,non-stop,13564,7,24-06-2022 07:00,Morning,2,165,Bangalore -> Delhi
3954,Bangalore,Delhi,24-06-2022,26-06-2022,Vistara,UK-854,18:25,23:00,04h 35m,2+-stop,15555,18,24-06-2022 18:00,Evening,2,275,Bangalore -> Delhi
3955,Bangalore,Delhi,24-06-2022,26-06-2022,Vistara,UK-858,06:40,12:40,06h 00m,2+-stop,15555,9,24-06-2022 09:00,Morning,2,360,Bangalore -> Delhi
3956,Bangalore,Delhi,24-06-2022,26-06-2022,Vistara,UK-544,10:15,16:55,06h 40m,2+-stop,15555,0,24-06-2022 00:00,Night,2,400,Bangalore -> Delhi
3957,Bangalore,Delhi,24-06-2022,26-06-2022,Vistara,UK-858,06:40,14:05,07h 25m,2+-stop,15555,12,24-06-2022 12:00,Afternoon,2,445,Bangalore -> Delhi
3958,Bangalore,Delhi,24-06-2022,26-06-2022,Vistara,UK-852,09:30,16:55,07h 25m,2+-stop,15555,16,24-06-2022 16:00,Afternoon,2,445,Bangalore -> Delhi
3959,Bangalore,Delhi,24-06-2022,26-06-2022,Vistara,UK-544,10:15,18:05,07h 50m,2+-stop,15555,2,24-06-2022 02:00,Night,2,470,Bangalore -> Delhi
3960,Bangalore,Delhi,24-06-2022,26-06-2022,Vistara,UK-852,09:30,18:05,08h 35m,2+-stop,15555,7,24-06-2022 07:00,Morning,2,515,Bangalore -> Delhi
3961,Bangalore,Delhi,24-06-2022,26-06-2022,Vistara,UK-544,10:15,19:45,09h 30m,2+-stop,15555,13,24-06-2022 13:00,Afternoon,2,570,Bangalore -> Delhi
3962,Bangalore,Delhi,24-06-2022,26-06-2022,Vistara,UK-858,06:40,16:55,10h 15m,2+-stop,15555,2,24-06-2022 02:00,Night,2,615,Bangalore -> Delhi
3963,Bangalore,Delhi,24-06-2022,26-06-2022,Vistara,UK-852,09:30,19:45,10h 15m,2+-stop,15555,15,24-06-2022 15:00,Afternoon,2,615,Bangalore -> Delhi
3964,Bangalore,Delhi,24-06-2022,26-06-2022,Vistara,UK-544,10:15,20:40,10h 25m,2+-stop,15555,12,24-06-2022 12:00,Afternoon,2,625,Bangalore -> Delhi
3965,Bangalore,Delhi,24-06-2022,26-06-2022,Vistara,UK-852,09:30,20:40,11h 10m,2+-stop,15555,19,24-06-2022 19:00,Evening,2,670,Bangalore -> Delhi
3966,Bangalore,Delhi,24-06-2022,26-06-2022,Vistara,UK-915,17:30,09:35,16h 05m,1-stop,15555,23,24-06-2022 23:00,Night,2,965,Bangalore -> Delhi
3967,Bangalore,Delhi,24-06-2022,26-06-2022,Air Asia,I5-1982,08:45,15:20,06h 35m,1-stop,13981,16,24-06-2022 16:00,Afternoon,2,395,Bangalore -> Delhi
3969,Bangalore,Delhi,24-06-2022,26-06-2022,IndiGo,6E- 886,08:55,16:15,07h 20m,1-stop,14194,12,24-06-2022 12:00,Afternoon,2,440,Bangalore -> Delhi
3970,Bangalore,Delhi,24-06-2022,26-06-2022,IndiGo,6E- 871,09:20,12:10,02h 50m,non-stop,14250,5,24-06-2022 05:00,Morning,2,170,Bangalore -> Delhi
3971,Bangalore,Delhi,24-06-2022,26-06-2022,Vistara,UK-852,09:30,16:20,06h 50m,1-stop Via Mumbai,15994,16,24-06-2022 16:00,Afternoon,2,410,Bangalore -> Delhi
3975,Bangalore,Delhi,24-06-2022,26-06-2022,Vistara,UK-818,19:40,22:25,02h 45m,non-stop,14614,13,24-06-2022 13:00,Afternoon,2,165,Bangalore -> Delhi
3976,Bangalore,Delhi,24-06-2022,26-06-2022,Vistara,UK-897,07:45,19:55,12h 10m,1-stop,14717,16,24-06-2022 16:00,Afternoon,2,730,Bangalore -> Delhi
3977,Bangalore,Delhi,24-06-2022,26-06-2022,Vistara,UK-893,20:10,15:35,19h 25m,1-stop,14717,7,24-06-2022 07:00,Morning,2,1165,Bangalore -> Delhi
3978,Bangalore,Delhi,24-06-2022,26-06-2022,IndiGo,6E-6067,15:45,23:30,07h 45m,1-stop,14719,10,24-06-2022 10:00,Morning,2,465,Bangalore -> Delhi
3979,Bangalore,Delhi,24-06-2022,26-06-2022,Vistara,UK-854,18:25,08:20,13h 55m,2+-stop,14746,19,24-06-2022 19:00,Evening,2,835,Bangalore -> Delhi
3980,Bangalore,Delhi,24-06-2022,26-06-2022,Vistara,UK-854,18:25,10:25,16h 00m,2+-stop,14746,0,24-06-2022 00:00,Night,2,960,Bangalore -> Delhi
3981,Bangalore,Delhi,24-06-2022,26-06-2022,Vistara,UK-544,10:15,08:20,22h 05m,2+-stop,14746,6,24-06-2022 06:00,Morning,2,1325,Bangalore -> Delhi
3982,Bangalore,Delhi,24-06-2022,26-06-2022,Vistara,UK-852,09:30,08:20,22h 50m,2+-stop,14746,20,24-06-2022 20:00,Evening,2,1370,Bangalore -> Delhi
3983,Bangalore,Delhi,24-06-2022,26-06-2022,Vistara,UK-544,10:15,10:25,24h 10m,2+-stop,14746,20,24-06-2022 20:00,Evening,2,1450,Bangalore -> Delhi
3984,Bangalore,Delhi,24-06-2022,26-06-2022,Vistara,UK-852,09:30,10:25,24h 55m,2+-stop,14746,16,24-06-2022 16:00,Afternoon,2,1495,Bangalore -> Delhi
3985,Bangalore,Delhi,24-06-2022,26-06-2022,Vistara,UK-858,06:40,08:20,25h 40m,2+-stop,14746,9,24-06-2022 09:00,Morning,2,1540,Bangalore -> Delhi
3986,Bangalore,Delhi,24-06-2022,26-06-2022,Vistara,UK-858,06:40,10:25,27h 45m,2+-stop,14746,10,24-06-2022 10:00,Morning,2,1665,Bangalore -> Delhi
3987,Bangalore,Delhi,24-06-2022,26-06-2022,Vistara,UK-854,18:25,22:10,27h 45m,2+-stop,14746,21,24-06-2022 21:00,Night,2,1665,Bangalore -> Delhi
3988,Bangalore,Delhi,24-06-2022,26-06-2022,Vistara,UK-864,18:55,08:20,13h 25m,2+-stop,15063,8,24-06-2022 08:00,Morning,2,805,Bangalore -> Delhi
3989,Bangalore,Delhi,24-06-2022,26-06-2022,Vistara,UK-864,18:55,10:25,15h 30m,2+-stop,15063,8,24-06-2022 08:00,Morning,2,930,Bangalore -> Delhi
3990,Bangalore,Delhi,24-06-2022,26-06-2022,IndiGo,6E-5039,16:30,19:15,02h 45m,non-stop,15108,23,24-06-2022 23:00,Night,2,165,Bangalore -> Delhi
3991,Bangalore,Delhi,24-06-2022,26-06-2022,IndiGo,6E-6491,12:35,20:00,07h 25m,1-stop,15192,4,24-06-2022 04:00,Night,2,445,Bangalore -> Delhi
3993,Bangalore,Delhi,24-06-2022,26-06-2022,IndiGo,6E-6491,12:35,18:35,06h 00m,1-stop,15402,16,24-06-2022 16:00,Afternoon,2,360,Bangalore -> Delhi
3994,Bangalore,Delhi,24-06-2022,26-06-2022,GO FIRST,G8- 320,17:45,23:35,05h 50m,1-stop,15421,8,24-06-2022 08:00,Morning,2,350,Bangalore -> Delhi
3995,Bangalore,Delhi,24-06-2022,26-06-2022,GO FIRST,G8- 320,17:45,00:50,07h 05m,1-stop,15421,16,24-06-2022 16:00,Afternoon,2,425,Bangalore -> Delhi
3996,Bangalore,Delhi,24-06-2022,26-06-2022,GO FIRST,G8- 320,17:45,08:00,14h 15m,1-stop,15421,23,24-06-2022 23:00,Night,2,855,Bangalore -> Delhi
3997,Bangalore,Delhi,24-06-2022,26-06-2022,Vistara,UK-850,19:55,08:20,12h 25m,2+-stop,15483,20,24-06-2022 20:00,Evening,2,745,Bangalore -> Delhi
3998,Bangalore,Delhi,24-06-2022,26-06-2022,Vistara,UK-850,19:55,10:25,14h 30m,2+-stop,15483,18,24-06-2022 18:00,Evening,2,870,Bangalore -> Delhi
3999,Bangalore,Delhi,24-06-2022,26-06-2022,Vistara,UK-854,18:25,00:10,05h 45m,2+-stop,15555,6,24-06-2022 06:00,Morning,2,345,Bangalore -> Delhi
4000,Bangalore,Delhi,24-06-2022,26-06-2022,Vistara,UK-854,18:25,00:55,06h 30m,2+-stop,15555,22,24-06-2022 22:00,Night,2,390,Bangalore -> Delhi
4001,Bangalore,Delhi,24-06-2022,26-06-2022,Air Asia,I5-1562,14:20,02:05,11h 45m,2+-stop,15555,8,24-06-2022 08:00,Morning,2,705,Bangalore -> Delhi
4002,Bangalore,Delhi,24-06-2022,26-06-2022,Air Asia,I5-1426,12:50,01:00,12h 10m,1-stop,15555,6,24-06-2022 06:00,Morning,2,730,Bangalore -> Delhi
4004,Bangalore,Delhi,24-06-2022,26-06-2022,Vistara,UK-893,20:10,09:00,12h 50m,1-stop,15662,12,24-06-2022 12:00,Afternoon,2,770,Bangalore -> Delhi
4005,Bangalore,Delhi,24-06-2022,26-06-2022,GO FIRST,G8- 283,05:25,15:05,09h 40m,1-stop,15812,10,24-06-2022 10:00,Morning,2,580,Bangalore -> Delhi
4006,Bangalore,Delhi,24-06-2022,26-06-2022,Vistara,UK-864,18:55,00:10,05h 15m,2+-stop,15872,13,24-06-2022 13:00,Afternoon,2,315,Bangalore -> Delhi
4007,Bangalore,Delhi,24-06-2022,26-06-2022,Vistara,UK-864,18:55,00:55,06h 00m,2+-stop,15872,18,24-06-2022 18:00,Evening,2,360,Bangalore -> Delhi
4019,Bangalore,Delhi,24-06-2022,26-06-2022,Vistara,UK-897,07:45,15:35,07h 50m,1-stop,16187,10,24-06-2022 10:00,Morning,2,470,Bangalore -> Delhi
4028,Bangalore,Delhi,24-06-2022,26-06-2022,Vistara,UK-915,17:30,21:35,04h 05m,1-stop,16292,12,24-06-2022 12:00,Afternoon,2,245,Bangalore -> Delhi
4029,Bangalore,Delhi,24-06-2022,26-06-2022,Vistara,UK-852,09:30,14:30,05h 00m,2+-stop,16292,13,24-06-2022 13:00,Afternoon,2,300,Bangalore -> Delhi
4030,Bangalore,Delhi,24-06-2022,26-06-2022,Vistara,UK-858,06:40,14:30,07h 50m,2+-stop,16292,12,24-06-2022 12:00,Afternoon,2,470,Bangalore -> Delhi
4031,Bangalore,Delhi,24-06-2022,26-06-2022,IndiGo,6E-6104,11:05,18:20,07h 15m,1-stop,16294,0,24-06-2022 00:00,Night,2,435,Bangalore -> Delhi
4033,Bangalore,Delhi,24-06-2022,26-06-2022,IndiGo,6E- 537,10:15,16:15,06h 00m,1-stop,16662,7,24-06-2022 07:00,Morning,2,360,Bangalore -> Delhi
4034,Bangalore,Delhi,24-06-2022,26-06-2022,IndiGo,6E- 408,05:25,13:15,07h 50m,1-stop,16819,11,24-06-2022 11:00,Morning,2,470,Bangalore -> Delhi
4035,Bangalore,Delhi,24-06-2022,26-06-2022,Vistara,UK-867,12:45,00:40,11h 55m,1-stop,16819,18,24-06-2022 18:00,Evening,2,715,Bangalore -> Delhi
4037,Bangalore,Delhi,24-06-2022,26-06-2022,IndiGo,6E-2174,18:00,20:45,02h 45m,non-stop,17764,11,24-06-2022 11:00,Morning,2,165,Bangalore -> Delhi
4038,Bangalore,Delhi,24-06-2022,26-06-2022,IndiGo,6E- 869,11:45,14:40,02h 55m,non-stop,17764,7,24-06-2022 07:00,Morning,2,175,Bangalore -> Delhi
4041,Bangalore,Delhi,24-06-2022,26-06-2022,Air Asia,I5-1453,13:40,21:45,08h 05m,1-stop,18096,7,24-06-2022 07:00,Morning,2,485,Bangalore -> Delhi
4042,Bangalore,Delhi,24-06-2022,26-06-2022,Vistara,UK-802,18:45,21:30,02h 45m,non-stop,18289,20,24-06-2022 20:00,Evening,2,165,Bangalore -> Delhi
4043,Bangalore,Delhi,24-06-2022,26-06-2022,Vistara,UK-816,11:30,14:20,02h 50m,non-stop,18289,12,24-06-2022 12:00,Afternoon,2,170,Bangalore -> Delhi
4044,Bangalore,Delhi,24-06-2022,26-06-2022,IndiGo,6E-2514,14:55,17:45,02h 50m,non-stop,18394,11,24-06-2022 11:00,Morning,2,170,Bangalore -> Delhi
4047,Bangalore,Delhi,24-06-2022,26-06-2022,IndiGo,6E- 522,13:50,18:20,04h 30m,1-stop,18919,15,24-06-2022 15:00,Afternoon,2,270,Bangalore -> Delhi
4048,Bangalore,Delhi,24-06-2022,26-06-2022,Air Asia,I5-741,11:15,13:55,02h 40m,non-stop,19548,0,24-06-2022 00:00,Night,2,160,Bangalore -> Delhi
4049,Bangalore,Delhi,24-06-2022,26-06-2022,Air Asia,I5-1731,18:15,21:10,02h 55m,non-stop,19548,12,24-06-2022 12:00,Afternoon,2,175,Bangalore -> Delhi
4050,Bangalore,Delhi,24-06-2022,26-06-2022,IndiGo,6E-2401,13:55,16:40,02h 45m,non-stop,20494,6,24-06-2022 06:00,Morning,2,165,Bangalore -> Delhi
4051,Bangalore,Delhi,24-06-2022,26-06-2022,Vistara,UK-820,17:45,20:20,02h 35m,non-stop,20599,4,24-06-2022 04:00,Night,2,155,Bangalore -> Delhi
4054,Bangalore,Delhi,24-06-2022,26-06-2022,Vistara,UK-755,09:25,16:05,06h 40m,1-stop,21649,7,24-06-2022 07:00,Morning,2,400,Bangalore -> Delhi
4062,Bangalore,Delhi,24-06-2022,26-06-2022,Vistara,UK-657,11:30,19:50,08h 20m,1-stop,27162,13,24-06-2022 13:00,Afternoon,2,500,Bangalore -> Delhi
4063,Bangalore,Delhi,24-06-2022,26-06-2022,Vistara,UK-657,11:30,16:30,05h 00m,1-stop,29734,22,24-06-2022 22:00,Night,2,300,Bangalore -> Delhi
4064,Bangalore,Delhi,24-06-2022,26-06-2022,GO FIRST,G8- 285,15:45,20:10,04h 25m,1-stop,31214,12,24-06-2022 12:00,Afternoon,2,265,Bangalore -> Delhi
4065,Bangalore,Delhi,24-06-2022,26-06-2022,Vistara,UK-511,07:10,18:20,11h 10m,1-stop,34772,14,24-06-2022 14:00,Afternoon,2,670,Bangalore -> Delhi
4066,Bangalore,Delhi,24-06-2022,27-06-2022,IndiGo,6E-6247,04:40,07:25,02h 45m,non-stop,9679,22,24-06-2022 22:00,Night,3,165,Bangalore -> Delhi
4067,Bangalore,Delhi,24-06-2022,27-06-2022,IndiGo,6E-5025,20:30,23:15,02h 45m,non-stop,9679,16,24-06-2022 16:00,Afternoon,3,165,Bangalore -> Delhi
4068,Bangalore,Delhi,24-06-2022,27-06-2022,IndiGo,6E-6042,22:00,00:45,02h 45m,non-stop,9679,14,24-06-2022 14:00,Afternoon,3,165,Bangalore -> Delhi
4069,Bangalore,Delhi,24-06-2022,27-06-2022,IndiGo,6E-2053,23:10,02:00,02h 50m,non-stop,9679,19,24-06-2022 19:00,Evening,3,170,Bangalore -> Delhi
4070,Bangalore,Delhi,24-06-2022,27-06-2022,GO FIRST,G8- 118,21:30,00:15,02h 45m,non-stop,9679,17,24-06-2022 17:00,Evening,3,165,Bangalore -> Delhi
4071,Bangalore,Delhi,24-06-2022,27-06-2022,GO FIRST,G8- 116,05:45,08:40,02h 55m,non-stop,9679,17,24-06-2022 17:00,Evening,3,175,Bangalore -> Delhi
4072,Bangalore,Delhi,24-06-2022,27-06-2022,Vistara,UK-814,21:15,23:50,02h 35m,non-stop,9677,1,24-06-2022 01:00,Night,3,155,Bangalore -> Delhi
4073,Bangalore,Delhi,24-06-2022,27-06-2022,Vistara,UK-818,19:40,22:25,02h 45m,non-stop,9677,3,24-06-2022 03:00,Night,3,165,Bangalore -> Delhi
4074,Bangalore,Delhi,24-06-2022,27-06-2022,SpiceJet,SG- 136,05:55,08:35,02h 40m,non-stop,9679,0,24-06-2022 00:00,Night,3,160,Bangalore -> Delhi
4075,Bangalore,Delhi,24-06-2022,27-06-2022,SpiceJet,SG- 536,21:50,00:35,02h 45m,non-stop,9679,3,24-06-2022 03:00,Night,3,165,Bangalore -> Delhi
4076,Bangalore,Delhi,24-06-2022,27-06-2022,Air Asia,I5-1731,18:15,21:10,02h 55m,non-stop,9921,17,24-06-2022 17:00,Evening,3,175,Bangalore -> Delhi
4077,Bangalore,Delhi,24-06-2022,27-06-2022,IndiGo,6E-6991,00:45,03:30,02h 45m,non-stop,9679,4,24-06-2022 04:00,Night,3,165,Bangalore -> Delhi
4078,Bangalore,Delhi,24-06-2022,27-06-2022,GO FIRST,G8- 285,15:45,20:10,04h 25m,1-stop,9679,18,24-06-2022 18:00,Evening,3,265,Bangalore -> Delhi
4079,Bangalore,Delhi,24-06-2022,27-06-2022,GO FIRST,G8- 803,17:15,22:30,05h 15m,1-stop,9679,14,24-06-2022 14:00,Afternoon,3,315,Bangalore -> Delhi
4080,Bangalore,Delhi,24-06-2022,27-06-2022,GO FIRST,G8- 241,18:10,23:25,05h 15m,1-stop,9679,7,24-06-2022 07:00,Morning,3,315,Bangalore -> Delhi
4081,Bangalore,Delhi,24-06-2022,27-06-2022,GO FIRST,G8- 320,17:45,23:35,05h 50m,1-stop,9679,19,24-06-2022 19:00,Evening,3,350,Bangalore -> Delhi
4082,Bangalore,Delhi,24-06-2022,27-06-2022,GO FIRST,G8- 241,18:10,00:50,06h 40m,1-stop,9679,16,24-06-2022 16:00,Afternoon,3,400,Bangalore -> Delhi
4083,Bangalore,Delhi,24-06-2022,27-06-2022,GO FIRST,G8- 803,17:15,00:10,06h 55m,1-stop,9679,0,24-06-2022 00:00,Night,3,415,Bangalore -> Delhi
4084,Bangalore,Delhi,24-06-2022,27-06-2022,GO FIRST,G8- 320,17:45,00:50,07h 05m,1-stop,9679,11,24-06-2022 11:00,Morning,3,425,Bangalore -> Delhi
4085,Bangalore,Delhi,24-06-2022,27-06-2022,GO FIRST,G8- 320,17:45,02:20,08h 35m,1-stop,9679,18,24-06-2022 18:00,Evening,3,515,Bangalore -> Delhi
4086,Bangalore,Delhi,24-06-2022,27-06-2022,GO FIRST,G8- 399,22:15,08:00,09h 45m,1-stop,9679,14,24-06-2022 14:00,Afternoon,3,585,Bangalore -> Delhi
4087,Bangalore,Delhi,24-06-2022,27-06-2022,GO FIRST,G8- 395,08:15,19:00,10h 45m,1-stop,9679,8,24-06-2022 08:00,Morning,3,645,Bangalore -> Delhi
4088,Bangalore,Delhi,24-06-2022,27-06-2022,GO FIRST,G8- 395,08:15,20:05,11h 50m,1-stop,9679,6,24-06-2022 06:00,Morning,3,710,Bangalore -> Delhi
4089,Bangalore,Delhi,24-06-2022,27-06-2022,GO FIRST,G8- 399,22:15,12:05,13h 50m,1-stop,9679,1,24-06-2022 01:00,Night,3,830,Bangalore -> Delhi
4090,Bangalore,Delhi,24-06-2022,27-06-2022,GO FIRST,G8- 320,17:45,08:00,14h 15m,1-stop,9679,8,24-06-2022 08:00,Morning,3,855,Bangalore -> Delhi
4091,Bangalore,Delhi,24-06-2022,27-06-2022,GO FIRST,G8- 395,08:15,23:35,15h 20m,1-stop,9679,9,24-06-2022 09:00,Morning,3,920,Bangalore -> Delhi
4092,Bangalore,Delhi,24-06-2022,27-06-2022,Air Asia,I5-722,00:25,03:20,02h 55m,non-stop,10201,1,24-06-2022 01:00,Night,3,175,Bangalore -> Delhi
4105,Bangalore,Delhi,24-06-2022,27-06-2022,IndiGo,6E- 855,20:10,00:45,04h 35m,1-stop,9994,18,24-06-2022 18:00,Evening,3,275,Bangalore -> Delhi
4106,Bangalore,Delhi,24-06-2022,27-06-2022,IndiGo,6E- 638,18:50,23:30,04h 40m,1-stop,9994,10,24-06-2022 10:00,Morning,3,280,Bangalore -> Delhi
4107,Bangalore,Delhi,24-06-2022,27-06-2022,IndiGo,6E- 484,07:10,12:10,05h 00m,1-stop,9994,12,24-06-2022 12:00,Afternoon,3,300,Bangalore -> Delhi
4108,Bangalore,Delhi,24-06-2022,27-06-2022,IndiGo,6E- 232,23:05,04:10,05h 05m,1-stop,9994,9,24-06-2022 09:00,Morning,3,305,Bangalore -> Delhi
4109,Bangalore,Delhi,24-06-2022,27-06-2022,IndiGo,6E-6317,18:25,00:05,05h 40m,1-stop,9994,13,24-06-2022 13:00,Afternoon,3,340,Bangalore -> Delhi
4110,Bangalore,Delhi,24-06-2022,27-06-2022,IndiGo,6E- 426,20:30,02:10,05h 40m,1-stop,9994,17,24-06-2022 17:00,Evening,3,340,Bangalore -> Delhi
4111,Bangalore,Delhi,24-06-2022,27-06-2022,IndiGo,6E- 528,17:05,23:00,05h 55m,1-stop,9994,18,24-06-2022 18:00,Evening,3,355,Bangalore -> Delhi
4112,Bangalore,Delhi,24-06-2022,27-06-2022,IndiGo,6E- 638,18:50,00:45,05h 55m,1-stop,9994,21,24-06-2022 21:00,Night,3,355,Bangalore -> Delhi
4113,Bangalore,Delhi,24-06-2022,27-06-2022,IndiGo,6E-6491,12:35,18:35,06h 00m,1-stop,9994,8,24-06-2022 08:00,Morning,3,360,Bangalore -> Delhi
4114,Bangalore,Delhi,24-06-2022,27-06-2022,IndiGo,6E-6404,07:30,13:45,06h 15m,1-stop,9994,6,24-06-2022 06:00,Morning,3,375,Bangalore -> Delhi
4115,Bangalore,Delhi,24-06-2022,27-06-2022,IndiGo,6E- 469,15:35,21:55,06h 20m,1-stop,9994,2,24-06-2022 02:00,Night,3,380,Bangalore -> Delhi
4116,Bangalore,Delhi,24-06-2022,27-06-2022,IndiGo,6E-6067,15:45,22:20,06h 35m,1-stop,9994,19,24-06-2022 19:00,Evening,3,395,Bangalore -> Delhi
4117,Bangalore,Delhi,24-06-2022,27-06-2022,IndiGo,6E- 484,07:10,13:55,06h 45m,1-stop,9994,5,24-06-2022 05:00,Morning,3,405,Bangalore -> Delhi
4118,Bangalore,Delhi,24-06-2022,27-06-2022,IndiGo,6E-6257,05:15,12:10,06h 55m,1-stop,9994,20,24-06-2022 20:00,Evening,3,415,Bangalore -> Delhi
4119,Bangalore,Delhi,24-06-2022,27-06-2022,IndiGo,6E- 978,16:10,23:05,06h 55m,1-stop,9994,1,24-06-2022 01:00,Night,3,415,Bangalore -> Delhi
4120,Bangalore,Delhi,24-06-2022,27-06-2022,IndiGo,6E-6491,12:35,20:00,07h 25m,1-stop,9994,5,24-06-2022 05:00,Morning,3,445,Bangalore -> Delhi
4121,Bangalore,Delhi,24-06-2022,27-06-2022,IndiGo,6E- 426,20:30,04:10,07h 40m,1-stop,9994,2,24-06-2022 02:00,Night,3,460,Bangalore -> Delhi
4122,Bangalore,Delhi,24-06-2022,27-06-2022,IndiGo,6E-6067,15:45,23:30,07h 45m,1-stop,9994,15,24-06-2022 15:00,Afternoon,3,465,Bangalore -> Delhi
4123,Bangalore,Delhi,24-06-2022,27-06-2022,IndiGo,6E- 469,15:35,23:25,07h 50m,1-stop,9994,7,24-06-2022 07:00,Morning,3,470,Bangalore -> Delhi
4124,Bangalore,Delhi,24-06-2022,27-06-2022,IndiGo,6E- 232,23:05,06:55,07h 50m,1-stop,9994,1,24-06-2022 01:00,Night,3,470,Bangalore -> Delhi
4125,Bangalore,Delhi,24-06-2022,27-06-2022,IndiGo,6E- 405,07:50,15:55,08h 05m,1-stop,9994,16,24-06-2022 16:00,Afternoon,3,485,Bangalore -> Delhi
4126,Bangalore,Delhi,24-06-2022,27-06-2022,IndiGo,6E- 537,10:15,18:35,08h 20m,1-stop,9994,8,24-06-2022 08:00,Morning,3,500,Bangalore -> Delhi
4127,Bangalore,Delhi,24-06-2022,27-06-2022,IndiGo,6E-6257,05:15,13:55,08h 40m,1-stop,9994,11,24-06-2022 11:00,Morning,3,520,Bangalore -> Delhi
4128,Bangalore,Delhi,24-06-2022,27-06-2022,IndiGo,6E- 735,19:15,22:00,02h 45m,non-stop,10200,2,24-06-2022 02:00,Night,3,165,Bangalore -> Delhi
4129,Bangalore,Delhi,24-06-2022,27-06-2022,IndiGo,6E- 869,11:45,14:40,02h 55m,non-stop,10200,10,24-06-2022 10:00,Morning,3,175,Bangalore -> Delhi
4130,Bangalore,Delhi,24-06-2022,27-06-2022,Vistara,UK-806,09:45,12:40,02h 55m,non-stop,10414,0,24-06-2022 00:00,Night,3,175,Bangalore -> Delhi
4131,Bangalore,Delhi,24-06-2022,27-06-2022,IndiGo,6E-2174,18:00,20:45,02h 45m,non-stop,10572,22,24-06-2022 22:00,Night,3,165,Bangalore -> Delhi
4132,Bangalore,Delhi,24-06-2022,27-06-2022,IndiGo,6E- 415,08:50,15:20,06h 30m,1-stop,11044,12,24-06-2022 12:00,Afternoon,3,390,Bangalore -> Delhi
4133,Bangalore,Delhi,24-06-2022,27-06-2022,IndiGo,6E-5039,16:30,19:15,02h 45m,non-stop,11097,14,24-06-2022 14:00,Afternoon,3,165,Bangalore -> Delhi
4134,Bangalore,Delhi,24-06-2022,27-06-2022,IndiGo,6E-2514,14:55,17:45,02h 50m,non-stop,11097,4,24-06-2022 04:00,Night,3,170,Bangalore -> Delhi
4135,Bangalore,Delhi,24-06-2022,27-06-2022,IndiGo,6E- 871,09:20,12:10,02h 50m,non-stop,11307,20,24-06-2022 20:00,Evening,3,170,Bangalore -> Delhi
4139,Bangalore,Delhi,24-06-2022,27-06-2022,Vistara,UK-802,18:45,21:30,02h 45m,non-stop,11464,16,24-06-2022 16:00,Afternoon,3,165,Bangalore -> Delhi
4140,Bangalore,Delhi,24-06-2022,27-06-2022,Vistara,UK-816,11:30,14:20,02h 50m,non-stop,11464,22,24-06-2022 22:00,Night,3,170,Bangalore -> Delhi
4141,Bangalore,Delhi,24-06-2022,27-06-2022,IndiGo,6E- 408,05:25,13:15,07h 50m,1-stop,11569,23,24-06-2022 23:00,Night,3,470,Bangalore -> Delhi
4142,Bangalore,Delhi,24-06-2022,27-06-2022,Vistara,UK-820,17:45,20:20,02h 35m,non-stop,12199,5,24-06-2022 05:00,Morning,3,155,Bangalore -> Delhi
4143,Bangalore,Delhi,24-06-2022,27-06-2022,IndiGo,6E- 537,10:15,16:15,06h 00m,1-stop,12619,20,24-06-2022 20:00,Evening,3,360,Bangalore -> Delhi
4144,Bangalore,Delhi,24-06-2022,27-06-2022,Vistara,UK-893,20:10,12:30,16h 20m,1-stop,14400,21,24-06-2022 21:00,Night,3,980,Bangalore -> Delhi
4145,Bangalore,Delhi,24-06-2022,27-06-2022,Vistara,UK-893,20:10,15:35,19h 25m,1-stop,14400,10,24-06-2022 10:00,Morning,3,1165,Bangalore -> Delhi
4147,Bangalore,Delhi,24-06-2022,27-06-2022,IndiGo,6E-2401,13:55,16:40,02h 45m,non-stop,13564,17,24-06-2022 17:00,Evening,3,165,Bangalore -> Delhi
4148,Bangalore,Delhi,24-06-2022,27-06-2022,GO FIRST,G8- 283,05:25,15:05,09h 40m,1-stop,15454,3,24-06-2022 03:00,Night,3,580,Bangalore -> Delhi
4149,Bangalore,Delhi,24-06-2022,27-06-2022,Vistara,UK-915,17:30,21:35,04h 05m,1-stop,15555,2,24-06-2022 02:00,Night,3,245,Bangalore -> Delhi
4150,Bangalore,Delhi,24-06-2022,27-06-2022,Vistara,UK-854,18:25,23:00,04h 35m,2+-stop,15555,12,24-06-2022 12:00,Afternoon,3,275,Bangalore -> Delhi
4151,Bangalore,Delhi,24-06-2022,27-06-2022,Vistara,UK-852,09:30,14:30,05h 00m,2+-stop,15555,22,24-06-2022 22:00,Night,3,300,Bangalore -> Delhi
4152,Bangalore,Delhi,24-06-2022,27-06-2022,Vistara,UK-544,10:15,16:55,06h 40m,2+-stop,15555,8,24-06-2022 08:00,Morning,3,400,Bangalore -> Delhi
4153,Bangalore,Delhi,24-06-2022,27-06-2022,Vistara,UK-852,09:30,16:55,07h 25m,2+-stop,15555,20,24-06-2022 20:00,Evening,3,445,Bangalore -> Delhi
4154,Bangalore,Delhi,24-06-2022,27-06-2022,Vistara,UK-544,10:15,18:05,07h 50m,2+-stop,15555,5,24-06-2022 05:00,Morning,3,470,Bangalore -> Delhi
4155,Bangalore,Delhi,24-06-2022,27-06-2022,Vistara,UK-852,09:30,18:05,08h 35m,2+-stop,15555,11,24-06-2022 11:00,Morning,3,515,Bangalore -> Delhi
4156,Bangalore,Delhi,24-06-2022,27-06-2022,Vistara,UK-544,10:15,19:45,09h 30m,2+-stop,15555,1,24-06-2022 01:00,Night,3,570,Bangalore -> Delhi
4157,Bangalore,Delhi,24-06-2022,27-06-2022,Vistara,UK-852,09:30,19:45,10h 15m,2+-stop,15555,2,24-06-2022 02:00,Night,3,615,Bangalore -> Delhi
4158,Bangalore,Delhi,24-06-2022,27-06-2022,Vistara,UK-915,17:30,09:35,16h 05m,1-stop,15555,2,24-06-2022 02:00,Night,3,965,Bangalore -> Delhi
4159,Bangalore,Delhi,24-06-2022,27-06-2022,Vistara,UK-657,11:30,16:30,05h 00m,1-stop,15870,11,24-06-2022 11:00,Morning,3,300,Bangalore -> Delhi
4160,Bangalore,Delhi,24-06-2022,27-06-2022,Vistara,UK-657,11:30,19:50,08h 20m,1-stop,15870,14,24-06-2022 14:00,Afternoon,3,500,Bangalore -> Delhi
4161,Bangalore,Delhi,24-06-2022,27-06-2022,IndiGo,6E-2186,07:45,10:40,02h 55m,non-stop,14250,8,24-06-2022 08:00,Morning,3,175,Bangalore -> Delhi
4162,Bangalore,Delhi,24-06-2022,27-06-2022,Vistara,UK-852,09:30,16:20,06h 50m,1-stop Via Mumbai,15994,22,24-06-2022 22:00,Night,3,410,Bangalore -> Delhi
4164,Bangalore,Delhi,24-06-2022,27-06-2022,Vistara,UK-808,08:00,10:40,02h 40m,non-stop,14614,7,24-06-2022 07:00,Morning,3,160,Bangalore -> Delhi
4165,Bangalore,Delhi,24-06-2022,27-06-2022,Vistara,UK-893,20:10,09:00,12h 50m,1-stop,14717,10,24-06-2022 10:00,Morning,3,770,Bangalore -> Delhi
4166,Bangalore,Delhi,24-06-2022,27-06-2022,Vistara,UK-850,19:55,08:20,12h 25m,2+-stop,14746,15,24-06-2022 15:00,Afternoon,3,745,Bangalore -> Delhi
4167,Bangalore,Delhi,24-06-2022,27-06-2022,Vistara,UK-864,18:55,08:20,13h 25m,2+-stop,14746,21,24-06-2022 21:00,Night,3,805,Bangalore -> Delhi
4168,Bangalore,Delhi,24-06-2022,27-06-2022,Vistara,UK-854,18:25,08:20,13h 55m,2+-stop,14746,3,24-06-2022 03:00,Night,3,835,Bangalore -> Delhi
4169,Bangalore,Delhi,24-06-2022,27-06-2022,Vistara,UK-850,19:55,10:25,14h 30m,2+-stop,14746,0,24-06-2022 00:00,Night,3,870,Bangalore -> Delhi
4170,Bangalore,Delhi,24-06-2022,27-06-2022,Vistara,UK-864,18:55,10:25,15h 30m,2+-stop,14746,23,24-06-2022 23:00,Night,3,930,Bangalore -> Delhi
4171,Bangalore,Delhi,24-06-2022,27-06-2022,Vistara,UK-854,18:25,10:25,16h 00m,2+-stop,14746,6,24-06-2022 06:00,Morning,3,960,Bangalore -> Delhi
4172,Bangalore,Delhi,24-06-2022,27-06-2022,Vistara,UK-544,10:15,08:20,22h 05m,2+-stop,14746,1,24-06-2022 01:00,Night,3,1325,Bangalore -> Delhi
4173,Bangalore,Delhi,24-06-2022,27-06-2022,Vistara,UK-852,09:30,08:20,22h 50m,2+-stop,14746,23,24-06-2022 23:00,Night,3,1370,Bangalore -> Delhi
4174,Bangalore,Delhi,24-06-2022,27-06-2022,Vistara,UK-544,10:15,10:25,24h 10m,2+-stop,14746,4,24-06-2022 04:00,Night,3,1450,Bangalore -> Delhi
4175,Bangalore,Delhi,24-06-2022,27-06-2022,Vistara,UK-852,09:30,10:25,24h 55m,2+-stop,14746,6,24-06-2022 06:00,Morning,3,1495,Bangalore -> Delhi
4176,Bangalore,Delhi,24-06-2022,27-06-2022,IndiGo,6E- 886,08:55,16:15,07h 20m,1-stop,15244,3,24-06-2022 03:00,Night,3,440,Bangalore -> Delhi
4177,Bangalore,Delhi,24-06-2022,27-06-2022,Vistara,UK-866,21:40,16:45,19h 05m,2+-stop,15334,4,24-06-2022 04:00,Night,3,1145,Bangalore -> Delhi
4178,Bangalore,Delhi,24-06-2022,27-06-2022,Vistara,UK-852,09:30,16:45,07h 15m,2+-stop,15522,23,24-06-2022 23:00,Night,3,435,Bangalore -> Delhi
4179,Bangalore,Delhi,24-06-2022,27-06-2022,Vistara,UK-850,19:55,00:55,05h 00m,2+-stop,15555,0,24-06-2022 00:00,Night,3,300,Bangalore -> Delhi
4180,Bangalore,Delhi,24-06-2022,27-06-2022,Vistara,UK-864,18:55,00:10,05h 15m,2+-stop,15555,0,24-06-2022 00:00,Night,3,315,Bangalore -> Delhi
4181,Bangalore,Delhi,24-06-2022,27-06-2022,Vistara,UK-854,18:25,00:10,05h 45m,2+-stop,15555,14,24-06-2022 14:00,Afternoon,3,345,Bangalore -> Delhi
4182,Bangalore,Delhi,24-06-2022,27-06-2022,Vistara,UK-864,18:55,00:55,06h 00m,2+-stop,15555,19,24-06-2022 19:00,Evening,3,360,Bangalore -> Delhi
4183,Bangalore,Delhi,24-06-2022,27-06-2022,Vistara,UK-854,18:25,00:55,06h 30m,2+-stop,15555,18,24-06-2022 18:00,Evening,3,390,Bangalore -> Delhi
4184,Bangalore,Delhi,24-06-2022,27-06-2022,Air Asia,I5-1781,12:15,19:55,07h 40m,1-stop,15555,9,24-06-2022 09:00,Morning,3,460,Bangalore -> Delhi
4185,Bangalore,Delhi,24-06-2022,27-06-2022,Vistara,UK-866,21:40,08:05,10h 25m,2+-stop,15555,17,24-06-2022 17:00,Evening,3,625,Bangalore -> Delhi
4186,Bangalore,Delhi,24-06-2022,27-06-2022,GO FIRST,G8- 873,05:45,15:30,09h 45m,1-stop,16294,2,24-06-2022 02:00,Night,3,585,Bangalore -> Delhi
4187,Bangalore,Delhi,24-06-2022,27-06-2022,Vistara,UK-866,21:40,10:25,12h 45m,2+-stop,15691,10,24-06-2022 10:00,Morning,3,765,Bangalore -> Delhi
4188,Bangalore,Delhi,24-06-2022,27-06-2022,IndiGo,6E-6104,11:05,18:20,07h 15m,1-stop,15769,14,24-06-2022 14:00,Afternoon,3,435,Bangalore -> Delhi
4189,Bangalore,Delhi,24-06-2022,27-06-2022,IndiGo,6E-5021,06:00,08:45,02h 45m,non-stop,15822,10,24-06-2022 10:00,Morning,3,165,Bangalore -> Delhi
4204,Bangalore,Delhi,24-06-2022,27-06-2022,Vistara,UK-897,07:45,15:35,07h 50m,1-stop,15874,16,24-06-2022 16:00,Afternoon,3,470,Bangalore -> Delhi
4211,Bangalore,Delhi,24-06-2022,27-06-2022,Vistara,UK-897,07:45,12:30,04h 45m,1-stop,16294,16,24-06-2022 16:00,Afternoon,3,285,Bangalore -> Delhi
4212,Bangalore,Delhi,24-06-2022,27-06-2022,Vistara,UK-867,12:45,00:40,11h 55m,1-stop,16294,5,24-06-2022 05:00,Morning,3,715,Bangalore -> Delhi
4213,Bangalore,Delhi,24-06-2022,27-06-2022,IndiGo,6E- 886,08:55,13:55,05h 00m,1-stop,17344,4,24-06-2022 04:00,Night,3,300,Bangalore -> Delhi
4214,Bangalore,Delhi,24-06-2022,27-06-2022,IndiGo,6E- 699,02:30,09:45,07h 15m,1-stop,17344,7,24-06-2022 07:00,Morning,3,435,Bangalore -> Delhi
4215,Bangalore,Delhi,24-06-2022,27-06-2022,Vistara,UK-858,06:40,12:40,06h 00m,1-stop,17867,1,24-06-2022 01:00,Night,3,360,Bangalore -> Delhi
4216,Bangalore,Delhi,24-06-2022,27-06-2022,Vistara,UK-755,09:25,16:05,06h 40m,1-stop,19860,15,24-06-2022 15:00,Afternoon,3,400,Bangalore -> Delhi
4217,Bangalore,Delhi,24-06-2022,27-06-2022,Vistara,UK-810,07:00,09:40,02h 40m,non-stop,18289,19,24-06-2022 19:00,Evening,3,160,Bangalore -> Delhi
4218,Bangalore,Delhi,24-06-2022,27-06-2022,Air Asia,I5-1622,10:55,21:45,10h 50m,1-stop,18946,23,24-06-2022 23:00,Night,3,650,Bangalore -> Delhi
4219,Bangalore,Delhi,24-06-2022,27-06-2022,Vistara,UK-846,08:30,14:30,06h 00m,1-stop,18602,11,24-06-2022 11:00,Morning,3,360,Bangalore -> Delhi
4220,Bangalore,Delhi,24-06-2022,27-06-2022,Vistara,UK-846,08:30,14:05,05h 35m,1-stop,18919,5,24-06-2022 05:00,Morning,3,335,Bangalore -> Delhi
4221,Bangalore,Delhi,24-06-2022,27-06-2022,Vistara,UK-511,07:10,18:20,11h 10m,1-stop,20387,0,24-06-2022 00:00,Night,3,670,Bangalore -> Delhi
4227,Bangalore,Delhi,24-06-2022,27-06-2022,Air Asia,I5-1982,08:45,15:20,06h 35m,1-stop,23670,3,24-06-2022 03:00,Night,3,395,Bangalore -> Delhi
4228,Bangalore,Delhi,24-06-2022,28-06-2022,IndiGo,6E-6247,04:40,07:25,02h 45m,non-stop,9679,16,24-06-2022 16:00,Afternoon,4,165,Bangalore -> Delhi
4229,Bangalore,Delhi,24-06-2022,28-06-2022,IndiGo,6E-5025,20:30,23:15,02h 45m,non-stop,9679,12,24-06-2022 12:00,Afternoon,4,165,Bangalore -> Delhi
4230,Bangalore,Delhi,24-06-2022,28-06-2022,IndiGo,6E-6042,22:00,00:45,02h 45m,non-stop,9679,17,24-06-2022 17:00,Evening,4,165,Bangalore -> Delhi
4231,Bangalore,Delhi,24-06-2022,28-06-2022,IndiGo,6E-2514,14:55,17:45,02h 50m,non-stop,9679,4,24-06-2022 04:00,Night,4,170,Bangalore -> Delhi
4232,Bangalore,Delhi,24-06-2022,28-06-2022,IndiGo,6E-2053,23:10,02:00,02h 50m,non-stop,9679,23,24-06-2022 23:00,Night,4,170,Bangalore -> Delhi
4233,Bangalore,Delhi,24-06-2022,28-06-2022,GO FIRST,G8- 118,21:30,00:15,02h 45m,non-stop,9679,23,24-06-2022 23:00,Night,4,165,Bangalore -> Delhi
4234,Bangalore,Delhi,24-06-2022,28-06-2022,GO FIRST,G8- 116,05:45,08:40,02h 55m,non-stop,9679,2,24-06-2022 02:00,Night,4,175,Bangalore -> Delhi
4235,Bangalore,Delhi,24-06-2022,28-06-2022,Vistara,UK-806,09:45,12:40,02h 55m,non-stop,9677,10,24-06-2022 10:00,Morning,4,175,Bangalore -> Delhi
4236,Bangalore,Delhi,24-06-2022,28-06-2022,SpiceJet,SG- 136,05:55,08:35,02h 40m,non-stop,9679,12,24-06-2022 12:00,Afternoon,4,160,Bangalore -> Delhi
4237,Bangalore,Delhi,24-06-2022,28-06-2022,SpiceJet,SG- 536,21:50,00:35,02h 45m,non-stop,9679,3,24-06-2022 03:00,Night,4,165,Bangalore -> Delhi
4238,Bangalore,Delhi,24-06-2022,28-06-2022,IndiGo,6E-6991,00:45,03:30,02h 45m,non-stop,9679,13,24-06-2022 13:00,Afternoon,4,165,Bangalore -> Delhi
4239,Bangalore,Delhi,24-06-2022,28-06-2022,IndiGo,6E-5039,16:30,19:15,02h 45m,non-stop,9679,21,24-06-2022 21:00,Night,4,165,Bangalore -> Delhi
4240,Bangalore,Delhi,24-06-2022,28-06-2022,IndiGo,6E-2174,18:00,20:45,02h 45m,non-stop,9679,10,24-06-2022 10:00,Morning,4,165,Bangalore -> Delhi
4241,Bangalore,Delhi,24-06-2022,28-06-2022,IndiGo,6E- 735,19:15,22:00,02h 45m,non-stop,9679,9,24-06-2022 09:00,Morning,4,165,Bangalore -> Delhi
4242,Bangalore,Delhi,24-06-2022,28-06-2022,IndiGo,6E- 871,09:20,12:10,02h 50m,non-stop,9679,18,24-06-2022 18:00,Evening,4,170,Bangalore -> Delhi
4243,Bangalore,Delhi,24-06-2022,28-06-2022,IndiGo,6E-2186,07:45,10:40,02h 55m,non-stop,9679,17,24-06-2022 17:00,Evening,4,175,Bangalore -> Delhi
4244,Bangalore,Delhi,24-06-2022,28-06-2022,GO FIRST,G8- 285,15:45,20:10,04h 25m,1-stop,9679,5,24-06-2022 05:00,Morning,4,265,Bangalore -> Delhi
4245,Bangalore,Delhi,24-06-2022,28-06-2022,GO FIRST,G8- 803,17:15,22:30,05h 15m,1-stop,9679,14,24-06-2022 14:00,Afternoon,4,315,Bangalore -> Delhi
4246,Bangalore,Delhi,24-06-2022,28-06-2022,GO FIRST,G8- 241,18:10,23:25,05h 15m,1-stop,9679,20,24-06-2022 20:00,Evening,4,315,Bangalore -> Delhi
4247,Bangalore,Delhi,24-06-2022,28-06-2022,GO FIRST,G8- 320,17:45,23:35,05h 50m,1-stop,9679,9,24-06-2022 09:00,Morning,4,350,Bangalore -> Delhi
4248,Bangalore,Delhi,24-06-2022,28-06-2022,GO FIRST,G8- 803,17:15,00:10,06h 55m,1-stop,9679,4,24-06-2022 04:00,Night,4,415,Bangalore -> Delhi
4249,Bangalore,Delhi,24-06-2022,28-06-2022,GO FIRST,G8- 320,17:45,00:50,07h 05m,1-stop,9679,4,24-06-2022 04:00,Night,4,425,Bangalore -> Delhi
4250,Bangalore,Delhi,24-06-2022,28-06-2022,GO FIRST,G8- 320,17:45,02:20,08h 35m,1-stop,9679,9,24-06-2022 09:00,Morning,4,515,Bangalore -> Delhi
4251,Bangalore,Delhi,24-06-2022,28-06-2022,GO FIRST,G8- 283,05:25,15:05,09h 40m,1-stop,9679,4,24-06-2022 04:00,Night,4,580,Bangalore -> Delhi
4252,Bangalore,Delhi,24-06-2022,28-06-2022,GO FIRST,G8- 399,22:15,08:00,09h 45m,1-stop,9679,2,24-06-2022 02:00,Night,4,585,Bangalore -> Delhi
4253,Bangalore,Delhi,24-06-2022,28-06-2022,GO FIRST,G8- 395,08:15,19:30,11h 15m,1-stop,9679,22,24-06-2022 22:00,Night,4,675,Bangalore -> Delhi
4254,Bangalore,Delhi,24-06-2022,28-06-2022,GO FIRST,G8- 395,08:15,20:05,11h 50m,1-stop,9679,5,24-06-2022 05:00,Morning,4,710,Bangalore -> Delhi
4255,Bangalore,Delhi,24-06-2022,28-06-2022,GO FIRST,G8- 399,22:15,12:05,13h 50m,1-stop,9679,3,24-06-2022 03:00,Night,4,830,Bangalore -> Delhi
4256,Bangalore,Delhi,24-06-2022,28-06-2022,GO FIRST,G8- 320,17:45,08:00,14h 15m,1-stop,9679,17,24-06-2022 17:00,Evening,4,855,Bangalore -> Delhi
4257,Bangalore,Delhi,24-06-2022,28-06-2022,GO FIRST,G8- 395,08:15,23:35,15h 20m,1-stop,9679,8,24-06-2022 08:00,Morning,4,920,Bangalore -> Delhi
4278,Bangalore,Delhi,24-06-2022,28-06-2022,IndiGo,6E- 855,20:10,00:45,04h 35m,1-stop,9994,16,24-06-2022 16:00,Afternoon,4,275,Bangalore -> Delhi
4279,Bangalore,Delhi,24-06-2022,28-06-2022,IndiGo,6E- 638,18:50,23:30,04h 40m,1-stop,9994,12,24-06-2022 12:00,Afternoon,4,280,Bangalore -> Delhi
4280,Bangalore,Delhi,24-06-2022,28-06-2022,IndiGo,6E- 484,07:10,12:10,05h 00m,1-stop,9994,14,24-06-2022 14:00,Afternoon,4,300,Bangalore -> Delhi
4281,Bangalore,Delhi,24-06-2022,28-06-2022,IndiGo,6E- 886,08:55,13:55,05h 00m,1-stop,9994,19,24-06-2022 19:00,Evening,4,300,Bangalore -> Delhi
4282,Bangalore,Delhi,24-06-2022,28-06-2022,IndiGo,6E- 232,23:05,04:10,05h 05m,1-stop,9994,16,24-06-2022 16:00,Afternoon,4,305,Bangalore -> Delhi
4283,Bangalore,Delhi,24-06-2022,28-06-2022,IndiGo,6E-6317,18:25,00:05,05h 40m,1-stop,9994,12,24-06-2022 12:00,Afternoon,4,340,Bangalore -> Delhi
4284,Bangalore,Delhi,24-06-2022,28-06-2022,IndiGo,6E- 426,20:30,02:10,05h 40m,1-stop,9994,15,24-06-2022 15:00,Afternoon,4,340,Bangalore -> Delhi
4285,Bangalore,Delhi,24-06-2022,28-06-2022,IndiGo,6E- 528,17:05,23:00,05h 55m,1-stop,9994,21,24-06-2022 21:00,Night,4,355,Bangalore -> Delhi
4286,Bangalore,Delhi,24-06-2022,28-06-2022,IndiGo,6E- 638,18:50,00:45,05h 55m,1-stop,9994,3,24-06-2022 03:00,Night,4,355,Bangalore -> Delhi
4287,Bangalore,Delhi,24-06-2022,28-06-2022,IndiGo,6E- 537,10:15,16:15,06h 00m,1-stop,9994,4,24-06-2022 04:00,Night,4,360,Bangalore -> Delhi
4288,Bangalore,Delhi,24-06-2022,28-06-2022,IndiGo,6E-6491,12:35,18:35,06h 00m,1-stop,9994,4,24-06-2022 04:00,Night,4,360,Bangalore -> Delhi
4289,Bangalore,Delhi,24-06-2022,28-06-2022,IndiGo,6E- 415,08:50,15:20,06h 30m,1-stop,9994,8,24-06-2022 08:00,Morning,4,390,Bangalore -> Delhi
4290,Bangalore,Delhi,24-06-2022,28-06-2022,IndiGo,6E-6067,15:45,22:20,06h 35m,1-stop,9994,16,24-06-2022 16:00,Afternoon,4,395,Bangalore -> Delhi
4291,Bangalore,Delhi,24-06-2022,28-06-2022,IndiGo,6E- 484,07:10,13:55,06h 45m,1-stop,9994,12,24-06-2022 12:00,Afternoon,4,405,Bangalore -> Delhi
4292,Bangalore,Delhi,24-06-2022,28-06-2022,IndiGo,6E- 978,16:10,23:05,06h 55m,1-stop,9994,1,24-06-2022 01:00,Night,4,415,Bangalore -> Delhi
4293,Bangalore,Delhi,24-06-2022,28-06-2022,IndiGo,6E- 486,17:55,01:00,07h 05m,1-stop,9994,12,24-06-2022 12:00,Afternoon,4,425,Bangalore -> Delhi
4294,Bangalore,Delhi,24-06-2022,28-06-2022,IndiGo,6E- 699,02:30,09:45,07h 15m,1-stop,9994,21,24-06-2022 21:00,Night,4,435,Bangalore -> Delhi
4295,Bangalore,Delhi,24-06-2022,28-06-2022,IndiGo,6E-6104,11:05,18:20,07h 15m,1-stop,9994,20,24-06-2022 20:00,Evening,4,435,Bangalore -> Delhi
4296,Bangalore,Delhi,24-06-2022,28-06-2022,IndiGo,6E- 886,08:55,16:15,07h 20m,1-stop,9994,22,24-06-2022 22:00,Night,4,440,Bangalore -> Delhi
4297,Bangalore,Delhi,24-06-2022,28-06-2022,IndiGo,6E-6491,12:35,20:00,07h 25m,1-stop,9994,18,24-06-2022 18:00,Evening,4,445,Bangalore -> Delhi
4298,Bangalore,Delhi,24-06-2022,28-06-2022,IndiGo,6E- 426,20:30,04:10,07h 40m,1-stop,9994,2,24-06-2022 02:00,Night,4,460,Bangalore -> Delhi
4299,Bangalore,Delhi,24-06-2022,28-06-2022,IndiGo,6E-6067,15:45,23:30,07h 45m,1-stop,9994,9,24-06-2022 09:00,Morning,4,465,Bangalore -> Delhi
4300,Bangalore,Delhi,24-06-2022,28-06-2022,IndiGo,6E- 408,05:25,13:15,07h 50m,1-stop,9994,1,24-06-2022 01:00,Night,4,470,Bangalore -> Delhi
4301,Bangalore,Delhi,24-06-2022,28-06-2022,IndiGo,6E- 469,15:35,23:25,07h 50m,1-stop,9994,12,24-06-2022 12:00,Afternoon,4,470,Bangalore -> Delhi
4302,Bangalore,Delhi,24-06-2022,28-06-2022,IndiGo,6E- 232,23:05,06:55,07h 50m,1-stop,9994,18,24-06-2022 18:00,Evening,4,470,Bangalore -> Delhi
4303,Bangalore,Delhi,24-06-2022,28-06-2022,IndiGo,6E- 405,07:50,15:55,08h 05m,1-stop,9994,16,24-06-2022 16:00,Afternoon,4,485,Bangalore -> Delhi
4304,Bangalore,Delhi,24-06-2022,28-06-2022,IndiGo,6E- 959,13:05,21:15,08h 10m,1-stop,9994,20,24-06-2022 20:00,Evening,4,490,Bangalore -> Delhi
4305,Bangalore,Delhi,24-06-2022,28-06-2022,IndiGo,6E- 537,10:15,18:35,08h 20m,1-stop,9994,13,24-06-2022 13:00,Afternoon,4,500,Bangalore -> Delhi
4306,Bangalore,Delhi,24-06-2022,28-06-2022,IndiGo,6E-6802,06:20,15:10,08h 50m,1-stop,9994,11,24-06-2022 11:00,Morning,4,530,Bangalore -> Delhi
4307,Bangalore,Delhi,24-06-2022,28-06-2022,IndiGo,6E-2401,13:55,16:40,02h 45m,non-stop,10200,20,24-06-2022 20:00,Evening,4,165,Bangalore -> Delhi
4308,Bangalore,Delhi,24-06-2022,28-06-2022,IndiGo,6E- 469,15:35,21:55,06h 20m,1-stop,10519,11,24-06-2022 11:00,Morning,4,380,Bangalore -> Delhi
4309,Bangalore,Delhi,24-06-2022,28-06-2022,Vistara,UK-820,17:45,20:20,02h 35m,non-stop,10939,10,24-06-2022 10:00,Morning,4,155,Bangalore -> Delhi
4310,Bangalore,Delhi,24-06-2022,28-06-2022,Vistara,UK-802,18:45,21:30,02h 45m,non-stop,10939,6,24-06-2022 06:00,Morning,4,165,Bangalore -> Delhi
4311,Bangalore,Delhi,24-06-2022,28-06-2022,Vistara,UK-818,19:40,22:25,02h 45m,non-stop,10939,3,24-06-2022 03:00,Night,4,165,Bangalore -> Delhi
4312,Bangalore,Delhi,24-06-2022,28-06-2022,IndiGo,6E- 869,11:45,14:40,02h 55m,non-stop,11097,18,24-06-2022 18:00,Evening,4,175,Bangalore -> Delhi
4313,Bangalore,Delhi,24-06-2022,28-06-2022,Vistara,UK-816,11:30,14:20,02h 50m,non-stop,11464,0,24-06-2022 00:00,Night,4,170,Bangalore -> Delhi
4314,Bangalore,Delhi,24-06-2022,28-06-2022,Vistara,UK-810,07:00,09:40,02h 40m,non-stop,12199,23,24-06-2022 23:00,Night,4,160,Bangalore -> Delhi
4315,Bangalore,Delhi,24-06-2022,28-06-2022,Vistara,UK-808,08:00,10:40,02h 40m,non-stop,12199,2,24-06-2022 02:00,Night,4,160,Bangalore -> Delhi
4316,Bangalore,Delhi,24-06-2022,28-06-2022,IndiGo,6E-5021,06:00,08:45,02h 45m,non-stop,12304,12,24-06-2022 12:00,Afternoon,4,165,Bangalore -> Delhi
4317,Bangalore,Delhi,24-06-2022,28-06-2022,Vistara,UK-893,20:10,09:00,12h 50m,1-stop,14400,14,24-06-2022 14:00,Afternoon,4,770,Bangalore -> Delhi
4318,Bangalore,Delhi,24-06-2022,28-06-2022,Vistara,UK-893,20:10,15:35,19h 25m,1-stop,14400,1,24-06-2022 01:00,Night,4,1165,Bangalore -> Delhi
4319,Bangalore,Delhi,24-06-2022,28-06-2022,Air Asia,I5-1731,18:15,21:10,02h 55m,non-stop,13038,10,24-06-2022 10:00,Morning,4,175,Bangalore -> Delhi
4320,Bangalore,Delhi,24-06-2022,28-06-2022,Vistara,UK-814,21:15,23:50,02h 35m,non-stop,13249,3,24-06-2022 03:00,Night,4,155,Bangalore -> Delhi
4321,Bangalore,Delhi,24-06-2022,28-06-2022,GO FIRST,G8- 241,18:10,00:50,06h 40m,1-stop,15454,18,24-06-2022 18:00,Evening,4,400,Bangalore -> Delhi
4322,Bangalore,Delhi,24-06-2022,28-06-2022,Vistara,UK-915,17:30,21:35,04h 05m,1-stop,15555,16,24-06-2022 16:00,Afternoon,4,245,Bangalore -> Delhi
4323,Bangalore,Delhi,24-06-2022,28-06-2022,Vistara,UK-852,09:30,14:30,05h 00m,2+-stop,15555,2,24-06-2022 02:00,Night,4,300,Bangalore -> Delhi
4324,Bangalore,Delhi,24-06-2022,28-06-2022,Vistara,UK-544,10:15,16:55,06h 40m,2+-stop,15555,17,24-06-2022 17:00,Evening,4,400,Bangalore -> Delhi
4325,Bangalore,Delhi,24-06-2022,28-06-2022,Vistara,UK-852,09:30,16:55,07h 25m,2+-stop,15555,7,24-06-2022 07:00,Morning,4,445,Bangalore -> Delhi
4326,Bangalore,Delhi,24-06-2022,28-06-2022,Vistara,UK-544,10:15,18:05,07h 50m,2+-stop,15555,21,24-06-2022 21:00,Night,4,470,Bangalore -> Delhi
4327,Bangalore,Delhi,24-06-2022,28-06-2022,Vistara,UK-852,09:30,18:05,08h 35m,2+-stop,15555,23,24-06-2022 23:00,Night,4,515,Bangalore -> Delhi
4328,Bangalore,Delhi,24-06-2022,28-06-2022,Vistara,UK-915,17:30,09:35,16h 05m,1-stop,15555,18,24-06-2022 18:00,Evening,4,965,Bangalore -> Delhi
4329,Bangalore,Delhi,24-06-2022,28-06-2022,Vistara,UK-657,11:30,16:30,05h 00m,1-stop,15870,4,24-06-2022 04:00,Night,4,300,Bangalore -> Delhi
4330,Bangalore,Delhi,24-06-2022,28-06-2022,Vistara,UK-852,09:30,16:20,06h 50m,1-stop Via Mumbai,15994,6,24-06-2022 06:00,Morning,4,410,Bangalore -> Delhi
4331,Bangalore,Delhi,24-06-2022,28-06-2022,Vistara,UK-893,20:10,12:30,16h 20m,1-stop,14717,20,24-06-2022 20:00,Evening,4,980,Bangalore -> Delhi
4332,Bangalore,Delhi,24-06-2022,28-06-2022,Vistara,UK-850,19:55,08:20,12h 25m,2+-stop,14746,7,24-06-2022 07:00,Morning,4,745,Bangalore -> Delhi
4333,Bangalore,Delhi,24-06-2022,28-06-2022,Vistara,UK-864,18:55,08:20,13h 25m,2+-stop,14746,4,24-06-2022 04:00,Night,4,805,Bangalore -> Delhi
4334,Bangalore,Delhi,24-06-2022,28-06-2022,Vistara,UK-854,18:25,08:20,13h 55m,2+-stop,14746,16,24-06-2022 16:00,Afternoon,4,835,Bangalore -> Delhi
4335,Bangalore,Delhi,24-06-2022,28-06-2022,Vistara,UK-544,10:15,08:20,22h 05m,2+-stop,14746,4,24-06-2022 04:00,Night,4,1325,Bangalore -> Delhi
4336,Bangalore,Delhi,24-06-2022,28-06-2022,Vistara,UK-852,09:30,08:20,22h 50m,2+-stop,14746,3,24-06-2022 03:00,Night,4,1370,Bangalore -> Delhi
4337,Bangalore,Delhi,24-06-2022,28-06-2022,Vistara,UK-850,19:55,22:10,26h 15m,2+-stop,14746,21,24-06-2022 21:00,Night,4,1575,Bangalore -> Delhi
4338,Bangalore,Delhi,24-06-2022,28-06-2022,GO FIRST,G8- 873,05:45,13:30,07h 45m,1-stop,16294,18,24-06-2022 18:00,Evening,4,465,Bangalore -> Delhi
4339,Bangalore,Delhi,24-06-2022,28-06-2022,Vistara,UK-897,07:45,12:30,04h 45m,1-stop,15032,20,24-06-2022 20:00,Evening,4,285,Bangalore -> Delhi
4340,Bangalore,Delhi,24-06-2022,28-06-2022,Vistara,UK-897,07:45,15:35,07h 50m,1-stop,15032,1,24-06-2022 01:00,Night,4,470,Bangalore -> Delhi
4341,Bangalore,Delhi,24-06-2022,28-06-2022,Vistara,UK-897,07:45,19:55,12h 10m,1-stop,15032,10,24-06-2022 10:00,Morning,4,730,Bangalore -> Delhi
4342,Bangalore,Delhi,24-06-2022,28-06-2022,Vistara,UK-897,07:45,22:45,15h 00m,1-stop,15032,21,24-06-2022 21:00,Night,4,900,Bangalore -> Delhi
4343,Bangalore,Delhi,24-06-2022,28-06-2022,Vistara,UK-850,19:55,10:25,14h 30m,2+-stop,15063,12,24-06-2022 12:00,Afternoon,4,870,Bangalore -> Delhi
4344,Bangalore,Delhi,24-06-2022,28-06-2022,Vistara,UK-864,18:55,10:25,15h 30m,2+-stop,15063,14,24-06-2022 14:00,Afternoon,4,930,Bangalore -> Delhi
4345,Bangalore,Delhi,24-06-2022,28-06-2022,Vistara,UK-854,18:25,10:25,16h 00m,2+-stop,15063,11,24-06-2022 11:00,Morning,4,960,Bangalore -> Delhi
4346,Bangalore,Delhi,24-06-2022,28-06-2022,Vistara,UK-852,09:30,16:45,07h 15m,2+-stop,15334,21,24-06-2022 21:00,Night,4,435,Bangalore -> Delhi
4347,Bangalore,Delhi,24-06-2022,28-06-2022,Vistara,UK-858,06:40,16:45,10h 05m,2+-stop,15334,20,24-06-2022 20:00,Evening,4,605,Bangalore -> Delhi
4348,Bangalore,Delhi,24-06-2022,28-06-2022,Vistara,UK-850,19:55,00:55,05h 00m,2+-stop,15555,21,24-06-2022 21:00,Night,4,300,Bangalore -> Delhi
4349,Bangalore,Delhi,24-06-2022,28-06-2022,Vistara,UK-864,18:55,00:10,05h 15m,2+-stop,15555,10,24-06-2022 10:00,Morning,4,315,Bangalore -> Delhi
4350,Bangalore,Delhi,24-06-2022,28-06-2022,Vistara,UK-854,18:25,00:10,05h 45m,2+-stop,15555,6,24-06-2022 06:00,Morning,4,345,Bangalore -> Delhi
4351,Bangalore,Delhi,24-06-2022,28-06-2022,Vistara,UK-864,18:55,00:55,06h 00m,2+-stop,15555,4,24-06-2022 04:00,Night,4,360,Bangalore -> Delhi
4352,Bangalore,Delhi,24-06-2022,28-06-2022,Vistara,UK-854,18:25,00:55,06h 30m,2+-stop,15555,16,24-06-2022 16:00,Afternoon,4,390,Bangalore -> Delhi
4353,Bangalore,Delhi,24-06-2022,28-06-2022,Vistara,UK-846,08:30,16:45,08h 15m,2+-stop,15849,23,24-06-2022 23:00,Night,4,495,Bangalore -> Delhi
4373,Bangalore,Delhi,24-06-2022,28-06-2022,Vistara,UK-858,06:40,14:05,07h 25m,2+-stop,15872,19,24-06-2022 19:00,Evening,4,445,Bangalore -> Delhi
4374,Bangalore,Delhi,24-06-2022,28-06-2022,Vistara,UK-858,06:40,14:30,07h 50m,2+-stop,15872,8,24-06-2022 08:00,Morning,4,470,Bangalore -> Delhi
4375,Bangalore,Delhi,24-06-2022,28-06-2022,Vistara,UK-867,12:45,00:40,11h 55m,1-stop,15874,13,24-06-2022 13:00,Afternoon,4,715,Bangalore -> Delhi
4376,Bangalore,Delhi,24-06-2022,28-06-2022,Vistara,UK-657,11:30,19:50,08h 20m,1-stop,16187,11,24-06-2022 11:00,Morning,4,500,Bangalore -> Delhi
4378,Bangalore,Delhi,24-06-2022,28-06-2022,Vistara,UK-854,18:25,23:00,04h 35m,2+-stop,16292,5,24-06-2022 05:00,Morning,4,275,Bangalore -> Delhi
4379,Bangalore,Delhi,24-06-2022,28-06-2022,Vistara,UK-846,08:30,14:05,05h 35m,2+-stop,16292,16,24-06-2022 16:00,Afternoon,4,335,Bangalore -> Delhi
4380,Bangalore,Delhi,24-06-2022,28-06-2022,Vistara,UK-846,08:30,14:30,06h 00m,2+-stop,16292,18,24-06-2022 18:00,Evening,4,360,Bangalore -> Delhi
4381,Bangalore,Delhi,24-06-2022,28-06-2022,Vistara,UK-858,06:40,16:20,09h 40m,2+-stop,16658,18,24-06-2022 18:00,Evening,4,580,Bangalore -> Delhi
4382,Bangalore,Delhi,24-06-2022,28-06-2022,Air Asia,I5-972,14:25,01:10,10h 45m,2+-stop,18096,15,24-06-2022 15:00,Afternoon,4,645,Bangalore -> Delhi
4383,Bangalore,Delhi,24-06-2022,28-06-2022,Vistara,UK-755,09:25,16:05,06h 40m,1-stop,19860,11,24-06-2022 11:00,Morning,4,400,Bangalore -> Delhi
4384,Bangalore,Delhi,24-06-2022,28-06-2022,Air Asia,I5-1982,08:45,15:20,06h 35m,1-stop,22620,11,24-06-2022 11:00,Morning,4,395,Bangalore -> Delhi
4389,Bangalore,Delhi,24-06-2022,28-06-2022,Vistara,UK-511,07:10,18:20,11h 10m,1-stop,23117,19,24-06-2022 19:00,Evening,4,670,Bangalore -> Delhi
4390,Bangalore,Delhi,24-06-2022,28-06-2022,Air Asia,I5-1780,05:10,14:55,09h 45m,1-stop,27692,5,24-06-2022 05:00,Morning,4,585,Bangalore -> Delhi
4391,Bangalore,Delhi,24-06-2022,29-06-2022,IndiGo,6E-6247,04:40,07:25,02h 45m,non-stop,9679,22,24-06-2022 22:00,Night,5,165,Bangalore -> Delhi
4392,Bangalore,Delhi,24-06-2022,29-06-2022,IndiGo,6E-5021,06:00,08:45,02h 45m,non-stop,9679,3,24-06-2022 03:00,Night,5,165,Bangalore -> Delhi
4393,Bangalore,Delhi,24-06-2022,29-06-2022,IndiGo,6E-6042,22:00,00:45,02h 45m,non-stop,9679,5,24-06-2022 05:00,Morning,5,165,Bangalore -> Delhi
4394,Bangalore,Delhi,24-06-2022,29-06-2022,GO FIRST,G8- 118,21:30,00:15,02h 45m,non-stop,9679,10,24-06-2022 10:00,Morning,5,165,Bangalore -> Delhi
4395,Bangalore,Delhi,24-06-2022,29-06-2022,GO FIRST,G8- 116,05:45,08:40,02h 55m,non-stop,9679,0,24-06-2022 00:00,Night,5,175,Bangalore -> Delhi
4396,Bangalore,Delhi,24-06-2022,29-06-2022,SpiceJet,SG- 536,21:50,00:35,02h 45m,non-stop,9679,23,24-06-2022 23:00,Night,5,165,Bangalore -> Delhi
4397,Bangalore,Delhi,24-06-2022,29-06-2022,IndiGo,6E-6991,00:45,03:30,02h 45m,non-stop,9679,22,24-06-2022 22:00,Night,5,165,Bangalore -> Delhi
4398,Bangalore,Delhi,24-06-2022,29-06-2022,IndiGo,6E-2401,13:55,16:40,02h 45m,non-stop,9679,14,24-06-2022 14:00,Afternoon,5,165,Bangalore -> Delhi
4399,Bangalore,Delhi,24-06-2022,29-06-2022,IndiGo,6E-5039,16:30,19:15,02h 45m,non-stop,9679,10,24-06-2022 10:00,Morning,5,165,Bangalore -> Delhi
4400,Bangalore,Delhi,24-06-2022,29-06-2022,IndiGo,6E-2174,18:00,20:45,02h 45m,non-stop,9679,18,24-06-2022 18:00,Evening,5,165,Bangalore -> Delhi
4401,Bangalore,Delhi,24-06-2022,29-06-2022,IndiGo,6E- 871,09:20,12:10,02h 50m,non-stop,9679,17,24-06-2022 17:00,Evening,5,170,Bangalore -> Delhi
4402,Bangalore,Delhi,24-06-2022,29-06-2022,IndiGo,6E-2514,14:55,17:45,02h 50m,non-stop,9679,16,24-06-2022 16:00,Afternoon,5,170,Bangalore -> Delhi
4403,Bangalore,Delhi,24-06-2022,29-06-2022,GO FIRST,G8- 285,15:45,20:10,04h 25m,1-stop,9679,18,24-06-2022 18:00,Evening,5,265,Bangalore -> Delhi
4404,Bangalore,Delhi,24-06-2022,29-06-2022,GO FIRST,G8- 803,17:15,22:30,05h 15m,1-stop,9679,20,24-06-2022 20:00,Evening,5,315,Bangalore -> Delhi
4405,Bangalore,Delhi,24-06-2022,29-06-2022,GO FIRST,G8- 241,18:10,23:25,05h 15m,1-stop,9679,13,24-06-2022 13:00,Afternoon,5,315,Bangalore -> Delhi
4406,Bangalore,Delhi,24-06-2022,29-06-2022,GO FIRST,G8- 320,17:45,23:35,05h 50m,1-stop,9679,17,24-06-2022 17:00,Evening,5,350,Bangalore -> Delhi
4407,Bangalore,Delhi,24-06-2022,29-06-2022,GO FIRST,G8- 241,18:10,00:50,06h 40m,1-stop,9679,18,24-06-2022 18:00,Evening,5,400,Bangalore -> Delhi
4408,Bangalore,Delhi,24-06-2022,29-06-2022,GO FIRST,G8- 803,17:15,00:10,06h 55m,1-stop,9679,14,24-06-2022 14:00,Afternoon,5,415,Bangalore -> Delhi
4409,Bangalore,Delhi,24-06-2022,29-06-2022,GO FIRST,G8- 320,17:45,00:50,07h 05m,1-stop,9679,14,24-06-2022 14:00,Afternoon,5,425,Bangalore -> Delhi
4410,Bangalore,Delhi,24-06-2022,29-06-2022,GO FIRST,G8- 320,17:45,02:20,08h 35m,1-stop,9679,3,24-06-2022 03:00,Night,5,515,Bangalore -> Delhi
4411,Bangalore,Delhi,24-06-2022,29-06-2022,GO FIRST,G8- 283,05:25,15:05,09h 40m,1-stop,9679,6,24-06-2022 06:00,Morning,5,580,Bangalore -> Delhi
4412,Bangalore,Delhi,24-06-2022,29-06-2022,GO FIRST,G8- 399,22:15,08:00,09h 45m,1-stop,9679,12,24-06-2022 12:00,Afternoon,5,585,Bangalore -> Delhi
4413,Bangalore,Delhi,24-06-2022,29-06-2022,GO FIRST,G8- 395,08:15,19:00,10h 45m,1-stop,9679,2,24-06-2022 02:00,Night,5,645,Bangalore -> Delhi
4414,Bangalore,Delhi,24-06-2022,29-06-2022,GO FIRST,G8- 395,08:15,20:05,11h 50m,1-stop,9679,15,24-06-2022 15:00,Afternoon,5,710,Bangalore -> Delhi
4415,Bangalore,Delhi,24-06-2022,29-06-2022,GO FIRST,G8- 399,22:15,12:05,13h 50m,1-stop,9679,8,24-06-2022 08:00,Morning,5,830,Bangalore -> Delhi
4416,Bangalore,Delhi,24-06-2022,29-06-2022,GO FIRST,G8- 320,17:45,08:00,14h 15m,1-stop,9679,7,24-06-2022 07:00,Morning,5,855,Bangalore -> Delhi
4417,Bangalore,Delhi,24-06-2022,29-06-2022,GO FIRST,G8- 399,22:15,13:10,14h 55m,1-stop,9679,19,24-06-2022 19:00,Evening,5,895,Bangalore -> Delhi
4418,Bangalore,Delhi,24-06-2022,29-06-2022,GO FIRST,G8- 395,08:15,23:35,15h 20m,1-stop,9679,12,24-06-2022 12:00,Afternoon,5,920,Bangalore -> Delhi
4419,Bangalore,Delhi,24-06-2022,29-06-2022,IndiGo,6E- 735,19:15,22:00,02h 45m,non-stop,9942,16,24-06-2022 16:00,Afternoon,5,165,Bangalore -> Delhi
4420,Bangalore,Delhi,24-06-2022,29-06-2022,IndiGo,6E-5025,20:30,23:15,02h 45m,non-stop,9942,16,24-06-2022 16:00,Afternoon,5,165,Bangalore -> Delhi
4440,Bangalore,Delhi,24-06-2022,29-06-2022,IndiGo,6E- 855,20:10,00:45,04h 35m,1-stop,9994,16,24-06-2022 16:00,Afternoon,5,275,Bangalore -> Delhi
4441,Bangalore,Delhi,24-06-2022,29-06-2022,IndiGo,6E- 638,18:50,23:30,04h 40m,1-stop,9994,0,24-06-2022 00:00,Night,5,280,Bangalore -> Delhi
4442,Bangalore,Delhi,24-06-2022,29-06-2022,IndiGo,6E- 484,07:10,12:10,05h 00m,1-stop,9994,7,24-06-2022 07:00,Morning,5,300,Bangalore -> Delhi
4443,Bangalore,Delhi,24-06-2022,29-06-2022,IndiGo,6E- 232,23:05,04:10,05h 05m,1-stop,9994,18,24-06-2022 18:00,Evening,5,305,Bangalore -> Delhi
4444,Bangalore,Delhi,24-06-2022,29-06-2022,IndiGo,6E- 528,17:05,23:00,05h 55m,1-stop,9994,5,24-06-2022 05:00,Morning,5,355,Bangalore -> Delhi
4445,Bangalore,Delhi,24-06-2022,29-06-2022,IndiGo,6E- 638,18:50,00:45,05h 55m,1-stop,9994,2,24-06-2022 02:00,Night,5,355,Bangalore -> Delhi
4446,Bangalore,Delhi,24-06-2022,29-06-2022,IndiGo,6E- 537,10:15,16:15,06h 00m,1-stop,9994,4,24-06-2022 04:00,Night,5,360,Bangalore -> Delhi
4447,Bangalore,Delhi,24-06-2022,29-06-2022,IndiGo,6E-6491,12:35,18:35,06h 00m,1-stop,9994,12,24-06-2022 12:00,Afternoon,5,360,Bangalore -> Delhi
4448,Bangalore,Delhi,24-06-2022,29-06-2022,IndiGo,6E-6404,07:30,13:45,06h 15m,1-stop,9994,14,24-06-2022 14:00,Afternoon,5,375,Bangalore -> Delhi
4449,Bangalore,Delhi,24-06-2022,29-06-2022,IndiGo,6E- 469,15:35,21:55,06h 20m,1-stop,9994,13,24-06-2022 13:00,Afternoon,5,380,Bangalore -> Delhi
4450,Bangalore,Delhi,24-06-2022,29-06-2022,IndiGo,6E- 415,08:50,15:20,06h 30m,1-stop,9994,22,24-06-2022 22:00,Night,5,390,Bangalore -> Delhi
4451,Bangalore,Delhi,24-06-2022,29-06-2022,IndiGo,6E-6067,15:45,22:20,06h 35m,1-stop,9994,15,24-06-2022 15:00,Afternoon,5,395,Bangalore -> Delhi
4452,Bangalore,Delhi,24-06-2022,29-06-2022,IndiGo,6E- 484,07:10,13:55,06h 45m,1-stop,9994,17,24-06-2022 17:00,Evening,5,405,Bangalore -> Delhi
4453,Bangalore,Delhi,24-06-2022,29-06-2022,IndiGo,6E-6257,05:15,12:10,06h 55m,1-stop,9994,21,24-06-2022 21:00,Night,5,415,Bangalore -> Delhi
4454,Bangalore,Delhi,24-06-2022,29-06-2022,IndiGo,6E- 978,16:10,23:05,06h 55m,1-stop,9994,21,24-06-2022 21:00,Night,5,415,Bangalore -> Delhi
4455,Bangalore,Delhi,24-06-2022,29-06-2022,IndiGo,6E- 486,17:55,01:00,07h 05m,1-stop,9994,10,24-06-2022 10:00,Morning,5,425,Bangalore -> Delhi
4456,Bangalore,Delhi,24-06-2022,29-06-2022,IndiGo,6E-6104,11:05,18:20,07h 15m,1-stop,9994,2,24-06-2022 02:00,Night,5,435,Bangalore -> Delhi
4457,Bangalore,Delhi,24-06-2022,29-06-2022,IndiGo,6E- 886,08:55,16:15,07h 20m,1-stop,9994,21,24-06-2022 21:00,Night,5,440,Bangalore -> Delhi
4458,Bangalore,Delhi,24-06-2022,29-06-2022,IndiGo,6E-6491,12:35,20:00,07h 25m,1-stop,9994,9,24-06-2022 09:00,Morning,5,445,Bangalore -> Delhi
4459,Bangalore,Delhi,24-06-2022,29-06-2022,IndiGo,6E-6067,15:45,23:30,07h 45m,1-stop,9994,9,24-06-2022 09:00,Morning,5,465,Bangalore -> Delhi
4460,Bangalore,Delhi,24-06-2022,29-06-2022,IndiGo,6E- 408,05:25,13:15,07h 50m,1-stop,9994,20,24-06-2022 20:00,Evening,5,470,Bangalore -> Delhi
4461,Bangalore,Delhi,24-06-2022,29-06-2022,IndiGo,6E- 469,15:35,23:25,07h 50m,1-stop,9994,15,24-06-2022 15:00,Afternoon,5,470,Bangalore -> Delhi
4462,Bangalore,Delhi,24-06-2022,29-06-2022,IndiGo,6E- 232,23:05,06:55,07h 50m,1-stop,9994,11,24-06-2022 11:00,Morning,5,470,Bangalore -> Delhi
4463,Bangalore,Delhi,24-06-2022,29-06-2022,IndiGo,6E- 405,07:50,15:55,08h 05m,1-stop,9994,1,24-06-2022 01:00,Night,5,485,Bangalore -> Delhi
4464,Bangalore,Delhi,24-06-2022,29-06-2022,IndiGo,6E- 537,10:15,18:35,08h 20m,1-stop,9994,8,24-06-2022 08:00,Morning,5,500,Bangalore -> Delhi
4465,Bangalore,Delhi,24-06-2022,29-06-2022,IndiGo,6E-6257,05:15,13:55,08h 40m,1-stop,9994,23,24-06-2022 23:00,Night,5,520,Bangalore -> Delhi
4466,Bangalore,Delhi,24-06-2022,29-06-2022,IndiGo,6E-6802,06:20,15:10,08h 50m,1-stop,9994,2,24-06-2022 02:00,Night,5,530,Bangalore -> Delhi
4467,Bangalore,Delhi,24-06-2022,29-06-2022,IndiGo,6E- 869,11:45,14:40,02h 55m,non-stop,10200,23,24-06-2022 23:00,Night,5,175,Bangalore -> Delhi
4468,Bangalore,Delhi,24-06-2022,29-06-2022,Vistara,UK-810,07:00,09:40,02h 40m,non-stop,10414,14,24-06-2022 14:00,Afternoon,5,160,Bangalore -> Delhi
4469,Bangalore,Delhi,24-06-2022,29-06-2022,Vistara,UK-808,08:00,10:40,02h 40m,non-stop,10414,2,24-06-2022 02:00,Night,5,160,Bangalore -> Delhi
4470,Bangalore,Delhi,24-06-2022,29-06-2022,Vistara,UK-818,19:40,22:25,02h 45m,non-stop,10414,18,24-06-2022 18:00,Evening,5,165,Bangalore -> Delhi
4471,Bangalore,Delhi,24-06-2022,29-06-2022,Vistara,UK-806,09:45,12:40,02h 55m,non-stop,10414,17,24-06-2022 17:00,Evening,5,175,Bangalore -> Delhi
4472,Bangalore,Delhi,24-06-2022,29-06-2022,IndiGo,6E- 886,08:55,13:55,05h 00m,1-stop,10519,7,24-06-2022 07:00,Morning,5,300,Bangalore -> Delhi
4475,Bangalore,Delhi,24-06-2022,29-06-2022,IndiGo,6E- 426,20:30,02:10,05h 40m,1-stop,12094,16,24-06-2022 16:00,Afternoon,5,340,Bangalore -> Delhi
4476,Bangalore,Delhi,24-06-2022,29-06-2022,IndiGo,6E- 426,20:30,04:10,07h 40m,1-stop,12094,7,24-06-2022 07:00,Morning,5,460,Bangalore -> Delhi
4477,Bangalore,Delhi,24-06-2022,29-06-2022,Vistara,UK-816,11:30,14:20,02h 50m,non-stop,12199,6,24-06-2022 06:00,Morning,5,170,Bangalore -> Delhi
4478,Bangalore,Delhi,24-06-2022,29-06-2022,Air Asia,I5-1622,10:55,21:45,10h 50m,1-stop,12515,6,24-06-2022 06:00,Morning,5,650,Bangalore -> Delhi
4479,Bangalore,Delhi,24-06-2022,29-06-2022,Vistara,UK-820,17:45,20:20,02h 35m,non-stop,13249,2,24-06-2022 02:00,Night,5,155,Bangalore -> Delhi
4480,Bangalore,Delhi,24-06-2022,29-06-2022,Vistara,UK-802,18:45,21:30,02h 45m,non-stop,13249,0,24-06-2022 00:00,Night,5,165,Bangalore -> Delhi
4481,Bangalore,Delhi,24-06-2022,29-06-2022,Vistara,UK-915,17:30,21:35,04h 05m,1-stop,15555,3,24-06-2022 03:00,Night,5,245,Bangalore -> Delhi
4482,Bangalore,Delhi,24-06-2022,29-06-2022,Vistara,UK-854,18:25,23:00,04h 35m,2+-stop,15555,4,24-06-2022 04:00,Night,5,275,Bangalore -> Delhi
4483,Bangalore,Delhi,24-06-2022,29-06-2022,Vistara,UK-852,09:30,14:30,05h 00m,2+-stop,15555,0,24-06-2022 00:00,Night,5,300,Bangalore -> Delhi
4484,Bangalore,Delhi,24-06-2022,29-06-2022,Vistara,UK-858,06:40,12:40,06h 00m,2+-stop,15555,14,24-06-2022 14:00,Afternoon,5,360,Bangalore -> Delhi
4485,Bangalore,Delhi,24-06-2022,29-06-2022,Vistara,UK-544,10:15,16:55,06h 40m,2+-stop,15555,4,24-06-2022 04:00,Night,5,400,Bangalore -> Delhi
4486,Bangalore,Delhi,24-06-2022,29-06-2022,Vistara,UK-858,06:40,14:05,07h 25m,2+-stop,15555,12,24-06-2022 12:00,Afternoon,5,445,Bangalore -> Delhi
4487,Bangalore,Delhi,24-06-2022,29-06-2022,Vistara,UK-852,09:30,16:55,07h 25m,2+-stop,15555,7,24-06-2022 07:00,Morning,5,445,Bangalore -> Delhi
4488,Bangalore,Delhi,24-06-2022,29-06-2022,Vistara,UK-858,06:40,14:30,07h 50m,2+-stop,15555,7,24-06-2022 07:00,Morning,5,470,Bangalore -> Delhi
4489,Bangalore,Delhi,24-06-2022,29-06-2022,Vistara,UK-544,10:15,18:05,07h 50m,2+-stop,15555,4,24-06-2022 04:00,Night,5,470,Bangalore -> Delhi
4490,Bangalore,Delhi,24-06-2022,29-06-2022,Vistara,UK-852,09:30,18:05,08h 35m,2+-stop,15555,8,24-06-2022 08:00,Morning,5,515,Bangalore -> Delhi
4491,Bangalore,Delhi,24-06-2022,29-06-2022,Vistara,UK-915,17:30,09:35,16h 05m,1-stop,15555,0,24-06-2022 00:00,Night,5,965,Bangalore -> Delhi
4492,Bangalore,Delhi,24-06-2022,29-06-2022,Air Asia,I5-1781,12:15,19:55,07h 40m,1-stop,13981,3,24-06-2022 03:00,Night,5,460,Bangalore -> Delhi
4493,Bangalore,Delhi,24-06-2022,29-06-2022,Vistara,UK-657,11:30,19:50,08h 20m,1-stop,15870,2,24-06-2022 02:00,Night,5,500,Bangalore -> Delhi
4494,Bangalore,Delhi,24-06-2022,29-06-2022,Vistara,UK-852,09:30,16:20,06h 50m,1-stop Via Mumbai,15994,1,24-06-2022 01:00,Night,5,410,Bangalore -> Delhi
4495,Bangalore,Delhi,24-06-2022,29-06-2022,Vistara,UK-893,20:10,09:00,12h 50m,1-stop,14717,7,24-06-2022 07:00,Morning,5,770,Bangalore -> Delhi
4496,Bangalore,Delhi,24-06-2022,29-06-2022,Vistara,UK-864,18:55,08:20,13h 25m,2+-stop,14746,22,24-06-2022 22:00,Night,5,805,Bangalore -> Delhi
4497,Bangalore,Delhi,24-06-2022,29-06-2022,Vistara,UK-854,18:25,08:20,13h 55m,2+-stop,14746,8,24-06-2022 08:00,Morning,5,835,Bangalore -> Delhi
4498,Bangalore,Delhi,24-06-2022,29-06-2022,Vistara,UK-544,10:15,08:20,22h 05m,2+-stop,14746,1,24-06-2022 01:00,Night,5,1325,Bangalore -> Delhi
4499,Bangalore,Delhi,24-06-2022,29-06-2022,Vistara,UK-852,09:30,08:20,22h 50m,2+-stop,14746,13,24-06-2022 13:00,Afternoon,5,1370,Bangalore -> Delhi
4500,Bangalore,Delhi,24-06-2022,29-06-2022,Vistara,UK-858,06:40,08:20,25h 40m,2+-stop,14746,13,24-06-2022 13:00,Afternoon,5,1540,Bangalore -> Delhi
4501,Bangalore,Delhi,24-06-2022,29-06-2022,GO FIRST,G8- 873,05:45,15:30,09h 45m,1-stop,16294,3,24-06-2022 03:00,Night,5,585,Bangalore -> Delhi
4502,Bangalore,Delhi,24-06-2022,29-06-2022,Vistara,UK-897,07:45,15:35,07h 50m,1-stop,15032,5,24-06-2022 05:00,Morning,5,470,Bangalore -> Delhi
4503,Bangalore,Delhi,24-06-2022,29-06-2022,Vistara,UK-897,07:45,19:55,12h 10m,1-stop,15032,10,24-06-2022 10:00,Morning,5,730,Bangalore -> Delhi
4504,Bangalore,Delhi,24-06-2022,29-06-2022,Vistara,UK-850,19:55,08:20,12h 25m,2+-stop,15063,2,24-06-2022 02:00,Night,5,745,Bangalore -> Delhi
4505,Bangalore,Delhi,24-06-2022,29-06-2022,Vistara,UK-864,18:55,10:25,15h 30m,2+-stop,15063,7,24-06-2022 07:00,Morning,5,930,Bangalore -> Delhi
4506,Bangalore,Delhi,24-06-2022,29-06-2022,Vistara,UK-854,18:25,10:25,16h 00m,2+-stop,15063,2,24-06-2022 02:00,Night,5,960,Bangalore -> Delhi
4507,Bangalore,Delhi,24-06-2022,29-06-2022,Vistara,UK-544,10:15,10:25,24h 10m,2+-stop,15063,13,24-06-2022 13:00,Afternoon,5,1450,Bangalore -> Delhi
4508,Bangalore,Delhi,24-06-2022,29-06-2022,Vistara,UK-852,09:30,10:25,24h 55m,2+-stop,15063,12,24-06-2022 12:00,Afternoon,5,1495,Bangalore -> Delhi
4509,Bangalore,Delhi,24-06-2022,29-06-2022,Vistara,UK-897,07:45,12:30,04h 45m,1-stop,15349,12,24-06-2022 12:00,Afternoon,5,285,Bangalore -> Delhi
4510,Bangalore,Delhi,24-06-2022,29-06-2022,Vistara,UK-897,07:45,22:45,15h 00m,1-stop,15349,1,24-06-2022 01:00,Night,5,900,Bangalore -> Delhi
4511,Bangalore,Delhi,24-06-2022,29-06-2022,Vistara,UK-850,19:55,10:25,14h 30m,2+-stop,15381,12,24-06-2022 12:00,Afternoon,5,870,Bangalore -> Delhi
4512,Bangalore,Delhi,24-06-2022,29-06-2022,Vistara,UK-864,18:55,00:10,05h 15m,2+-stop,15555,18,24-06-2022 18:00,Evening,5,315,Bangalore -> Delhi
4513,Bangalore,Delhi,24-06-2022,29-06-2022,Vistara,UK-854,18:25,00:10,05h 45m,2+-stop,15555,5,24-06-2022 05:00,Morning,5,345,Bangalore -> Delhi
4514,Bangalore,Delhi,24-06-2022,29-06-2022,Vistara,UK-864,18:55,00:55,06h 00m,2+-stop,15555,15,24-06-2022 15:00,Afternoon,5,360,Bangalore -> Delhi
4515,Bangalore,Delhi,24-06-2022,29-06-2022,Vistara,UK-854,18:25,00:55,06h 30m,2+-stop,15555,1,24-06-2022 01:00,Night,5,390,Bangalore -> Delhi
4516,Bangalore,Delhi,24-06-2022,29-06-2022,Air Asia,I5-1426,12:50,20:25,07h 35m,1-stop,15555,7,24-06-2022 07:00,Morning,5,455,Bangalore -> Delhi
4536,Bangalore,Delhi,24-06-2022,29-06-2022,Vistara,UK-850,19:55,00:55,05h 00m,2+-stop,15872,16,24-06-2022 16:00,Afternoon,5,300,Bangalore -> Delhi
4538,Bangalore,Delhi,24-06-2022,29-06-2022,Vistara,UK-846,08:30,14:05,05h 35m,1-stop,16292,22,24-06-2022 22:00,Night,5,335,Bangalore -> Delhi
4539,Bangalore,Delhi,24-06-2022,29-06-2022,Vistara,UK-846,08:30,14:30,06h 00m,1-stop,16292,1,24-06-2022 01:00,Night,5,360,Bangalore -> Delhi
4540,Bangalore,Delhi,24-06-2022,29-06-2022,Vistara,UK-846,08:30,16:55,08h 25m,1-stop,16292,9,24-06-2022 09:00,Morning,5,505,Bangalore -> Delhi
4541,Bangalore,Delhi,24-06-2022,29-06-2022,Vistara,UK-657,11:30,16:30,05h 00m,1-stop,16502,15,24-06-2022 15:00,Afternoon,5,300,Bangalore -> Delhi
4542,Bangalore,Delhi,24-06-2022,29-06-2022,Vistara,UK-858,06:40,16:20,09h 40m,2+-stop,16658,5,24-06-2022 05:00,Morning,5,580,Bangalore -> Delhi
4543,Bangalore,Delhi,24-06-2022,29-06-2022,Vistara,UK-867,12:45,00:40,11h 55m,1-stop,17134,1,24-06-2022 01:00,Night,5,715,Bangalore -> Delhi
4544,Bangalore,Delhi,24-06-2022,29-06-2022,Vistara,UK-846,08:30,16:20,07h 50m,1-stop,17183,1,24-06-2022 01:00,Night,5,470,Bangalore -> Delhi
4546,Bangalore,Delhi,24-06-2022,29-06-2022,Air Asia,I5-1426,12:50,01:00,12h 10m,1-stop,18096,12,24-06-2022 12:00,Afternoon,5,730,Bangalore -> Delhi
4547,Bangalore,Delhi,24-06-2022,29-06-2022,Vistara,UK-755,09:25,20:55,11h 30m,1-stop,20177,23,24-06-2022 23:00,Night,5,690,Bangalore -> Delhi
4548,Bangalore,Delhi,24-06-2022,29-06-2022,Vistara,UK-511,07:10,18:20,11h 10m,1-stop,20387,14,24-06-2022 14:00,Afternoon,5,670,Bangalore -> Delhi
4549,Bangalore,Delhi,24-06-2022,29-06-2022,Vistara,UK-814,21:15,23:50,02h 35m,non-stop,20599,1,24-06-2022 01:00,Night,5,155,Bangalore -> Delhi
4554,Bangalore,Delhi,24-06-2022,30-06-2022,IndiGo,6E-6247,04:40,07:25,02h 45m,non-stop,9679,6,24-06-2022 06:00,Morning,6,165,Bangalore -> Delhi
4555,Bangalore,Delhi,24-06-2022,30-06-2022,IndiGo,6E-6042,22:00,00:45,02h 45m,non-stop,9679,2,24-06-2022 02:00,Night,6,165,Bangalore -> Delhi
4556,Bangalore,Delhi,24-06-2022,30-06-2022,IndiGo,6E-2053,23:10,02:00,02h 50m,non-stop,9679,7,24-06-2022 07:00,Morning,6,170,Bangalore -> Delhi
4557,Bangalore,Delhi,24-06-2022,30-06-2022,GO FIRST,G8- 118,21:30,00:15,02h 45m,non-stop,9679,22,24-06-2022 22:00,Night,6,165,Bangalore -> Delhi
4558,Bangalore,Delhi,24-06-2022,30-06-2022,SpiceJet,SG- 536,21:50,00:35,02h 45m,non-stop,9679,13,24-06-2022 13:00,Afternoon,6,165,Bangalore -> Delhi
4559,Bangalore,Delhi,24-06-2022,30-06-2022,GO FIRST,G8- 116,05:45,08:40,02h 55m,non-stop,9679,23,24-06-2022 23:00,Night,6,175,Bangalore -> Delhi
4560,Bangalore,Delhi,24-06-2022,30-06-2022,IndiGo,6E-6991,00:45,03:30,02h 45m,non-stop,9679,22,24-06-2022 22:00,Night,6,165,Bangalore -> Delhi
4561,Bangalore,Delhi,24-06-2022,30-06-2022,IndiGo,6E-5021,06:00,08:45,02h 45m,non-stop,9679,21,24-06-2022 21:00,Night,6,165,Bangalore -> Delhi
4562,Bangalore,Delhi,24-06-2022,30-06-2022,IndiGo,6E-2401,13:55,16:40,02h 45m,non-stop,9679,6,24-06-2022 06:00,Morning,6,165,Bangalore -> Delhi
4563,Bangalore,Delhi,24-06-2022,30-06-2022,IndiGo,6E-2174,18:00,20:45,02h 45m,non-stop,9679,20,24-06-2022 20:00,Evening,6,165,Bangalore -> Delhi
4564,Bangalore,Delhi,24-06-2022,30-06-2022,IndiGo,6E- 735,19:15,22:00,02h 45m,non-stop,9679,6,24-06-2022 06:00,Morning,6,165,Bangalore -> Delhi
4565,Bangalore,Delhi,24-06-2022,30-06-2022,IndiGo,6E-5025,20:30,23:15,02h 45m,non-stop,9679,0,24-06-2022 00:00,Night,6,165,Bangalore -> Delhi
4566,Bangalore,Delhi,24-06-2022,30-06-2022,IndiGo,6E-2514,14:55,17:45,02h 50m,non-stop,9679,16,24-06-2022 16:00,Afternoon,6,170,Bangalore -> Delhi
4567,Bangalore,Delhi,24-06-2022,30-06-2022,IndiGo,6E-2186,07:45,10:40,02h 55m,non-stop,9679,8,24-06-2022 08:00,Morning,6,175,Bangalore -> Delhi
4568,Bangalore,Delhi,24-06-2022,30-06-2022,GO FIRST,G8- 285,15:45,20:10,04h 25m,1-stop,9679,20,24-06-2022 20:00,Evening,6,265,Bangalore -> Delhi
4569,Bangalore,Delhi,24-06-2022,30-06-2022,GO FIRST,G8- 803,17:15,22:30,05h 15m,1-stop,9679,12,24-06-2022 12:00,Afternoon,6,315,Bangalore -> Delhi
4570,Bangalore,Delhi,24-06-2022,30-06-2022,GO FIRST,G8- 241,18:10,23:25,05h 15m,1-stop,9679,20,24-06-2022 20:00,Evening,6,315,Bangalore -> Delhi
4571,Bangalore,Delhi,24-06-2022,30-06-2022,GO FIRST,G8- 320,17:45,23:35,05h 50m,1-stop,9679,18,24-06-2022 18:00,Evening,6,350,Bangalore -> Delhi
4572,Bangalore,Delhi,24-06-2022,30-06-2022,GO FIRST,G8- 241,18:10,00:50,06h 40m,1-stop,9679,20,24-06-2022 20:00,Evening,6,400,Bangalore -> Delhi
4573,Bangalore,Delhi,24-06-2022,30-06-2022,GO FIRST,G8- 803,17:15,00:10,06h 55m,1-stop,9679,18,24-06-2022 18:00,Evening,6,415,Bangalore -> Delhi
4574,Bangalore,Delhi,24-06-2022,30-06-2022,GO FIRST,G8- 320,17:45,00:50,07h 05m,1-stop,9679,21,24-06-2022 21:00,Night,6,425,Bangalore -> Delhi
4575,Bangalore,Delhi,24-06-2022,30-06-2022,GO FIRST,G8- 873,05:45,15:30,09h 45m,1-stop,9679,16,24-06-2022 16:00,Afternoon,6,585,Bangalore -> Delhi
4576,Bangalore,Delhi,24-06-2022,30-06-2022,GO FIRST,G8- 399,22:15,08:05,09h 50m,1-stop,9679,22,24-06-2022 22:00,Night,6,590,Bangalore -> Delhi
4577,Bangalore,Delhi,24-06-2022,30-06-2022,GO FIRST,G8- 395,08:15,19:00,10h 45m,1-stop,9679,22,24-06-2022 22:00,Night,6,645,Bangalore -> Delhi
4578,Bangalore,Delhi,24-06-2022,30-06-2022,GO FIRST,G8- 399,22:15,10:15,12h 00m,1-stop,9679,9,24-06-2022 09:00,Morning,6,720,Bangalore -> Delhi
4579,Bangalore,Delhi,24-06-2022,30-06-2022,GO FIRST,G8- 320,17:45,08:05,14h 20m,1-stop,9679,9,24-06-2022 09:00,Morning,6,860,Bangalore -> Delhi
4580,Bangalore,Delhi,24-06-2022,30-06-2022,GO FIRST,G8- 395,08:15,23:35,15h 20m,1-stop,9679,3,24-06-2022 03:00,Night,6,920,Bangalore -> Delhi
4581,Bangalore,Delhi,24-06-2022,30-06-2022,GO FIRST,G8- 399,22:15,14:20,16h 05m,1-stop,9679,7,24-06-2022 07:00,Morning,6,965,Bangalore -> Delhi
4606,Bangalore,Delhi,24-06-2022,30-06-2022,IndiGo,6E- 855,20:10,00:45,04h 35m,1-stop,9994,21,24-06-2022 21:00,Night,6,275,Bangalore -> Delhi
4607,Bangalore,Delhi,24-06-2022,30-06-2022,IndiGo,6E- 638,18:50,23:30,04h 40m,1-stop,9994,19,24-06-2022 19:00,Evening,6,280,Bangalore -> Delhi
4608,Bangalore,Delhi,24-06-2022,30-06-2022,IndiGo,6E- 484,07:10,12:10,05h 00m,1-stop,9994,19,24-06-2022 19:00,Evening,6,300,Bangalore -> Delhi
4609,Bangalore,Delhi,24-06-2022,30-06-2022,IndiGo,6E- 886,08:55,13:55,05h 00m,1-stop,9994,17,24-06-2022 17:00,Evening,6,300,Bangalore -> Delhi
4610,Bangalore,Delhi,24-06-2022,30-06-2022,IndiGo,6E- 232,23:05,04:10,05h 05m,1-stop,9994,13,24-06-2022 13:00,Afternoon,6,305,Bangalore -> Delhi
4611,Bangalore,Delhi,24-06-2022,30-06-2022,IndiGo,6E- 426,20:30,02:20,05h 50m,1-stop,9994,17,24-06-2022 17:00,Evening,6,350,Bangalore -> Delhi
4612,Bangalore,Delhi,24-06-2022,30-06-2022,IndiGo,6E- 528,17:05,23:00,05h 55m,1-stop,9994,13,24-06-2022 13:00,Afternoon,6,355,Bangalore -> Delhi
4613,Bangalore,Delhi,24-06-2022,30-06-2022,IndiGo,6E- 638,18:50,00:45,05h 55m,1-stop,9994,19,24-06-2022 19:00,Evening,6,355,Bangalore -> Delhi
4614,Bangalore,Delhi,24-06-2022,30-06-2022,IndiGo,6E- 537,10:15,16:15,06h 00m,1-stop,9994,20,24-06-2022 20:00,Evening,6,360,Bangalore -> Delhi
4615,Bangalore,Delhi,24-06-2022,30-06-2022,IndiGo,6E-6491,12:35,18:35,06h 00m,1-stop,9994,23,24-06-2022 23:00,Night,6,360,Bangalore -> Delhi
4616,Bangalore,Delhi,24-06-2022,30-06-2022,IndiGo,6E- 415,08:50,15:20,06h 30m,1-stop,9994,14,24-06-2022 14:00,Afternoon,6,390,Bangalore -> Delhi
4617,Bangalore,Delhi,24-06-2022,30-06-2022,IndiGo,6E-6067,15:45,22:20,06h 35m,1-stop,9994,21,24-06-2022 21:00,Night,6,395,Bangalore -> Delhi
4618,Bangalore,Delhi,24-06-2022,30-06-2022,IndiGo,6E- 484,07:10,13:55,06h 45m,1-stop,9994,3,24-06-2022 03:00,Night,6,405,Bangalore -> Delhi
4619,Bangalore,Delhi,24-06-2022,30-06-2022,IndiGo,6E-6257,05:15,12:10,06h 55m,1-stop,9994,12,24-06-2022 12:00,Afternoon,6,415,Bangalore -> Delhi
4620,Bangalore,Delhi,24-06-2022,30-06-2022,IndiGo,6E- 978,16:10,23:05,06h 55m,1-stop,9994,22,24-06-2022 22:00,Night,6,415,Bangalore -> Delhi
4621,Bangalore,Delhi,24-06-2022,30-06-2022,IndiGo,6E- 486,17:55,01:00,07h 05m,1-stop,9994,7,24-06-2022 07:00,Morning,6,425,Bangalore -> Delhi
4622,Bangalore,Delhi,24-06-2022,30-06-2022,IndiGo,6E-6104,11:05,18:20,07h 15m,1-stop,9994,17,24-06-2022 17:00,Evening,6,435,Bangalore -> Delhi
4623,Bangalore,Delhi,24-06-2022,30-06-2022,IndiGo,6E- 886,08:55,16:15,07h 20m,1-stop,9994,11,24-06-2022 11:00,Morning,6,440,Bangalore -> Delhi
4624,Bangalore,Delhi,24-06-2022,30-06-2022,IndiGo,6E-6491,12:35,20:00,07h 25m,1-stop,9994,22,24-06-2022 22:00,Night,6,445,Bangalore -> Delhi
4625,Bangalore,Delhi,24-06-2022,30-06-2022,IndiGo,6E- 426,20:30,04:10,07h 40m,1-stop,9994,13,24-06-2022 13:00,Afternoon,6,460,Bangalore -> Delhi
4626,Bangalore,Delhi,24-06-2022,30-06-2022,IndiGo,6E-6067,15:45,23:30,07h 45m,1-stop,9994,1,24-06-2022 01:00,Night,6,465,Bangalore -> Delhi
4627,Bangalore,Delhi,24-06-2022,30-06-2022,IndiGo,6E- 408,05:25,13:15,07h 50m,1-stop,9994,17,24-06-2022 17:00,Evening,6,470,Bangalore -> Delhi
4628,Bangalore,Delhi,24-06-2022,30-06-2022,IndiGo,6E- 469,15:35,23:25,07h 50m,1-stop,9994,23,24-06-2022 23:00,Night,6,470,Bangalore -> Delhi
4629,Bangalore,Delhi,24-06-2022,30-06-2022,IndiGo,6E- 232,23:05,06:55,07h 50m,1-stop,9994,1,24-06-2022 01:00,Night,6,470,Bangalore -> Delhi
4630,Bangalore,Delhi,24-06-2022,30-06-2022,IndiGo,6E- 405,07:50,15:55,08h 05m,1-stop,9994,10,24-06-2022 10:00,Morning,6,485,Bangalore -> Delhi
4631,Bangalore,Delhi,24-06-2022,30-06-2022,IndiGo,6E- 959,13:05,21:15,08h 10m,1-stop,9994,8,24-06-2022 08:00,Morning,6,490,Bangalore -> Delhi
4632,Bangalore,Delhi,24-06-2022,30-06-2022,IndiGo,6E- 537,10:15,18:35,08h 20m,1-stop,9994,11,24-06-2022 11:00,Morning,6,500,Bangalore -> Delhi
4633,Bangalore,Delhi,24-06-2022,30-06-2022,IndiGo,6E-6257,05:15,13:55,08h 40m,1-stop,9994,16,24-06-2022 16:00,Afternoon,6,520,Bangalore -> Delhi
4634,Bangalore,Delhi,24-06-2022,30-06-2022,IndiGo,6E-6802,06:20,15:10,08h 50m,1-stop,9994,14,24-06-2022 14:00,Afternoon,6,530,Bangalore -> Delhi
4635,Bangalore,Delhi,24-06-2022,30-06-2022,IndiGo,6E-5039,16:30,19:15,02h 45m,non-stop,10200,16,24-06-2022 16:00,Afternoon,6,165,Bangalore -> Delhi
4636,Bangalore,Delhi,24-06-2022,30-06-2022,IndiGo,6E- 871,09:20,12:10,02h 50m,non-stop,10200,17,24-06-2022 17:00,Evening,6,170,Bangalore -> Delhi
4637,Bangalore,Delhi,24-06-2022,30-06-2022,IndiGo,6E- 869,11:45,14:40,02h 55m,non-stop,10200,21,24-06-2022 21:00,Night,6,175,Bangalore -> Delhi
4639,Bangalore,Delhi,24-06-2022,30-06-2022,Vistara,UK-810,07:00,09:40,02h 40m,non-stop,10939,5,24-06-2022 05:00,Morning,6,160,Bangalore -> Delhi
4640,Bangalore,Delhi,24-06-2022,30-06-2022,Vistara,UK-818,19:40,22:25,02h 45m,non-stop,10939,16,24-06-2022 16:00,Afternoon,6,165,Bangalore -> Delhi
4641,Bangalore,Delhi,24-06-2022,30-06-2022,Vistara,UK-814,21:15,23:50,02h 35m,non-stop,11464,22,24-06-2022 22:00,Night,6,155,Bangalore -> Delhi
4642,Bangalore,Delhi,24-06-2022,30-06-2022,Vistara,UK-808,08:00,10:40,02h 40m,non-stop,11464,23,24-06-2022 23:00,Night,6,160,Bangalore -> Delhi
4643,Bangalore,Delhi,24-06-2022,30-06-2022,Vistara,UK-820,17:45,20:20,02h 35m,non-stop,12199,17,24-06-2022 17:00,Evening,6,155,Bangalore -> Delhi
4644,Bangalore,Delhi,24-06-2022,30-06-2022,Air Asia,I5-1426,12:50,01:00,12h 10m,2+-stop,12515,7,24-06-2022 07:00,Morning,6,730,Bangalore -> Delhi
4645,Bangalore,Delhi,24-06-2022,30-06-2022,Vistara,UK-897,07:45,19:55,12h 10m,1-stop,14400,8,24-06-2022 08:00,Morning,6,730,Bangalore -> Delhi
4646,Bangalore,Delhi,24-06-2022,30-06-2022,Vistara,UK-802,18:45,21:30,02h 45m,non-stop,13249,5,24-06-2022 05:00,Morning,6,165,Bangalore -> Delhi
4647,Bangalore,Delhi,24-06-2022,30-06-2022,Vistara,UK-816,11:30,14:20,02h 50m,non-stop,13249,4,24-06-2022 04:00,Night,6,170,Bangalore -> Delhi
4648,Bangalore,Delhi,24-06-2022,30-06-2022,Vistara,UK-806,09:45,12:40,02h 55m,non-stop,13249,11,24-06-2022 11:00,Morning,6,175,Bangalore -> Delhi
4649,Bangalore,Delhi,24-06-2022,30-06-2022,Vistara,UK-915,17:30,21:35,04h 05m,1-stop,15555,10,24-06-2022 10:00,Morning,6,245,Bangalore -> Delhi
4650,Bangalore,Delhi,24-06-2022,30-06-2022,Vistara,UK-854,18:25,23:00,04h 35m,2+-stop,15555,0,24-06-2022 00:00,Night,6,275,Bangalore -> Delhi
4651,Bangalore,Delhi,24-06-2022,30-06-2022,Vistara,UK-852,09:30,14:30,05h 00m,2+-stop,15555,10,24-06-2022 10:00,Morning,6,300,Bangalore -> Delhi
4652,Bangalore,Delhi,24-06-2022,30-06-2022,Vistara,UK-858,06:40,12:40,06h 00m,2+-stop,15555,18,24-06-2022 18:00,Evening,6,360,Bangalore -> Delhi
4653,Bangalore,Delhi,24-06-2022,30-06-2022,Vistara,UK-544,10:15,16:55,06h 40m,2+-stop,15555,8,24-06-2022 08:00,Morning,6,400,Bangalore -> Delhi
4654,Bangalore,Delhi,24-06-2022,30-06-2022,Vistara,UK-858,06:40,14:05,07h 25m,2+-stop,15555,1,24-06-2022 01:00,Night,6,445,Bangalore -> Delhi
4655,Bangalore,Delhi,24-06-2022,30-06-2022,Vistara,UK-852,09:30,16:55,07h 25m,2+-stop,15555,11,24-06-2022 11:00,Morning,6,445,Bangalore -> Delhi
4656,Bangalore,Delhi,24-06-2022,30-06-2022,Vistara,UK-858,06:40,14:30,07h 50m,2+-stop,15555,3,24-06-2022 03:00,Night,6,470,Bangalore -> Delhi
4657,Bangalore,Delhi,24-06-2022,30-06-2022,Vistara,UK-544,10:15,18:05,07h 50m,2+-stop,15555,3,24-06-2022 03:00,Night,6,470,Bangalore -> Delhi
4658,Bangalore,Delhi,24-06-2022,30-06-2022,Vistara,UK-852,09:30,18:05,08h 35m,2+-stop,15555,17,24-06-2022 17:00,Evening,6,515,Bangalore -> Delhi
4659,Bangalore,Delhi,24-06-2022,30-06-2022,Vistara,UK-544,10:15,19:45,09h 30m,2+-stop,15555,14,24-06-2022 14:00,Afternoon,6,570,Bangalore -> Delhi
4660,Bangalore,Delhi,24-06-2022,30-06-2022,Vistara,UK-915,17:30,09:35,16h 05m,1-stop,15555,18,24-06-2022 18:00,Evening,6,965,Bangalore -> Delhi
4661,Bangalore,Delhi,24-06-2022,30-06-2022,GO FIRST,G8- 283,05:25,15:05,09h 40m,1-stop,15812,12,24-06-2022 12:00,Afternoon,6,580,Bangalore -> Delhi
4662,Bangalore,Delhi,24-06-2022,30-06-2022,Vistara,UK-852,09:30,16:20,06h 50m,1-stop Via Mumbai,15994,18,24-06-2022 18:00,Evening,6,410,Bangalore -> Delhi
4663,Bangalore,Delhi,24-06-2022,30-06-2022,Vistara,UK-897,07:45,15:35,07h 50m,1-stop,14717,16,24-06-2022 16:00,Afternoon,6,470,Bangalore -> Delhi
4664,Bangalore,Delhi,24-06-2022,30-06-2022,Vistara,UK-893,20:10,15:35,19h 25m,1-stop,14717,5,24-06-2022 05:00,Morning,6,1165,Bangalore -> Delhi
4665,Bangalore,Delhi,24-06-2022,30-06-2022,Vistara,UK-850,19:55,08:20,12h 25m,2+-stop,14746,15,24-06-2022 15:00,Afternoon,6,745,Bangalore -> Delhi
4666,Bangalore,Delhi,24-06-2022,30-06-2022,Vistara,UK-864,18:55,08:20,13h 25m,2+-stop,14746,23,24-06-2022 23:00,Night,6,805,Bangalore -> Delhi
4667,Bangalore,Delhi,24-06-2022,30-06-2022,Vistara,UK-854,18:25,08:20,13h 55m,2+-stop,14746,11,24-06-2022 11:00,Morning,6,835,Bangalore -> Delhi
4668,Bangalore,Delhi,24-06-2022,30-06-2022,Vistara,UK-544,10:15,08:20,22h 05m,2+-stop,14746,18,24-06-2022 18:00,Evening,6,1325,Bangalore -> Delhi
4669,Bangalore,Delhi,24-06-2022,30-06-2022,Vistara,UK-852,09:30,08:20,22h 50m,2+-stop,14746,4,24-06-2022 04:00,Night,6,1370,Bangalore -> Delhi
4670,Bangalore,Delhi,24-06-2022,30-06-2022,Vistara,UK-858,06:40,08:20,25h 40m,2+-stop,14746,16,24-06-2022 16:00,Afternoon,6,1540,Bangalore -> Delhi
4671,Bangalore,Delhi,24-06-2022,30-06-2022,Vistara,UK-850,19:55,22:10,26h 15m,2+-stop,14746,22,24-06-2022 22:00,Night,6,1575,Bangalore -> Delhi
4672,Bangalore,Delhi,24-06-2022,30-06-2022,Vistara,UK-846,08:30,08:20,23h 50m,2+-stop,15063,0,24-06-2022 00:00,Night,6,1430,Bangalore -> Delhi
4673,Bangalore,Delhi,24-06-2022,30-06-2022,Vistara,UK-897,07:45,12:30,04h 45m,1-stop,15137,23,24-06-2022 23:00,Night,6,285,Bangalore -> Delhi
4674,Bangalore,Delhi,24-06-2022,30-06-2022,Vistara,UK-893,20:10,09:00,12h 50m,1-stop,15399,22,24-06-2022 22:00,Night,6,770,Bangalore -> Delhi
4675,Bangalore,Delhi,24-06-2022,30-06-2022,Vistara,UK-850,19:55,10:25,14h 30m,2+-stop,15483,9,24-06-2022 09:00,Morning,6,870,Bangalore -> Delhi
4676,Bangalore,Delhi,24-06-2022,30-06-2022,Vistara,UK-864,18:55,10:25,15h 30m,2+-stop,15483,14,24-06-2022 14:00,Afternoon,6,930,Bangalore -> Delhi
4677,Bangalore,Delhi,24-06-2022,30-06-2022,Vistara,UK-854,18:25,10:25,16h 00m,2+-stop,15483,22,24-06-2022 22:00,Night,6,960,Bangalore -> Delhi
4678,Bangalore,Delhi,24-06-2022,30-06-2022,Air Asia,I5-1426,12:50,20:25,07h 35m,2+-stop,17189,20,24-06-2022 20:00,Evening,6,455,Bangalore -> Delhi
4679,Bangalore,Delhi,24-06-2022,30-06-2022,Vistara,UK-850,19:55,00:55,05h 00m,2+-stop,15555,20,24-06-2022 20:00,Evening,6,300,Bangalore -> Delhi
4680,Bangalore,Delhi,24-06-2022,30-06-2022,Vistara,UK-864,18:55,00:10,05h 15m,2+-stop,15555,10,24-06-2022 10:00,Morning,6,315,Bangalore -> Delhi
4681,Bangalore,Delhi,24-06-2022,30-06-2022,Vistara,UK-854,18:25,00:10,05h 45m,2+-stop,15555,12,24-06-2022 12:00,Afternoon,6,345,Bangalore -> Delhi
4682,Bangalore,Delhi,24-06-2022,30-06-2022,Vistara,UK-864,18:55,00:55,06h 00m,2+-stop,15555,4,24-06-2022 04:00,Night,6,360,Bangalore -> Delhi
4683,Bangalore,Delhi,24-06-2022,30-06-2022,Vistara,UK-854,18:25,00:55,06h 30m,2+-stop,15555,0,24-06-2022 00:00,Night,6,390,Bangalore -> Delhi
4702,Bangalore,Delhi,24-06-2022,30-06-2022,Vistara,UK-846,08:30,14:30,06h 00m,2+-stop,15872,23,24-06-2022 23:00,Night,6,360,Bangalore -> Delhi
4703,Bangalore,Delhi,24-06-2022,30-06-2022,Vistara,UK-846,08:30,16:55,08h 25m,2+-stop,15872,11,24-06-2022 11:00,Morning,6,505,Bangalore -> Delhi
4706,Bangalore,Delhi,24-06-2022,30-06-2022,Vistara,UK-657,11:30,16:30,05h 00m,1-stop,16187,10,24-06-2022 10:00,Morning,6,300,Bangalore -> Delhi
4707,Bangalore,Delhi,24-06-2022,30-06-2022,Vistara,UK-657,11:30,19:50,08h 20m,1-stop,16187,16,24-06-2022 16:00,Afternoon,6,500,Bangalore -> Delhi
4709,Bangalore,Delhi,24-06-2022,30-06-2022,Vistara,UK-846,08:30,16:20,07h 50m,2+-stop,18023,3,24-06-2022 03:00,Night,6,470,Bangalore -> Delhi
4710,Bangalore,Delhi,24-06-2022,30-06-2022,Vistara,UK-858,06:40,16:20,09h 40m,2+-stop,18023,14,24-06-2022 14:00,Afternoon,6,580,Bangalore -> Delhi
4711,Bangalore,Delhi,24-06-2022,30-06-2022,Vistara,UK-755,09:25,16:05,06h 40m,1-stop,19860,8,24-06-2022 08:00,Morning,6,400,Bangalore -> Delhi
4712,Bangalore,Delhi,24-06-2022,30-06-2022,Vistara,UK-867,12:45,00:40,11h 55m,1-stop,18184,20,24-06-2022 20:00,Evening,6,715,Bangalore -> Delhi
4713,Bangalore,Delhi,24-06-2022,30-06-2022,IndiGo,6E- 469,15:35,21:55,06h 20m,1-stop,18394,19,24-06-2022 19:00,Evening,6,380,Bangalore -> Delhi
4715,Bangalore,Delhi,24-06-2022,30-06-2022,Vistara,UK-511,07:10,18:20,11h 10m,1-stop,20387,18,24-06-2022 18:00,Evening,6,670,Bangalore -> Delhi
4720,Bangalore,Delhi,24-06-2022,30-06-2022,Air Asia,I5-1780,05:10,14:55,09h 45m,1-stop,35462,18,24-06-2022 18:00,Evening,6,585,Bangalore -> Delhi
4721,Mumbai,Delhi,24-06-2022,24-06-2022,IndiGo,6E- 248,23:30,01:40,02h 10m,non-stop,8568,11,24-06-2022 11:00,Morning,0,130,Mumbai -> Delhi
4722,Mumbai,Delhi,24-06-2022,24-06-2022,Vistara,UK-986,22:45,00:55,02h 10m,non-stop,8566,4,24-06-2022 04:00,Night,0,130,Mumbai -> Delhi
4723,Mumbai,Delhi,24-06-2022,24-06-2022,Vistara,UK-919,22:35,08:20,09h 45m,1-stop,8702,9,24-06-2022 09:00,Morning,0,585,Mumbai -> Delhi
4724,Mumbai,Delhi,24-06-2022,24-06-2022,Vistara,UK-919,22:35,10:25,11h 50m,1-stop,8702,16,24-06-2022 16:00,Afternoon,0,710,Mumbai -> Delhi
4725,Mumbai,Delhi,24-06-2022,24-06-2022,GO FIRST,G8- 322,22:10,00:25,02h 15m,non-stop,8568,4,24-06-2022 04:00,Night,0,135,Mumbai -> Delhi
4726,Mumbai,Delhi,24-06-2022,24-06-2022,GO FIRST,G8-2611,21:30,07:10,09h 40m,1-stop,8568,21,24-06-2022 21:00,Night,0,580,Mumbai -> Delhi
4727,Mumbai,Delhi,24-06-2022,24-06-2022,Vistara,UK-919,22:35,22:10,23h 35m,1-stop,8702,15,24-06-2022 15:00,Afternoon,0,1415,Mumbai -> Delhi
4728,Mumbai,Delhi,24-06-2022,24-06-2022,Air Asia,I5-1569,21:20,03:20,06h 00m,1-stop,10248,6,24-06-2022 06:00,Morning,0,360,Mumbai -> Delhi
4729,Mumbai,Delhi,24-06-2022,24-06-2022,IndiGo,6E- 624,22:55,07:40,08h 45m,1-stop,10826,8,24-06-2022 08:00,Morning,0,525,Mumbai -> Delhi
4730,Mumbai,Delhi,24-06-2022,24-06-2022,Air Asia,I5-1784,22:00,08:55,10h 55m,1-stop,12610,2,24-06-2022 02:00,Night,0,655,Mumbai -> Delhi
4731,Mumbai,Delhi,24-06-2022,24-06-2022,Air Asia,I5-1569,21:20,08:55,11h 35m,1-stop,12610,14,24-06-2022 14:00,Afternoon,0,695,Mumbai -> Delhi
4732,Mumbai,Delhi,24-06-2022,24-06-2022,IndiGo,6E-6045,21:30,05:50,08h 20m,1-stop,12716,15,24-06-2022 15:00,Afternoon,0,500,Mumbai -> Delhi
4733,Mumbai,Delhi,24-06-2022,24-06-2022,IndiGo,6E-6045,21:30,07:30,10h 00m,1-stop,12716,17,24-06-2022 17:00,Evening,0,600,Mumbai -> Delhi
4734,Mumbai,Delhi,24-06-2022,24-06-2022,Vistara,UK-869,21:20,22:45,25h 25m,1-stop,14129,13,24-06-2022 13:00,Afternoon,0,1525,Mumbai -> Delhi
4735,Mumbai,Delhi,24-06-2022,24-06-2022,Vistara,UK-869,21:20,09:00,11h 40m,1-stop,14446,2,24-06-2022 02:00,Night,0,700,Mumbai -> Delhi
4736,Mumbai,Delhi,24-06-2022,24-06-2022,Vistara,UK-869,21:20,15:35,18h 15m,1-stop,14446,11,24-06-2022 11:00,Morning,0,1095,Mumbai -> Delhi
4737,Mumbai,Delhi,24-06-2022,24-06-2022,Vistara,UK-869,21:20,19:55,22h 35m,1-stop,14446,8,24-06-2022 08:00,Morning,0,1355,Mumbai -> Delhi
4738,Mumbai,Delhi,24-06-2022,24-06-2022,Vistara,UK-869,21:20,12:30,15h 10m,1-stop,15391,6,24-06-2022 06:00,Morning,0,910,Mumbai -> Delhi
4739,Mumbai,Delhi,24-06-2022,24-06-2022,Vistara,UK-950,21:55,00:10,02h 15m,non-stop,15708,8,24-06-2022 08:00,Morning,0,135,Mumbai -> Delhi
4740,Mumbai,Delhi,24-06-2022,24-06-2022,Vistara,UK-857,21:30,22:25,24h 55m,1-stop,19171,12,24-06-2022 12:00,Afternoon,0,1495,Mumbai -> Delhi
4741,Mumbai,Delhi,24-06-2022,24-06-2022,Vistara,UK-857,21:30,23:50,26h 20m,1-stop,19171,17,24-06-2022 17:00,Evening,0,1580,Mumbai -> Delhi
4742,Mumbai,Delhi,24-06-2022,24-06-2022,Vistara,UK-857,21:30,09:40,12h 10m,1-stop,19488,4,24-06-2022 04:00,Night,0,730,Mumbai -> Delhi
4743,Mumbai,Delhi,24-06-2022,24-06-2022,Vistara,UK-857,21:30,10:40,13h 10m,1-stop,20433,12,24-06-2022 12:00,Afternoon,0,790,Mumbai -> Delhi
4744,Mumbai,Delhi,24-06-2022,24-06-2022,Vistara,UK-857,21:30,21:30,24h 00m,1-stop,20958,3,24-06-2022 03:00,Night,0,1440,Mumbai -> Delhi
4745,Mumbai,Delhi,24-06-2022,24-06-2022,Vistara,UK-857,21:30,20:20,22h 50m,1-stop,21693,1,24-06-2022 01:00,Night,0,1370,Mumbai -> Delhi
4746,Mumbai,Delhi,24-06-2022,24-06-2022,Vistara,UK-857,21:30,12:40,15h 10m,1-stop,22743,15,24-06-2022 15:00,Afternoon,0,910,Mumbai -> Delhi
4747,Mumbai,Delhi,24-06-2022,24-06-2022,Air Asia,I5-1784,22:00,13:55,15h 55m,1-stop,25919,8,24-06-2022 08:00,Morning,0,955,Mumbai -> Delhi
4748,Mumbai,Delhi,24-06-2022,24-06-2022,Vistara,UK-857,21:30,14:20,16h 50m,1-stop,27783,8,24-06-2022 08:00,Morning,0,1010,Mumbai -> Delhi
4749,Mumbai,Delhi,24-06-2022,25-06-2022,SpiceJet,SG-8152,07:05,09:20,02h 15m,non-stop,8568,5,24-06-2022 05:00,Morning,1,135,Mumbai -> Delhi
4750,Mumbai,Delhi,24-06-2022,25-06-2022,SpiceJet,SG-8702,16:00,18:20,02h 20m,non-stop,8568,10,24-06-2022 10:00,Morning,1,140,Mumbai -> Delhi
4751,Mumbai,Delhi,24-06-2022,25-06-2022,SpiceJet,SG-8158,19:35,22:00,02h 25m,non-stop,8568,21,24-06-2022 21:00,Night,1,145,Mumbai -> Delhi
4752,Mumbai,Delhi,24-06-2022,25-06-2022,IndiGo,6E-2111,02:40,04:35,01h 55m,non-stop,8568,23,24-06-2022 23:00,Night,1,115,Mumbai -> Delhi
4753,Mumbai,Delhi,24-06-2022,25-06-2022,GO FIRST,G8- 329,05:55,08:00,02h 05m,non-stop,8568,21,24-06-2022 21:00,Night,1,125,Mumbai -> Delhi
4754,Mumbai,Delhi,24-06-2022,25-06-2022,IndiGo,6E-5398,07:00,09:05,02h 05m,non-stop,8568,0,24-06-2022 00:00,Night,1,125,Mumbai -> Delhi
4755,Mumbai,Delhi,24-06-2022,25-06-2022,GO FIRST,G8- 339,18:00,20:05,02h 05m,non-stop,8568,3,24-06-2022 03:00,Night,1,125,Mumbai -> Delhi
4756,Mumbai,Delhi,24-06-2022,25-06-2022,GO FIRST,G8- 330,00:10,02:20,02h 10m,non-stop,8568,12,24-06-2022 12:00,Afternoon,1,130,Mumbai -> Delhi
4757,Mumbai,Delhi,24-06-2022,25-06-2022,IndiGo,6E-5332,06:05,08:15,02h 10m,non-stop,8568,22,24-06-2022 22:00,Night,1,130,Mumbai -> Delhi
4758,Mumbai,Delhi,24-06-2022,25-06-2022,GO FIRST,G8- 327,09:55,12:05,02h 10m,non-stop,8568,12,24-06-2022 12:00,Afternoon,1,130,Mumbai -> Delhi
4759,Mumbai,Delhi,24-06-2022,25-06-2022,IndiGo,6E-6821,10:10,12:20,02h 10m,non-stop,8568,12,24-06-2022 12:00,Afternoon,1,130,Mumbai -> Delhi
4760,Mumbai,Delhi,24-06-2022,25-06-2022,IndiGo,6E- 248,23:30,01:40,02h 10m,non-stop,8568,1,24-06-2022 01:00,Night,1,130,Mumbai -> Delhi
4761,Mumbai,Delhi,24-06-2022,25-06-2022,IndiGo,6E-5341,07:45,10:00,02h 15m,non-stop,8568,8,24-06-2022 08:00,Morning,1,135,Mumbai -> Delhi
4762,Mumbai,Delhi,24-06-2022,25-06-2022,IndiGo,6E-2172,09:25,11:40,02h 15m,non-stop,8568,23,24-06-2022 23:00,Night,1,135,Mumbai -> Delhi
4763,Mumbai,Delhi,24-06-2022,25-06-2022,IndiGo,6E-2012,15:55,18:10,02h 15m,non-stop,8568,7,24-06-2022 07:00,Morning,1,135,Mumbai -> Delhi
4764,Mumbai,Delhi,24-06-2022,25-06-2022,GO FIRST,G8- 391,16:45,19:00,02h 15m,non-stop,8568,6,24-06-2022 06:00,Morning,1,135,Mumbai -> Delhi
4765,Mumbai,Delhi,24-06-2022,25-06-2022,GO FIRST,G8- 341,21:40,23:55,02h 15m,non-stop,8568,3,24-06-2022 03:00,Night,1,135,Mumbai -> Delhi
4766,Mumbai,Delhi,24-06-2022,25-06-2022,Air Asia,I5-330,19:45,21:45,02h 00m,non-stop,9124,17,24-06-2022 17:00,Evening,1,120,Mumbai -> Delhi
4767,Mumbai,Delhi,24-06-2022,25-06-2022,Air Asia,I5-767,07:20,09:30,02h 10m,non-stop,9124,2,24-06-2022 02:00,Night,1,130,Mumbai -> Delhi
4768,Mumbai,Delhi,24-06-2022,25-06-2022,Vistara,UK-954,06:00,08:05,02h 05m,non-stop,8566,5,24-06-2022 05:00,Morning,1,125,Mumbai -> Delhi
4769,Mumbai,Delhi,24-06-2022,25-06-2022,Vistara,UK-928,06:30,08:35,02h 05m,non-stop,8566,11,24-06-2022 11:00,Morning,1,125,Mumbai -> Delhi
4770,Mumbai,Delhi,24-06-2022,25-06-2022,Vistara,UK-988,20:55,23:00,02h 05m,non-stop,8566,11,24-06-2022 11:00,Morning,1,125,Mumbai -> Delhi
4771,Mumbai,Delhi,24-06-2022,25-06-2022,Vistara,UK-930,07:30,09:40,02h 10m,non-stop,8566,20,24-06-2022 20:00,Evening,1,130,Mumbai -> Delhi
4772,Mumbai,Delhi,24-06-2022,25-06-2022,Vistara,UK-960,11:55,14:05,02h 10m,non-stop,8566,7,24-06-2022 07:00,Morning,1,130,Mumbai -> Delhi
4773,Mumbai,Delhi,24-06-2022,25-06-2022,Vistara,UK-910,17:35,19:45,02h 10m,non-stop,8566,21,24-06-2022 21:00,Night,1,130,Mumbai -> Delhi
4774,Mumbai,Delhi,24-06-2022,25-06-2022,Vistara,UK-996,18:30,20:40,02h 10m,non-stop,8566,21,24-06-2022 21:00,Night,1,130,Mumbai -> Delhi
4775,Mumbai,Delhi,24-06-2022,25-06-2022,Vistara,UK-940,19:45,21:55,02h 10m,non-stop,8566,0,24-06-2022 00:00,Night,1,130,Mumbai -> Delhi
4776,Mumbai,Delhi,24-06-2022,25-06-2022,Vistara,UK-986,22:45,00:55,02h 10m,non-stop,8566,3,24-06-2022 03:00,Night,1,130,Mumbai -> Delhi
4777,Mumbai,Delhi,24-06-2022,25-06-2022,Vistara,UK-944,14:40,16:55,02h 15m,non-stop,8566,20,24-06-2022 20:00,Evening,1,135,Mumbai -> Delhi
4778,Mumbai,Delhi,24-06-2022,25-06-2022,Vistara,UK-950,21:55,00:10,02h 15m,non-stop,8566,10,24-06-2022 10:00,Morning,1,135,Mumbai -> Delhi
4779,Mumbai,Delhi,24-06-2022,25-06-2022,Vistara,UK-902,15:45,18:05,02h 20m,non-stop,8566,2,24-06-2022 02:00,Night,1,140,Mumbai -> Delhi
4780,Mumbai,Delhi,24-06-2022,25-06-2022,Vistara,UK-939,06:35,10:25,03h 50m,1-stop,8702,12,24-06-2022 12:00,Afternoon,1,230,Mumbai -> Delhi
4781,Mumbai,Delhi,24-06-2022,25-06-2022,Vistara,UK-919,22:35,08:20,09h 45m,1-stop,8702,16,24-06-2022 16:00,Afternoon,1,585,Mumbai -> Delhi
4782,Mumbai,Delhi,24-06-2022,25-06-2022,Vistara,UK-919,22:35,10:25,11h 50m,1-stop,8702,21,24-06-2022 21:00,Night,1,710,Mumbai -> Delhi
4783,Mumbai,Delhi,24-06-2022,25-06-2022,Vistara,UK-949,20:00,08:20,12h 20m,1-stop,8702,21,24-06-2022 21:00,Night,1,740,Mumbai -> Delhi
4784,Mumbai,Delhi,24-06-2022,25-06-2022,IndiGo,6E- 993,14:35,16:35,02h 00m,non-stop,8568,9,24-06-2022 09:00,Morning,1,120,Mumbai -> Delhi
4785,Mumbai,Delhi,24-06-2022,25-06-2022,IndiGo,6E-2113,18:35,20:45,02h 10m,non-stop,8568,20,24-06-2022 20:00,Evening,1,130,Mumbai -> Delhi
4786,Mumbai,Delhi,24-06-2022,25-06-2022,IndiGo,6E- 439,19:30,21:40,02h 10m,non-stop,8568,11,24-06-2022 11:00,Morning,1,130,Mumbai -> Delhi
4787,Mumbai,Delhi,24-06-2022,25-06-2022,IndiGo,6E-2103,17:10,19:25,02h 15m,non-stop,8568,14,24-06-2022 14:00,Afternoon,1,135,Mumbai -> Delhi
4788,Mumbai,Delhi,24-06-2022,25-06-2022,IndiGo,6E-2518,20:35,22:55,02h 20m,non-stop,8568,20,24-06-2022 20:00,Evening,1,140,Mumbai -> Delhi
4789,Mumbai,Delhi,24-06-2022,25-06-2022,Air Asia,I5-679,20:40,01:50,05h 10m,1-stop,8567,9,24-06-2022 09:00,Morning,1,310,Mumbai -> Delhi
4790,Mumbai,Delhi,24-06-2022,25-06-2022,Air Asia,I5-1569,21:20,03:20,06h 00m,1-stop,8567,13,24-06-2022 13:00,Afternoon,1,360,Mumbai -> Delhi
4791,Mumbai,Delhi,24-06-2022,25-06-2022,Air Asia,I5-631,07:50,14:20,06h 30m,1-stop,8567,12,24-06-2022 12:00,Afternoon,1,390,Mumbai -> Delhi
4792,Mumbai,Delhi,24-06-2022,25-06-2022,Air Asia,I5-942,13:05,21:10,08h 05m,1-stop,8567,4,24-06-2022 04:00,Night,1,485,Mumbai -> Delhi
4793,Mumbai,Delhi,24-06-2022,25-06-2022,Air Asia,I5-753,15:40,01:50,10h 10m,1-stop,8567,5,24-06-2022 05:00,Morning,1,610,Mumbai -> Delhi
4794,Mumbai,Delhi,24-06-2022,25-06-2022,Air Asia,I5-1784,22:00,08:55,10h 55m,1-stop,8567,23,24-06-2022 23:00,Night,1,655,Mumbai -> Delhi
4795,Mumbai,Delhi,24-06-2022,25-06-2022,Air Asia,I5-1569,21:20,08:55,11h 35m,1-stop,8567,1,24-06-2022 01:00,Night,1,695,Mumbai -> Delhi
4796,Mumbai,Delhi,24-06-2022,25-06-2022,Air Asia,I5-631,07:50,19:55,12h 05m,1-stop,8567,21,24-06-2022 21:00,Night,1,725,Mumbai -> Delhi
4797,Mumbai,Delhi,24-06-2022,25-06-2022,Air Asia,I5-942,13:05,01:10,12h 05m,1-stop,8567,16,24-06-2022 16:00,Afternoon,1,725,Mumbai -> Delhi
4798,Mumbai,Delhi,24-06-2022,25-06-2022,Air Asia,I5-942,13:05,01:20,12h 15m,1-stop,8567,3,24-06-2022 03:00,Night,1,735,Mumbai -> Delhi
4799,Mumbai,Delhi,24-06-2022,25-06-2022,Air Asia,I5-942,13:05,03:20,14h 15m,1-stop,8567,13,24-06-2022 13:00,Afternoon,1,855,Mumbai -> Delhi
4800,Mumbai,Delhi,24-06-2022,25-06-2022,GO FIRST,G8- 287,10:50,16:15,05h 25m,1-stop,8568,9,24-06-2022 09:00,Morning,1,325,Mumbai -> Delhi
4801,Mumbai,Delhi,24-06-2022,25-06-2022,GO FIRST,G8- 287,10:50,19:25,08h 35m,1-stop,8568,2,24-06-2022 02:00,Night,1,515,Mumbai -> Delhi
4802,Mumbai,Delhi,24-06-2022,25-06-2022,GO FIRST,G8- 383,15:40,00:15,08h 35m,1-stop,8568,2,24-06-2022 02:00,Night,1,515,Mumbai -> Delhi
4803,Mumbai,Delhi,24-06-2022,25-06-2022,GO FIRST,G8-3184,04:30,13:10,08h 40m,1-stop,8568,14,24-06-2022 14:00,Afternoon,1,520,Mumbai -> Delhi
4804,Mumbai,Delhi,24-06-2022,25-06-2022,GO FIRST,G8- 287,10:50,19:45,08h 55m,1-stop,8568,5,24-06-2022 05:00,Morning,1,535,Mumbai -> Delhi
4805,Mumbai,Delhi,24-06-2022,25-06-2022,GO FIRST,G8- 287,10:50,19:45,08h 55m,1-stop,8568,16,24-06-2022 16:00,Afternoon,1,535,Mumbai -> Delhi
4806,Mumbai,Delhi,24-06-2022,25-06-2022,GO FIRST,G8- 287,10:50,20:15,09h 25m,1-stop,8568,11,24-06-2022 11:00,Morning,1,565,Mumbai -> Delhi
4807,Mumbai,Delhi,24-06-2022,25-06-2022,GO FIRST,G8-3184,04:30,14:40,10h 10m,1-stop,8568,21,24-06-2022 21:00,Night,1,610,Mumbai -> Delhi
4808,Mumbai,Delhi,24-06-2022,25-06-2022,GO FIRST,G8- 287,10:50,21:10,10h 20m,1-stop,8568,19,24-06-2022 19:00,Evening,1,620,Mumbai -> Delhi
4809,Mumbai,Delhi,24-06-2022,25-06-2022,GO FIRST,G8- 287,10:50,22:20,11h 30m,1-stop,8568,23,24-06-2022 23:00,Night,1,690,Mumbai -> Delhi
4810,Mumbai,Delhi,24-06-2022,25-06-2022,GO FIRST,G8- 398,20:10,08:40,12h 30m,1-stop,8568,10,24-06-2022 10:00,Morning,1,750,Mumbai -> Delhi
4811,Mumbai,Delhi,24-06-2022,25-06-2022,GO FIRST,G8- 364,20:30,09:40,13h 10m,1-stop,8568,3,24-06-2022 03:00,Night,1,790,Mumbai -> Delhi
4812,Mumbai,Delhi,24-06-2022,25-06-2022,GO FIRST,G8-3184,04:30,19:25,14h 55m,1-stop,8568,5,24-06-2022 05:00,Morning,1,895,Mumbai -> Delhi
4813,Mumbai,Delhi,24-06-2022,25-06-2022,GO FIRST,G8- 344,19:05,10:00,14h 55m,1-stop,8568,0,24-06-2022 00:00,Night,1,895,Mumbai -> Delhi
4814,Mumbai,Delhi,24-06-2022,25-06-2022,GO FIRST,G8-3184,04:30,19:45,15h 15m,1-stop,8568,19,24-06-2022 19:00,Evening,1,915,Mumbai -> Delhi
4815,Mumbai,Delhi,24-06-2022,25-06-2022,GO FIRST,G8-3184,04:30,20:15,15h 45m,1-stop,8568,22,24-06-2022 22:00,Night,1,945,Mumbai -> Delhi
4816,Mumbai,Delhi,24-06-2022,25-06-2022,Vistara,UK-949,20:00,10:25,14h 25m,1-stop,8702,15,24-06-2022 15:00,Afternoon,1,865,Mumbai -> Delhi
4817,Mumbai,Delhi,24-06-2022,25-06-2022,Vistara,UK-939,06:35,22:10,15h 35m,1-stop,8702,14,24-06-2022 14:00,Afternoon,1,935,Mumbai -> Delhi
4818,Mumbai,Delhi,24-06-2022,25-06-2022,Vistara,UK-919,22:35,22:10,23h 35m,1-stop,8702,16,24-06-2022 16:00,Afternoon,1,1415,Mumbai -> Delhi
4819,Mumbai,Delhi,24-06-2022,25-06-2022,Vistara,UK-939,06:35,08:20,25h 45m,1-stop,8702,7,24-06-2022 07:00,Morning,1,1545,Mumbai -> Delhi
4820,Mumbai,Delhi,24-06-2022,25-06-2022,Vistara,UK-949,20:00,22:10,26h 10m,1-stop,8702,11,24-06-2022 11:00,Morning,1,1570,Mumbai -> Delhi
4821,Mumbai,Delhi,24-06-2022,25-06-2022,IndiGo,6E- 168,12:05,14:10,02h 05m,non-stop,8778,21,24-06-2022 21:00,Night,1,125,Mumbai -> Delhi
4835,Mumbai,Delhi,24-06-2022,25-06-2022,IndiGo,6E- 802,16:55,20:55,04h 00m,1-stop,8883,20,24-06-2022 20:00,Evening,1,240,Mumbai -> Delhi
4836,Mumbai,Delhi,24-06-2022,25-06-2022,IndiGo,6E-6993,18:55,23:15,04h 20m,1-stop,8883,9,24-06-2022 09:00,Morning,1,260,Mumbai -> Delhi
4837,Mumbai,Delhi,24-06-2022,25-06-2022,IndiGo,6E-5273,12:40,17:15,04h 35m,1-stop,8883,14,24-06-2022 14:00,Afternoon,1,275,Mumbai -> Delhi
4838,Mumbai,Delhi,24-06-2022,25-06-2022,IndiGo,6E-6735,17:45,22:40,04h 55m,1-stop,8883,8,24-06-2022 08:00,Morning,1,295,Mumbai -> Delhi
4839,Mumbai,Delhi,24-06-2022,25-06-2022,IndiGo,6E-6515,16:50,21:55,05h 05m,1-stop,8883,1,24-06-2022 01:00,Night,1,305,Mumbai -> Delhi
4840,Mumbai,Delhi,24-06-2022,25-06-2022,IndiGo,6E-5293,00:35,05:50,05h 15m,1-stop,8883,4,24-06-2022 04:00,Night,1,315,Mumbai -> Delhi
4841,Mumbai,Delhi,24-06-2022,25-06-2022,IndiGo,6E-5334,09:40,15:10,05h 30m,1-stop,8883,5,24-06-2022 05:00,Morning,1,330,Mumbai -> Delhi
4842,Mumbai,Delhi,24-06-2022,25-06-2022,IndiGo,6E-5301,07:50,13:35,05h 45m,1-stop,8883,6,24-06-2022 06:00,Morning,1,345,Mumbai -> Delhi
4843,Mumbai,Delhi,24-06-2022,25-06-2022,IndiGo,6E- 843,15:00,21:15,06h 15m,1-stop,8883,20,24-06-2022 20:00,Evening,1,375,Mumbai -> Delhi
4844,Mumbai,Delhi,24-06-2022,25-06-2022,IndiGo,6E- 802,16:55,23:15,06h 20m,1-stop,8883,0,24-06-2022 00:00,Night,1,380,Mumbai -> Delhi
4845,Mumbai,Delhi,24-06-2022,25-06-2022,IndiGo,6E-6515,16:50,23:25,06h 35m,1-stop,8883,22,24-06-2022 22:00,Night,1,395,Mumbai -> Delhi
4846,Mumbai,Delhi,24-06-2022,25-06-2022,IndiGo,6E-5378,18:15,01:00,06h 45m,1-stop,8883,6,24-06-2022 06:00,Morning,1,405,Mumbai -> Delhi
4847,Mumbai,Delhi,24-06-2022,25-06-2022,IndiGo,6E-5293,00:35,07:30,06h 55m,1-stop,8883,19,24-06-2022 19:00,Evening,1,415,Mumbai -> Delhi
4848,Mumbai,Delhi,24-06-2022,25-06-2022,IndiGo,6E-5273,12:40,19:40,07h 00m,1-stop,8883,11,24-06-2022 11:00,Morning,1,420,Mumbai -> Delhi
4849,Mumbai,Delhi,24-06-2022,25-06-2022,IndiGo,6E- 213,06:25,13:35,07h 10m,1-stop,8883,15,24-06-2022 15:00,Afternoon,1,430,Mumbai -> Delhi
4850,Mumbai,Delhi,24-06-2022,25-06-2022,IndiGo,6E-5247,08:00,15:20,07h 20m,1-stop,8883,15,24-06-2022 15:00,Afternoon,1,440,Mumbai -> Delhi
4851,Mumbai,Delhi,24-06-2022,25-06-2022,IndiGo,6E-5334,09:40,17:05,07h 25m,1-stop,8883,10,24-06-2022 10:00,Morning,1,445,Mumbai -> Delhi
4852,Mumbai,Delhi,24-06-2022,25-06-2022,IndiGo,6E-5273,12:40,20:55,08h 15m,1-stop,8883,20,24-06-2022 20:00,Evening,1,495,Mumbai -> Delhi
4853,Mumbai,Delhi,24-06-2022,25-06-2022,IndiGo,6E-6045,21:30,05:50,08h 20m,1-stop,8883,3,24-06-2022 03:00,Night,1,500,Mumbai -> Delhi
4854,Mumbai,Delhi,24-06-2022,25-06-2022,IndiGo,6E- 624,22:55,07:40,08h 45m,1-stop,8883,12,24-06-2022 12:00,Afternoon,1,525,Mumbai -> Delhi
4855,Mumbai,Delhi,24-06-2022,25-06-2022,IndiGo,6E- 843,15:00,00:05,09h 05m,1-stop,8883,6,24-06-2022 06:00,Morning,1,545,Mumbai -> Delhi
4856,Mumbai,Delhi,24-06-2022,25-06-2022,IndiGo,6E-5301,07:50,17:15,09h 25m,1-stop,8883,3,24-06-2022 03:00,Night,1,565,Mumbai -> Delhi
4857,Mumbai,Delhi,24-06-2022,25-06-2022,IndiGo,6E-5268,12:30,21:55,09h 25m,1-stop,8883,14,24-06-2022 14:00,Afternoon,1,565,Mumbai -> Delhi
4858,Mumbai,Delhi,24-06-2022,25-06-2022,IndiGo,6E-6045,21:30,07:30,10h 00m,1-stop,8883,18,24-06-2022 18:00,Evening,1,600,Mumbai -> Delhi
4859,Mumbai,Delhi,24-06-2022,25-06-2022,IndiGo,6E-5273,12:40,23:15,10h 35m,1-stop,8883,8,24-06-2022 08:00,Morning,1,635,Mumbai -> Delhi
4860,Mumbai,Delhi,24-06-2022,25-06-2022,IndiGo,6E- 213,06:25,17:15,10h 50m,1-stop,8883,10,24-06-2022 10:00,Morning,1,650,Mumbai -> Delhi
4861,Mumbai,Delhi,24-06-2022,25-06-2022,IndiGo,6E-6993,18:55,05:50,10h 55m,1-stop,8883,7,24-06-2022 07:00,Morning,1,655,Mumbai -> Delhi
4862,Mumbai,Delhi,24-06-2022,25-06-2022,GO FIRST,G8- 510,20:55,08:10,11h 15m,1-stop,9075,0,24-06-2022 00:00,Night,1,675,Mumbai -> Delhi
4872,Mumbai,Delhi,24-06-2022,25-06-2022,Vistara,UK-952,12:25,14:30,02h 05m,non-stop,9303,22,24-06-2022 22:00,Night,1,125,Mumbai -> Delhi
4873,Mumbai,Delhi,24-06-2022,25-06-2022,Vistara,UK-994,10:25,12:40,02h 15m,non-stop,9303,23,24-06-2022 23:00,Night,1,135,Mumbai -> Delhi
4874,Mumbai,Delhi,24-06-2022,25-06-2022,Air Asia,I5-679,20:40,10:55,14h 15m,1-stop,9304,7,24-06-2022 07:00,Morning,1,855,Mumbai -> Delhi
4875,Mumbai,Delhi,24-06-2022,25-06-2022,Vistara,UK-970,08:45,11:00,02h 15m,non-stop,9828,12,24-06-2022 12:00,Afternoon,1,135,Mumbai -> Delhi
4876,Mumbai,Delhi,24-06-2022,25-06-2022,GO FIRST,G8-2504,12:00,22:30,10h 30m,1-stop,12531,21,24-06-2022 21:00,Night,1,630,Mumbai -> Delhi
4877,Mumbai,Delhi,24-06-2022,25-06-2022,GO FIRST,G8-2504,12:00,00:10,12h 10m,1-stop,12531,3,24-06-2022 03:00,Night,1,730,Mumbai -> Delhi
4878,Mumbai,Delhi,24-06-2022,25-06-2022,Vistara,UK-507,12:45,21:35,08h 50m,1-stop,12659,7,24-06-2022 07:00,Morning,1,530,Mumbai -> Delhi
4879,Mumbai,Delhi,24-06-2022,25-06-2022,Vistara,UK-507,12:45,09:35,20h 50m,1-stop,12659,2,24-06-2022 02:00,Night,1,1250,Mumbai -> Delhi
4881,Mumbai,Delhi,24-06-2022,25-06-2022,IndiGo,6E-2047,09:25,18:05,08h 40m,1-stop,12716,8,24-06-2022 08:00,Morning,1,520,Mumbai -> Delhi
4883,Mumbai,Delhi,24-06-2022,25-06-2022,IndiGo,6E- 164,07:15,13:45,06h 30m,1-stop,13319,1,24-06-2022 01:00,Night,1,390,Mumbai -> Delhi
4885,Mumbai,Delhi,24-06-2022,25-06-2022,Vistara,UK-687,17:00,22:45,05h 45m,1-stop,14129,1,24-06-2022 01:00,Night,1,345,Mumbai -> Delhi
4886,Mumbai,Delhi,24-06-2022,25-06-2022,Vistara,UK-873,06:20,22:45,16h 25m,1-stop,14129,12,24-06-2022 12:00,Afternoon,1,985,Mumbai -> Delhi
4887,Mumbai,Delhi,24-06-2022,25-06-2022,GO FIRST,G8- 575,05:00,20:10,15h 10m,1-stop,14869,14,24-06-2022 14:00,Afternoon,1,910,Mumbai -> Delhi
4890,Mumbai,Delhi,24-06-2022,25-06-2022,Vistara,UK-852,12:10,16:20,04h 10m,1-stop,14308,22,24-06-2022 22:00,Night,1,250,Mumbai -> Delhi
4891,Mumbai,Delhi,24-06-2022,25-06-2022,Vistara,UK-523,16:30,22:25,05h 55m,1-stop,16124,11,24-06-2022 11:00,Morning,1,355,Mumbai -> Delhi
4892,Mumbai,Delhi,24-06-2022,25-06-2022,Vistara,UK-873,06:20,15:35,09h 15m,1-stop,14446,3,24-06-2022 03:00,Night,1,555,Mumbai -> Delhi
4893,Mumbai,Delhi,24-06-2022,25-06-2022,Vistara,UK-869,21:20,09:00,11h 40m,1-stop,14446,7,24-06-2022 07:00,Morning,1,700,Mumbai -> Delhi
4894,Mumbai,Delhi,24-06-2022,25-06-2022,Vistara,UK-873,06:20,19:55,13h 35m,1-stop,14446,8,24-06-2022 08:00,Morning,1,815,Mumbai -> Delhi
4895,Mumbai,Delhi,24-06-2022,25-06-2022,Vistara,UK-803,19:20,09:00,13h 40m,1-stop,14446,22,24-06-2022 22:00,Night,1,820,Mumbai -> Delhi
4896,Mumbai,Delhi,24-06-2022,25-06-2022,Vistara,UK-869,21:20,12:30,15h 10m,1-stop,14446,4,24-06-2022 04:00,Night,1,910,Mumbai -> Delhi
4897,Mumbai,Delhi,24-06-2022,25-06-2022,Vistara,UK-687,17:00,09:00,16h 00m,1-stop,14446,23,24-06-2022 23:00,Night,1,960,Mumbai -> Delhi
4898,Mumbai,Delhi,24-06-2022,25-06-2022,Vistara,UK-803,19:20,12:30,17h 10m,1-stop,14446,19,24-06-2022 19:00,Evening,1,1030,Mumbai -> Delhi
4899,Mumbai,Delhi,24-06-2022,25-06-2022,Vistara,UK-687,17:00,12:30,19h 30m,1-stop,14446,17,24-06-2022 17:00,Evening,1,1170,Mumbai -> Delhi
4900,Mumbai,Delhi,24-06-2022,25-06-2022,Vistara,UK-869,21:20,19:55,22h 35m,1-stop,14446,10,24-06-2022 10:00,Morning,1,1355,Mumbai -> Delhi
4901,Mumbai,Delhi,24-06-2022,25-06-2022,Vistara,UK-803,19:20,19:55,24h 35m,1-stop,14446,14,24-06-2022 14:00,Afternoon,1,1475,Mumbai -> Delhi
4902,Mumbai,Delhi,24-06-2022,25-06-2022,Vistara,UK-651,17:00,19:50,26h 50m,1-stop,14603,21,24-06-2022 21:00,Night,1,1610,Mumbai -> Delhi
4909,Mumbai,Delhi,24-06-2022,25-06-2022,GO FIRST,G8- 287,10:50,17:40,06h 50m,1-stop,15722,8,24-06-2022 08:00,Morning,1,410,Mumbai -> Delhi
4910,Mumbai,Delhi,24-06-2022,25-06-2022,Vistara,UK-823,17:50,23:55,06h 05m,1-stop,17594,16,24-06-2022 16:00,Afternoon,1,365,Mumbai -> Delhi
4912,Mumbai,Delhi,24-06-2022,25-06-2022,Vistara,UK-613,12:15,16:45,04h 30m,1-stop,15918,11,24-06-2022 11:00,Morning,1,270,Mumbai -> Delhi
4913,Mumbai,Delhi,24-06-2022,25-06-2022,GO FIRST,G8- 331,11:30,20:10,08h 40m,1-stop,16065,6,24-06-2022 06:00,Morning,1,520,Mumbai -> Delhi
4915,Mumbai,Delhi,24-06-2022,25-06-2022,Vistara,UK-849,17:30,23:50,06h 20m,1-stop,16124,9,24-06-2022 09:00,Morning,1,380,Mumbai -> Delhi
4916,Mumbai,Delhi,24-06-2022,25-06-2022,Vistara,UK-523,16:30,23:50,07h 20m,1-stop,16124,9,24-06-2022 09:00,Morning,1,440,Mumbai -> Delhi
4919,Mumbai,Delhi,24-06-2022,25-06-2022,Vistara,UK-653,06:00,19:50,13h 50m,1-stop,16181,12,24-06-2022 12:00,Afternoon,1,830,Mumbai -> Delhi
4920,Mumbai,Delhi,24-06-2022,25-06-2022,Vistara,UK-853,16:00,22:25,06h 25m,1-stop,16441,18,24-06-2022 18:00,Evening,1,385,Mumbai -> Delhi
4921,Mumbai,Delhi,24-06-2022,25-06-2022,Vistara,UK-853,16:00,23:50,07h 50m,1-stop,16441,10,24-06-2022 10:00,Morning,1,470,Mumbai -> Delhi
4922,Mumbai,Delhi,24-06-2022,25-06-2022,Vistara,UK-621,13:20,17:00,27h 40m,1-stop,16546,12,24-06-2022 12:00,Afternoon,1,1660,Mumbai -> Delhi
4930,Mumbai,Delhi,24-06-2022,25-06-2022,Vistara,UK-841,11:25,17:05,05h 40m,1-stop,17913,20,24-06-2022 20:00,Evening,1,340,Mumbai -> Delhi
4936,Mumbai,Delhi,24-06-2022,25-06-2022,GO FIRST,G8-3184,04:30,10:35,06h 05m,1-stop,18159,7,24-06-2022 07:00,Morning,1,365,Mumbai -> Delhi
4937,Mumbai,Delhi,24-06-2022,25-06-2022,Vistara,UK-853,16:00,21:30,05h 30m,1-stop,18228,7,24-06-2022 07:00,Morning,1,330,Mumbai -> Delhi
4941,Mumbai,Delhi,24-06-2022,25-06-2022,Vistara,UK-775,14:05,21:10,07h 05m,1-stop,19173,3,24-06-2022 03:00,Night,1,425,Mumbai -> Delhi
4943,Mumbai,Delhi,24-06-2022,25-06-2022,Vistara,UK-845,06:00,12:40,06h 40m,1-stop,19696,14,24-06-2022 14:00,Afternoon,1,400,Mumbai -> Delhi
4944,Mumbai,Delhi,24-06-2022,25-06-2022,Vistara,UK-545,18:20,11:55,17h 35m,1-stop,19801,10,24-06-2022 10:00,Morning,1,1055,Mumbai -> Delhi
4945,Mumbai,Delhi,24-06-2022,25-06-2022,Vistara,UK-851,07:00,12:40,05h 40m,1-stop,20013,10,24-06-2022 10:00,Morning,1,340,Mumbai -> Delhi
4947,Mumbai,Delhi,24-06-2022,25-06-2022,Vistara,UK-821,06:45,13:25,06h 40m,1-stop,21166,0,24-06-2022 00:00,Night,1,400,Mumbai -> Delhi
4950,Mumbai,Delhi,24-06-2022,25-06-2022,Vistara,UK-647,10:25,15:20,04h 55m,1-stop,22271,16,24-06-2022 16:00,Afternoon,1,295,Mumbai -> Delhi
4952,Mumbai,Delhi,24-06-2022,25-06-2022,Vistara,UK-647,10:25,17:00,06h 35m,1-stop,22796,14,24-06-2022 14:00,Afternoon,1,395,Mumbai -> Delhi
4953,Mumbai,Delhi,24-06-2022,25-06-2022,Vistara,UK-851,07:00,14:20,07h 20m,1-stop,25053,19,24-06-2022 19:00,Evening,1,440,Mumbai -> Delhi
4954,Mumbai,Delhi,24-06-2022,25-06-2022,Air Asia,I5-1784,22:00,13:55,15h 55m,1-stop,25919,5,24-06-2022 05:00,Morning,1,955,Mumbai -> Delhi
4957,Mumbai,Delhi,24-06-2022,25-06-2022,Vistara,UK-863,09:05,14:20,05h 15m,1-stop,27048,23,24-06-2022 23:00,Night,1,315,Mumbai -> Delhi
4960,Mumbai,Delhi,24-06-2022,25-06-2022,Vistara,UK-521,11:55,18:20,06h 25m,1-stop,32821,21,24-06-2022 21:00,Night,1,385,Mumbai -> Delhi
4961,Mumbai,Delhi,24-06-2022,26-06-2022,SpiceJet,SG-8152,07:20,09:35,02h 15m,non-stop,8568,14,24-06-2022 14:00,Afternoon,2,135,Mumbai -> Delhi
4962,Mumbai,Delhi,24-06-2022,26-06-2022,SpiceJet,SG-8158,19:35,22:00,02h 25m,non-stop,8568,8,24-06-2022 08:00,Morning,2,145,Mumbai -> Delhi
4963,Mumbai,Delhi,24-06-2022,26-06-2022,IndiGo,6E-2111,02:40,04:35,01h 55m,non-stop,8568,13,24-06-2022 13:00,Afternoon,2,115,Mumbai -> Delhi
4964,Mumbai,Delhi,24-06-2022,26-06-2022,GO FIRST,G8- 329,05:55,08:00,02h 05m,non-stop,8568,17,24-06-2022 17:00,Evening,2,125,Mumbai -> Delhi
4965,Mumbai,Delhi,24-06-2022,26-06-2022,IndiGo,6E-5398,07:00,09:05,02h 05m,non-stop,8568,16,24-06-2022 16:00,Afternoon,2,125,Mumbai -> Delhi
4966,Mumbai,Delhi,24-06-2022,26-06-2022,GO FIRST,G8- 330,00:10,02:20,02h 10m,non-stop,8568,17,24-06-2022 17:00,Evening,2,130,Mumbai -> Delhi
4967,Mumbai,Delhi,24-06-2022,26-06-2022,IndiGo,6E-5332,06:05,08:15,02h 10m,non-stop,8568,4,24-06-2022 04:00,Night,2,130,Mumbai -> Delhi
4968,Mumbai,Delhi,24-06-2022,26-06-2022,IndiGo,6E-2137,08:30,10:40,02h 10m,non-stop,8568,19,24-06-2022 19:00,Evening,2,130,Mumbai -> Delhi
4969,Mumbai,Delhi,24-06-2022,26-06-2022,GO FIRST,G8- 327,08:40,10:50,02h 10m,non-stop,8568,19,24-06-2022 19:00,Evening,2,130,Mumbai -> Delhi
4970,Mumbai,Delhi,24-06-2022,26-06-2022,IndiGo,6E-6821,10:10,12:20,02h 10m,non-stop,8568,8,24-06-2022 08:00,Morning,2,130,Mumbai -> Delhi
4971,Mumbai,Delhi,24-06-2022,26-06-2022,IndiGo,6E- 248,23:30,01:40,02h 10m,non-stop,8568,10,24-06-2022 10:00,Morning,2,130,Mumbai -> Delhi
4972,Mumbai,Delhi,24-06-2022,26-06-2022,IndiGo,6E-5341,07:45,10:00,02h 15m,non-stop,8568,23,24-06-2022 23:00,Night,2,135,Mumbai -> Delhi
4973,Mumbai,Delhi,24-06-2022,26-06-2022,IndiGo,6E-2172,09:25,11:40,02h 15m,non-stop,8568,21,24-06-2022 21:00,Night,2,135,Mumbai -> Delhi
4974,Mumbai,Delhi,24-06-2022,26-06-2022,GO FIRST,G8- 391,16:45,19:00,02h 15m,non-stop,8568,0,24-06-2022 00:00,Night,2,135,Mumbai -> Delhi
4975,Mumbai,Delhi,24-06-2022,26-06-2022,GO FIRST,G8- 341,21:20,23:35,02h 15m,non-stop,8568,17,24-06-2022 17:00,Evening,2,135,Mumbai -> Delhi
4976,Mumbai,Delhi,24-06-2022,26-06-2022,GO FIRST,G8- 345,22:30,00:50,02h 20m,non-stop,8568,5,24-06-2022 05:00,Morning,2,140,Mumbai -> Delhi
4977,Mumbai,Delhi,24-06-2022,26-06-2022,Air Asia,I5-767,07:20,09:30,02h 10m,non-stop,9124,1,24-06-2022 01:00,Night,2,130,Mumbai -> Delhi
4978,Mumbai,Delhi,24-06-2022,26-06-2022,Vistara,UK-928,06:30,08:35,02h 05m,non-stop,8566,14,24-06-2022 14:00,Afternoon,2,125,Mumbai -> Delhi
4979,Mumbai,Delhi,24-06-2022,26-06-2022,Vistara,UK-988,20:55,23:00,02h 05m,non-stop,8566,20,24-06-2022 20:00,Evening,2,125,Mumbai -> Delhi
4980,Mumbai,Delhi,24-06-2022,26-06-2022,Vistara,UK-930,07:30,09:40,02h 10m,non-stop,8566,13,24-06-2022 13:00,Afternoon,2,130,Mumbai -> Delhi
4981,Mumbai,Delhi,24-06-2022,26-06-2022,Vistara,UK-910,17:35,19:45,02h 10m,non-stop,8566,4,24-06-2022 04:00,Night,2,130,Mumbai -> Delhi
4982,Mumbai,Delhi,24-06-2022,26-06-2022,Vistara,UK-996,18:30,20:40,02h 10m,non-stop,8566,5,24-06-2022 05:00,Morning,2,130,Mumbai -> Delhi
4983,Mumbai,Delhi,24-06-2022,26-06-2022,Vistara,UK-940,19:45,21:55,02h 10m,non-stop,8566,5,24-06-2022 05:00,Morning,2,130,Mumbai -> Delhi
4984,Mumbai,Delhi,24-06-2022,26-06-2022,Vistara,UK-986,22:45,00:55,02h 10m,non-stop,8566,21,24-06-2022 21:00,Night,2,130,Mumbai -> Delhi
4985,Mumbai,Delhi,24-06-2022,26-06-2022,Vistara,UK-970,08:45,11:00,02h 15m,non-stop,8566,17,24-06-2022 17:00,Evening,2,135,Mumbai -> Delhi
4986,Mumbai,Delhi,24-06-2022,26-06-2022,Vistara,UK-994,10:25,12:40,02h 15m,non-stop,8566,13,24-06-2022 13:00,Afternoon,2,135,Mumbai -> Delhi
4987,Mumbai,Delhi,24-06-2022,26-06-2022,Vistara,UK-944,14:40,16:55,02h 15m,non-stop,8566,9,24-06-2022 09:00,Morning,2,135,Mumbai -> Delhi
4988,Mumbai,Delhi,24-06-2022,26-06-2022,Vistara,UK-950,21:55,00:10,02h 15m,non-stop,8566,13,24-06-2022 13:00,Afternoon,2,135,Mumbai -> Delhi
4989,Mumbai,Delhi,24-06-2022,26-06-2022,Vistara,UK-902,15:45,18:05,02h 20m,non-stop,8566,12,24-06-2022 12:00,Afternoon,2,140,Mumbai -> Delhi
4990,Mumbai,Delhi,24-06-2022,26-06-2022,Vistara,UK-939,06:35,10:25,03h 50m,1-stop,8702,2,24-06-2022 02:00,Night,2,230,Mumbai -> Delhi
4991,Mumbai,Delhi,24-06-2022,26-06-2022,Vistara,UK-919,22:35,08:20,09h 45m,1-stop,8702,5,24-06-2022 05:00,Morning,2,585,Mumbai -> Delhi
4992,Mumbai,Delhi,24-06-2022,26-06-2022,Vistara,UK-919,22:35,10:25,11h 50m,1-stop,8702,7,24-06-2022 07:00,Morning,2,710,Mumbai -> Delhi
4993,Mumbai,Delhi,24-06-2022,26-06-2022,Vistara,UK-949,20:00,08:20,12h 20m,1-stop,8702,11,24-06-2022 11:00,Morning,2,740,Mumbai -> Delhi
4994,Mumbai,Delhi,24-06-2022,26-06-2022,Air Asia,I5-330,19:45,21:45,02h 00m,non-stop,9650,12,24-06-2022 12:00,Afternoon,2,120,Mumbai -> Delhi
4995,Mumbai,Delhi,24-06-2022,26-06-2022,SpiceJet,SG- 276,06:05,07:25,25h 20m,1-stop,8568,10,24-06-2022 10:00,Morning,2,1520,Mumbai -> Delhi
4996,Mumbai,Delhi,24-06-2022,26-06-2022,SpiceJet,SG-8702,16:00,18:20,02h 20m,non-stop,8568,11,24-06-2022 11:00,Morning,2,140,Mumbai -> Delhi
4997,Mumbai,Delhi,24-06-2022,26-06-2022,IndiGo,6E- 168,12:05,14:10,02h 05m,non-stop,8568,0,24-06-2022 00:00,Night,2,125,Mumbai -> Delhi
4998,Mumbai,Delhi,24-06-2022,26-06-2022,GO FIRST,G8- 339,18:00,20:05,02h 05m,non-stop,8568,16,24-06-2022 16:00,Afternoon,2,125,Mumbai -> Delhi
4999,Mumbai,Delhi,24-06-2022,26-06-2022,IndiGo,6E-2113,18:35,20:45,02h 10m,non-stop,8568,15,24-06-2022 15:00,Afternoon,2,130,Mumbai -> Delhi
5000,Mumbai,Delhi,24-06-2022,26-06-2022,IndiGo,6E- 439,19:30,21:40,02h 10m,non-stop,8568,10,24-06-2022 10:00,Morning,2,130,Mumbai -> Delhi
5001,Mumbai,Delhi,24-06-2022,26-06-2022,IndiGo,6E-2012,15:55,18:10,02h 15m,non-stop,8568,12,24-06-2022 12:00,Afternoon,2,135,Mumbai -> Delhi
5002,Mumbai,Delhi,24-06-2022,26-06-2022,IndiGo,6E-2103,17:10,19:25,02h 15m,non-stop,8568,17,24-06-2022 17:00,Evening,2,135,Mumbai -> Delhi
5003,Mumbai,Delhi,24-06-2022,26-06-2022,IndiGo,6E-2518,20:35,22:55,02h 20m,non-stop,8568,10,24-06-2022 10:00,Morning,2,140,Mumbai -> Delhi
5004,Mumbai,Delhi,24-06-2022,26-06-2022,Air Asia,I5-679,20:40,01:50,05h 10m,1-stop,8567,11,24-06-2022 11:00,Morning,2,310,Mumbai -> Delhi
5005,Mumbai,Delhi,24-06-2022,26-06-2022,Air Asia,I5-631,07:50,14:20,06h 30m,1-stop,8567,5,24-06-2022 05:00,Morning,2,390,Mumbai -> Delhi
5006,Mumbai,Delhi,24-06-2022,26-06-2022,Air Asia,I5-678,15:25,01:00,09h 35m,1-stop,8567,8,24-06-2022 08:00,Morning,2,575,Mumbai -> Delhi
5007,Mumbai,Delhi,24-06-2022,26-06-2022,Air Asia,I5-753,15:40,01:50,10h 10m,1-stop,8567,15,24-06-2022 15:00,Afternoon,2,610,Mumbai -> Delhi
5008,Mumbai,Delhi,24-06-2022,26-06-2022,GO FIRST,G8- 287,10:50,16:20,05h 30m,2+-stop,8568,3,24-06-2022 03:00,Night,2,330,Mumbai -> Delhi
5009,Mumbai,Delhi,24-06-2022,26-06-2022,GO FIRST,G8-3184,04:30,13:10,08h 40m,1-stop,8568,2,24-06-2022 02:00,Night,2,520,Mumbai -> Delhi
5010,Mumbai,Delhi,24-06-2022,26-06-2022,GO FIRST,G8- 287,10:50,19:45,08h 55m,2+-stop,8568,15,24-06-2022 15:00,Afternoon,2,535,Mumbai -> Delhi
5011,Mumbai,Delhi,24-06-2022,26-06-2022,GO FIRST,G8- 287,10:50,19:45,08h 55m,2+-stop,8568,23,24-06-2022 23:00,Night,2,535,Mumbai -> Delhi
5012,Mumbai,Delhi,24-06-2022,26-06-2022,GO FIRST,G8- 287,10:50,20:15,09h 25m,2+-stop,8568,11,24-06-2022 11:00,Morning,2,565,Mumbai -> Delhi
5013,Mumbai,Delhi,24-06-2022,26-06-2022,GO FIRST,G8- 287,10:50,21:10,10h 20m,2+-stop,8568,10,24-06-2022 10:00,Morning,2,620,Mumbai -> Delhi
5014,Mumbai,Delhi,24-06-2022,26-06-2022,GO FIRST,G8- 287,10:50,23:15,12h 25m,2+-stop,8568,4,24-06-2022 04:00,Night,2,745,Mumbai -> Delhi
5015,Mumbai,Delhi,24-06-2022,26-06-2022,GO FIRST,G8- 398,20:10,08:40,12h 30m,1-stop,8568,17,24-06-2022 17:00,Evening,2,750,Mumbai -> Delhi
5016,Mumbai,Delhi,24-06-2022,26-06-2022,GO FIRST,G8-3184,04:30,19:45,15h 15m,1-stop,8568,18,24-06-2022 18:00,Evening,2,915,Mumbai -> Delhi
5017,Mumbai,Delhi,24-06-2022,26-06-2022,GO FIRST,G8-3184,04:30,20:15,15h 45m,1-stop,8568,22,24-06-2022 22:00,Night,2,945,Mumbai -> Delhi
5018,Mumbai,Delhi,24-06-2022,26-06-2022,Vistara,UK-949,20:00,10:25,14h 25m,1-stop,8702,22,24-06-2022 22:00,Night,2,865,Mumbai -> Delhi
5019,Mumbai,Delhi,24-06-2022,26-06-2022,Vistara,UK-939,06:35,22:10,15h 35m,1-stop,8702,5,24-06-2022 05:00,Morning,2,935,Mumbai -> Delhi
5020,Mumbai,Delhi,24-06-2022,26-06-2022,Vistara,UK-919,22:35,22:10,23h 35m,1-stop,8702,21,24-06-2022 21:00,Night,2,1415,Mumbai -> Delhi
5021,Mumbai,Delhi,24-06-2022,26-06-2022,Vistara,UK-939,06:35,08:20,25h 45m,1-stop,8702,17,24-06-2022 17:00,Evening,2,1545,Mumbai -> Delhi
5022,Mumbai,Delhi,24-06-2022,26-06-2022,Vistara,UK-949,20:00,22:10,26h 10m,1-stop,8702,5,24-06-2022 05:00,Morning,2,1570,Mumbai -> Delhi
5030,Mumbai,Delhi,24-06-2022,26-06-2022,IndiGo,6E- 802,16:55,20:55,04h 00m,1-stop,8883,3,24-06-2022 03:00,Night,2,240,Mumbai -> Delhi
5031,Mumbai,Delhi,24-06-2022,26-06-2022,IndiGo,6E-6993,18:55,23:15,04h 20m,1-stop,8883,11,24-06-2022 11:00,Morning,2,260,Mumbai -> Delhi
5032,Mumbai,Delhi,24-06-2022,26-06-2022,IndiGo,6E-5273,12:40,17:15,04h 35m,1-stop,8883,18,24-06-2022 18:00,Evening,2,275,Mumbai -> Delhi
5033,Mumbai,Delhi,24-06-2022,26-06-2022,IndiGo,6E-6515,17:20,21:55,04h 35m,1-stop,8883,1,24-06-2022 01:00,Night,2,275,Mumbai -> Delhi
5034,Mumbai,Delhi,24-06-2022,26-06-2022,IndiGo,6E-6735,17:45,22:40,04h 55m,1-stop,8883,16,24-06-2022 16:00,Afternoon,2,295,Mumbai -> Delhi
5035,Mumbai,Delhi,24-06-2022,26-06-2022,IndiGo,6E-5293,00:35,05:50,05h 15m,1-stop,8883,10,24-06-2022 10:00,Morning,2,315,Mumbai -> Delhi
5036,Mumbai,Delhi,24-06-2022,26-06-2022,IndiGo,6E-5334,09:40,15:10,05h 30m,1-stop,8883,10,24-06-2022 10:00,Morning,2,330,Mumbai -> Delhi
5037,Mumbai,Delhi,24-06-2022,26-06-2022,IndiGo,6E-6515,17:20,23:25,06h 05m,1-stop,8883,20,24-06-2022 20:00,Evening,2,365,Mumbai -> Delhi
5038,Mumbai,Delhi,24-06-2022,26-06-2022,IndiGo,6E- 843,15:00,21:15,06h 15m,1-stop,8883,15,24-06-2022 15:00,Afternoon,2,375,Mumbai -> Delhi
5039,Mumbai,Delhi,24-06-2022,26-06-2022,IndiGo,6E- 802,16:55,23:15,06h 20m,1-stop,8883,1,24-06-2022 01:00,Night,2,380,Mumbai -> Delhi
5040,Mumbai,Delhi,24-06-2022,26-06-2022,IndiGo,6E- 164,07:15,13:45,06h 30m,1-stop,8883,1,24-06-2022 01:00,Night,2,390,Mumbai -> Delhi
5041,Mumbai,Delhi,24-06-2022,26-06-2022,IndiGo,6E-5378,18:15,01:00,06h 45m,1-stop,8883,22,24-06-2022 22:00,Night,2,405,Mumbai -> Delhi
5042,Mumbai,Delhi,24-06-2022,26-06-2022,IndiGo,6E-5293,00:35,07:30,06h 55m,1-stop,8883,7,24-06-2022 07:00,Morning,2,415,Mumbai -> Delhi
5043,Mumbai,Delhi,24-06-2022,26-06-2022,IndiGo,6E-5273,12:40,19:40,07h 00m,1-stop,8883,12,24-06-2022 12:00,Afternoon,2,420,Mumbai -> Delhi
5044,Mumbai,Delhi,24-06-2022,26-06-2022,IndiGo,6E-5247,08:00,15:20,07h 20m,1-stop,8883,9,24-06-2022 09:00,Morning,2,440,Mumbai -> Delhi
5045,Mumbai,Delhi,24-06-2022,26-06-2022,IndiGo,6E-5334,09:40,17:05,07h 25m,1-stop,8883,7,24-06-2022 07:00,Morning,2,445,Mumbai -> Delhi
5046,Mumbai,Delhi,24-06-2022,26-06-2022,IndiGo,6E-5273,12:40,20:55,08h 15m,1-stop,8883,3,24-06-2022 03:00,Night,2,495,Mumbai -> Delhi
5047,Mumbai,Delhi,24-06-2022,26-06-2022,IndiGo,6E-6045,21:30,05:50,08h 20m,1-stop,8883,14,24-06-2022 14:00,Afternoon,2,500,Mumbai -> Delhi
5048,Mumbai,Delhi,24-06-2022,26-06-2022,IndiGo,6E- 624,22:55,07:40,08h 45m,1-stop,8883,0,24-06-2022 00:00,Night,2,525,Mumbai -> Delhi
5049,Mumbai,Delhi,24-06-2022,26-06-2022,IndiGo,6E-5293,00:35,09:25,08h 50m,1-stop,8883,10,24-06-2022 10:00,Morning,2,530,Mumbai -> Delhi
5050,Mumbai,Delhi,24-06-2022,26-06-2022,IndiGo,6E- 843,15:00,00:05,09h 05m,1-stop,8883,6,24-06-2022 06:00,Morning,2,545,Mumbai -> Delhi
5051,Mumbai,Delhi,24-06-2022,26-06-2022,IndiGo,6E-5301,07:50,17:15,09h 25m,1-stop,8883,16,24-06-2022 16:00,Afternoon,2,565,Mumbai -> Delhi
5052,Mumbai,Delhi,24-06-2022,26-06-2022,IndiGo,6E-5268,12:30,21:55,09h 25m,1-stop,8883,19,24-06-2022 19:00,Evening,2,565,Mumbai -> Delhi
5053,Mumbai,Delhi,24-06-2022,26-06-2022,IndiGo,6E-6045,21:30,07:30,10h 00m,1-stop,8883,23,24-06-2022 23:00,Night,2,600,Mumbai -> Delhi
5054,Mumbai,Delhi,24-06-2022,26-06-2022,IndiGo,6E-5273,12:40,23:15,10h 35m,1-stop,8883,17,24-06-2022 17:00,Evening,2,635,Mumbai -> Delhi
5055,Mumbai,Delhi,24-06-2022,26-06-2022,IndiGo,6E- 213,06:25,17:15,10h 50m,1-stop,8883,21,24-06-2022 21:00,Night,2,650,Mumbai -> Delhi
5056,Mumbai,Delhi,24-06-2022,26-06-2022,IndiGo,6E-6993,18:55,05:50,10h 55m,1-stop,8883,21,24-06-2022 21:00,Night,2,655,Mumbai -> Delhi
5057,Mumbai,Delhi,24-06-2022,26-06-2022,GO FIRST,G8- 510,19:25,08:20,12h 55m,1-stop,9075,11,24-06-2022 11:00,Morning,2,775,Mumbai -> Delhi
5067,Mumbai,Delhi,24-06-2022,26-06-2022,Vistara,UK-952,12:25,14:30,02h 05m,non-stop,9303,8,24-06-2022 08:00,Morning,2,125,Mumbai -> Delhi
5068,Mumbai,Delhi,24-06-2022,26-06-2022,IndiGo,6E- 993,14:35,16:35,02h 00m,non-stop,9408,4,24-06-2022 04:00,Night,2,120,Mumbai -> Delhi
5069,Mumbai,Delhi,24-06-2022,26-06-2022,Air Asia,I5-631,07:50,19:55,12h 05m,1-stop,10248,9,24-06-2022 09:00,Morning,2,725,Mumbai -> Delhi
5070,Mumbai,Delhi,24-06-2022,26-06-2022,IndiGo,6E-2047,09:25,18:05,08h 40m,1-stop,10589,3,24-06-2022 03:00,Night,2,520,Mumbai -> Delhi
5071,Mumbai,Delhi,24-06-2022,26-06-2022,GO FIRST,G8-2504,12:00,22:30,10h 30m,1-stop,12531,4,24-06-2022 04:00,Night,2,630,Mumbai -> Delhi
5072,Mumbai,Delhi,24-06-2022,26-06-2022,GO FIRST,G8- 363,22:30,09:40,11h 10m,1-stop,12531,9,24-06-2022 09:00,Morning,2,670,Mumbai -> Delhi
5073,Mumbai,Delhi,24-06-2022,26-06-2022,GO FIRST,G8-2504,12:00,00:10,12h 10m,1-stop,12531,10,24-06-2022 10:00,Morning,2,730,Mumbai -> Delhi
5074,Mumbai,Delhi,24-06-2022,26-06-2022,GO FIRST,G8- 364,20:30,09:40,13h 10m,1-stop,12531,20,24-06-2022 20:00,Evening,2,790,Mumbai -> Delhi
5075,Mumbai,Delhi,24-06-2022,26-06-2022,Vistara,UK-507,12:45,09:35,20h 50m,1-stop,12659,23,24-06-2022 23:00,Night,2,1250,Mumbai -> Delhi
5076,Mumbai,Delhi,24-06-2022,26-06-2022,Air Asia,I5-1569,21:20,03:20,06h 00m,1-stop,11161,9,24-06-2022 09:00,Morning,2,360,Mumbai -> Delhi
5079,Mumbai,Delhi,24-06-2022,26-06-2022,Vistara,UK-507,12:45,21:35,08h 50m,1-stop,13396,7,24-06-2022 07:00,Morning,2,530,Mumbai -> Delhi
5081,Mumbai,Delhi,24-06-2022,26-06-2022,Vistara,UK-621,13:20,17:00,27h 40m,1-stop,15284,1,24-06-2022 01:00,Night,2,1660,Mumbai -> Delhi
5083,Mumbai,Delhi,24-06-2022,26-06-2022,Vistara,UK-869,21:20,19:55,22h 35m,1-stop,14129,22,24-06-2022 22:00,Night,2,1355,Mumbai -> Delhi
5084,Mumbai,Delhi,24-06-2022,26-06-2022,Vistara,UK-803,19:20,19:55,24h 35m,1-stop,14129,7,24-06-2022 07:00,Morning,2,1475,Mumbai -> Delhi
5085,Mumbai,Delhi,24-06-2022,26-06-2022,Vistara,UK-869,21:20,22:45,25h 25m,1-stop,14129,15,24-06-2022 15:00,Afternoon,2,1525,Mumbai -> Delhi
5086,Mumbai,Delhi,24-06-2022,26-06-2022,Vistara,UK-687,17:00,19:55,26h 55m,1-stop,14129,21,24-06-2022 21:00,Night,2,1615,Mumbai -> Delhi
5087,Mumbai,Delhi,24-06-2022,26-06-2022,Vistara,UK-803,19:20,22:45,27h 25m,1-stop,14129,4,24-06-2022 04:00,Night,2,1645,Mumbai -> Delhi
5088,Mumbai,Delhi,24-06-2022,26-06-2022,Vistara,UK-873,06:20,12:30,06h 10m,1-stop,14446,2,24-06-2022 02:00,Night,2,370,Mumbai -> Delhi
5089,Mumbai,Delhi,24-06-2022,26-06-2022,Vistara,UK-873,06:20,19:55,13h 35m,1-stop,14446,11,24-06-2022 11:00,Morning,2,815,Mumbai -> Delhi
5090,Mumbai,Delhi,24-06-2022,26-06-2022,Vistara,UK-869,21:20,15:35,18h 15m,1-stop,14446,12,24-06-2022 12:00,Afternoon,2,1095,Mumbai -> Delhi
5091,Mumbai,Delhi,24-06-2022,26-06-2022,Vistara,UK-803,19:20,15:35,20h 15m,1-stop,14446,12,24-06-2022 12:00,Afternoon,2,1215,Mumbai -> Delhi
5092,Mumbai,Delhi,24-06-2022,26-06-2022,Vistara,UK-687,17:00,15:35,22h 35m,1-stop,14446,9,24-06-2022 09:00,Morning,2,1355,Mumbai -> Delhi
5094,Mumbai,Delhi,24-06-2022,26-06-2022,Vistara,UK-653,05:30,19:50,14h 20m,1-stop,14603,3,24-06-2022 03:00,Night,2,860,Mumbai -> Delhi
5097,Mumbai,Delhi,24-06-2022,26-06-2022,Air Asia,I5-942,13:05,01:20,12h 15m,1-stop,14868,8,24-06-2022 08:00,Morning,2,735,Mumbai -> Delhi
5099,Mumbai,Delhi,24-06-2022,26-06-2022,GO FIRST,G8- 351,10:35,23:35,13h 00m,1-stop,16023,21,24-06-2022 21:00,Night,2,780,Mumbai -> Delhi
5101,Mumbai,Delhi,24-06-2022,26-06-2022,Vistara,UK-651,17:00,16:30,23h 30m,1-stop,15548,23,24-06-2022 23:00,Night,2,1410,Mumbai -> Delhi
5102,Mumbai,Delhi,24-06-2022,26-06-2022,Vistara,UK-651,17:00,19:50,26h 50m,1-stop,15548,22,24-06-2022 22:00,Night,2,1610,Mumbai -> Delhi
5103,Mumbai,Delhi,24-06-2022,26-06-2022,Vistara,UK-960,11:55,14:05,02h 10m,non-stop,15708,1,24-06-2022 01:00,Night,2,130,Mumbai -> Delhi
5107,Mumbai,Delhi,24-06-2022,26-06-2022,Vistara,UK-852,12:10,16:20,04h 10m,1-stop,15883,18,24-06-2022 18:00,Evening,2,250,Mumbai -> Delhi
5108,Mumbai,Delhi,24-06-2022,26-06-2022,GO FIRST,G8- 383,15:40,00:15,08h 35m,1-stop,16023,0,24-06-2022 00:00,Night,2,515,Mumbai -> Delhi
5111,Mumbai,Delhi,24-06-2022,26-06-2022,Air Asia,I5-942,13:05,01:10,12h 05m,1-stop,16580,6,24-06-2022 06:00,Morning,2,725,Mumbai -> Delhi
5118,Mumbai,Delhi,24-06-2022,26-06-2022,GO FIRST,G8-3184,04:30,19:25,14h 55m,1-stop,17623,16,24-06-2022 16:00,Afternoon,2,895,Mumbai -> Delhi
5123,Mumbai,Delhi,24-06-2022,26-06-2022,Vistara,UK-545,18:20,11:55,17h 35m,1-stop,18016,2,24-06-2022 02:00,Night,2,1055,Mumbai -> Delhi
5129,Mumbai,Delhi,24-06-2022,26-06-2022,GO FIRST,G8-3184,04:30,10:35,06h 05m,1-stop,18695,19,24-06-2022 19:00,Evening,2,365,Mumbai -> Delhi
5135,Mumbai,Delhi,24-06-2022,26-06-2022,Vistara,UK-821,06:45,13:25,06h 40m,1-stop,18856,19,24-06-2022 19:00,Evening,2,400,Mumbai -> Delhi
5136,Mumbai,Delhi,24-06-2022,26-06-2022,Vistara,UK-849,17:30,23:50,06h 20m,1-stop,18963,20,24-06-2022 20:00,Evening,2,380,Mumbai -> Delhi
5137,Mumbai,Delhi,24-06-2022,26-06-2022,Vistara,UK-523,16:30,23:50,07h 20m,1-stop,18963,2,24-06-2022 02:00,Night,2,440,Mumbai -> Delhi
5138,Mumbai,Delhi,24-06-2022,26-06-2022,GO FIRST,G8- 575,05:00,14:40,09h 40m,1-stop,19237,2,24-06-2022 02:00,Night,2,580,Mumbai -> Delhi
5139,Mumbai,Delhi,24-06-2022,26-06-2022,Vistara,UK-775,14:05,22:45,08h 40m,1-stop,19381,16,24-06-2022 16:00,Afternoon,2,520,Mumbai -> Delhi
5140,Mumbai,Delhi,24-06-2022,26-06-2022,Vistara,UK-861,06:30,12:55,06h 25m,1-stop,19906,6,24-06-2022 06:00,Morning,2,385,Mumbai -> Delhi
5141,Mumbai,Delhi,24-06-2022,26-06-2022,Vistara,UK-613,12:15,16:45,04h 30m,1-stop,19908,13,24-06-2022 13:00,Afternoon,2,270,Mumbai -> Delhi
5144,Mumbai,Delhi,24-06-2022,26-06-2022,Vistara,UK-775,14:05,21:10,07h 05m,1-stop,20643,16,24-06-2022 16:00,Afternoon,2,425,Mumbai -> Delhi
5145,Mumbai,Delhi,24-06-2022,26-06-2022,GO FIRST,G8- 287,10:50,18:35,07h 45m,2+-stop,20678,17,24-06-2022 17:00,Evening,2,465,Mumbai -> Delhi
5146,Mumbai,Delhi,24-06-2022,26-06-2022,Vistara,UK-823,17:50,23:55,06h 05m,1-stop,20853,12,24-06-2022 12:00,Afternoon,2,365,Mumbai -> Delhi
5147,Mumbai,Delhi,24-06-2022,26-06-2022,Vistara,UK-647,10:25,15:20,04h 55m,1-stop,21168,19,24-06-2022 19:00,Evening,2,295,Mumbai -> Delhi
5148,Mumbai,Delhi,24-06-2022,26-06-2022,Vistara,UK-647,10:25,16:55,06h 30m,1-stop,21168,19,24-06-2022 19:00,Evening,2,390,Mumbai -> Delhi
5149,Mumbai,Delhi,24-06-2022,26-06-2022,Vistara,UK-523,16:30,22:25,05h 55m,1-stop,21378,20,24-06-2022 20:00,Evening,2,355,Mumbai -> Delhi
5150,Mumbai,Delhi,24-06-2022,26-06-2022,Vistara,UK-853,16:00,22:25,06h 25m,1-stop,22323,17,24-06-2022 17:00,Evening,2,385,Mumbai -> Delhi
5151,Mumbai,Delhi,24-06-2022,26-06-2022,IndiGo,6E- 814,12:15,16:45,04h 30m,1-stop,22637,3,24-06-2022 03:00,Night,2,270,Mumbai -> Delhi
5154,Mumbai,Delhi,24-06-2022,26-06-2022,Air Asia,I5-942,13:05,03:20,14h 15m,1-stop,23713,0,24-06-2022 00:00,Night,2,855,Mumbai -> Delhi
5157,Mumbai,Delhi,24-06-2022,26-06-2022,Vistara,UK-841,11:25,17:05,05h 40m,1-stop,24213,17,24-06-2022 17:00,Evening,2,340,Mumbai -> Delhi
5158,Mumbai,Delhi,24-06-2022,26-06-2022,Vistara,UK-851,07:00,14:20,07h 20m,1-stop,24736,0,24-06-2022 00:00,Night,2,440,Mumbai -> Delhi
5159,Mumbai,Delhi,24-06-2022,26-06-2022,Vistara,UK-857,21:30,09:40,12h 10m,1-stop,24736,12,24-06-2022 12:00,Afternoon,2,730,Mumbai -> Delhi
5160,Mumbai,Delhi,24-06-2022,26-06-2022,Vistara,UK-863,09:05,14:20,05h 15m,1-stop,25053,19,24-06-2022 19:00,Evening,2,315,Mumbai -> Delhi
5161,Mumbai,Delhi,24-06-2022,26-06-2022,Vistara,UK-865,19:10,09:40,14h 30m,1-stop,25053,19,24-06-2022 19:00,Evening,2,870,Mumbai -> Delhi
5162,Mumbai,Delhi,24-06-2022,26-06-2022,Vistara,UK-523,16:30,09:40,17h 10m,1-stop,25053,22,24-06-2022 22:00,Night,2,1030,Mumbai -> Delhi
5165,Mumbai,Delhi,24-06-2022,26-06-2022,GO FIRST,G8- 331,11:30,20:10,08h 40m,1-stop,25789,9,24-06-2022 09:00,Morning,2,520,Mumbai -> Delhi
5166,Mumbai,Delhi,24-06-2022,26-06-2022,GO FIRST,G8- 575,05:00,20:10,15h 10m,1-stop,25789,10,24-06-2022 10:00,Morning,2,910,Mumbai -> Delhi
5167,Mumbai,Delhi,24-06-2022,26-06-2022,Vistara,UK-853,16:00,21:30,05h 30m,1-stop,25998,8,24-06-2022 08:00,Morning,2,330,Mumbai -> Delhi
5168,Mumbai,Delhi,24-06-2022,26-06-2022,GO FIRST,G8- 311,10:00,20:10,10h 10m,1-stop,26088,8,24-06-2022 08:00,Morning,2,610,Mumbai -> Delhi
5172,Mumbai,Delhi,24-06-2022,26-06-2022,Air Asia,I5-942,13:05,21:10,08h 05m,1-stop,33058,4,24-06-2022 04:00,Night,2,485,Mumbai -> Delhi
5174,Mumbai,Delhi,24-06-2022,26-06-2022,Vistara,UK-521,11:55,18:20,06h 25m,1-stop,35656,0,24-06-2022 00:00,Night,2,385,Mumbai -> Delhi
5176,Mumbai,Delhi,24-06-2022,27-06-2022,SpiceJet,SG- 712,00:35,03:00,02h 25m,non-stop,8462,16,24-06-2022 16:00,Afternoon,3,145,Mumbai -> Delhi
5177,Mumbai,Delhi,24-06-2022,27-06-2022,SpiceJet,SG-8702,16:00,18:20,02h 20m,non-stop,8568,21,24-06-2022 21:00,Night,3,140,Mumbai -> Delhi
5178,Mumbai,Delhi,24-06-2022,27-06-2022,SpiceJet,SG-8152,07:20,09:35,02h 15m,non-stop,8568,1,24-06-2022 01:00,Night,3,135,Mumbai -> Delhi
5179,Mumbai,Delhi,24-06-2022,27-06-2022,SpiceJet,SG-8158,19:35,22:00,02h 25m,non-stop,8568,23,24-06-2022 23:00,Night,3,145,Mumbai -> Delhi
5180,Mumbai,Delhi,24-06-2022,27-06-2022,GO FIRST,G8- 329,05:55,08:00,02h 05m,non-stop,8568,12,24-06-2022 12:00,Afternoon,3,125,Mumbai -> Delhi
5181,Mumbai,Delhi,24-06-2022,27-06-2022,IndiGo,6E- 168,12:05,14:10,02h 05m,non-stop,8568,8,24-06-2022 08:00,Morning,3,125,Mumbai -> Delhi
5182,Mumbai,Delhi,24-06-2022,27-06-2022,GO FIRST,G8- 339,18:00,20:05,02h 05m,non-stop,8568,3,24-06-2022 03:00,Night,3,125,Mumbai -> Delhi
5183,Mumbai,Delhi,24-06-2022,27-06-2022,IndiGo,6E-5332,06:05,08:15,02h 10m,non-stop,8568,4,24-06-2022 04:00,Night,3,130,Mumbai -> Delhi
5184,Mumbai,Delhi,24-06-2022,27-06-2022,IndiGo,6E-2137,08:30,10:40,02h 10m,non-stop,8568,10,24-06-2022 10:00,Morning,3,130,Mumbai -> Delhi
5185,Mumbai,Delhi,24-06-2022,27-06-2022,GO FIRST,G8- 327,09:55,12:05,02h 10m,non-stop,8568,23,24-06-2022 23:00,Night,3,130,Mumbai -> Delhi
5186,Mumbai,Delhi,24-06-2022,27-06-2022,IndiGo,6E-6821,10:10,12:20,02h 10m,non-stop,8568,18,24-06-2022 18:00,Evening,3,130,Mumbai -> Delhi
5187,Mumbai,Delhi,24-06-2022,27-06-2022,GO FIRST,G8- 319,11:00,13:10,02h 10m,non-stop,8568,20,24-06-2022 20:00,Evening,3,130,Mumbai -> Delhi
5188,Mumbai,Delhi,24-06-2022,27-06-2022,IndiGo,6E- 248,23:30,01:40,02h 10m,non-stop,8568,2,24-06-2022 02:00,Night,3,130,Mumbai -> Delhi
5189,Mumbai,Delhi,24-06-2022,27-06-2022,IndiGo,6E-5341,07:45,10:00,02h 15m,non-stop,8568,11,24-06-2022 11:00,Morning,3,135,Mumbai -> Delhi
5190,Mumbai,Delhi,24-06-2022,27-06-2022,IndiGo,6E-2172,09:25,11:40,02h 15m,non-stop,8568,18,24-06-2022 18:00,Evening,3,135,Mumbai -> Delhi
5191,Mumbai,Delhi,24-06-2022,27-06-2022,IndiGo,6E-2012,15:55,18:10,02h 15m,non-stop,8568,18,24-06-2022 18:00,Evening,3,135,Mumbai -> Delhi
5192,Mumbai,Delhi,24-06-2022,27-06-2022,GO FIRST,G8- 391,16:45,19:00,02h 15m,non-stop,8568,12,24-06-2022 12:00,Afternoon,3,135,Mumbai -> Delhi
5193,Mumbai,Delhi,24-06-2022,27-06-2022,GO FIRST,G8- 341,21:20,23:35,02h 15m,non-stop,8568,6,24-06-2022 06:00,Morning,3,135,Mumbai -> Delhi
5194,Mumbai,Delhi,24-06-2022,27-06-2022,GO FIRST,G8- 345,22:30,00:50,02h 20m,non-stop,8568,14,24-06-2022 14:00,Afternoon,3,140,Mumbai -> Delhi
5195,Mumbai,Delhi,24-06-2022,27-06-2022,Vistara,UK-928,06:30,08:35,02h 05m,non-stop,8566,22,24-06-2022 22:00,Night,3,125,Mumbai -> Delhi
5196,Mumbai,Delhi,24-06-2022,27-06-2022,Vistara,UK-952,12:25,14:30,02h 05m,non-stop,8566,6,24-06-2022 06:00,Morning,3,125,Mumbai -> Delhi
5197,Mumbai,Delhi,24-06-2022,27-06-2022,Vistara,UK-988,20:55,23:00,02h 05m,non-stop,8566,7,24-06-2022 07:00,Morning,3,125,Mumbai -> Delhi
5198,Mumbai,Delhi,24-06-2022,27-06-2022,Vistara,UK-910,17:35,19:45,02h 10m,non-stop,8566,4,24-06-2022 04:00,Night,3,130,Mumbai -> Delhi
5199,Mumbai,Delhi,24-06-2022,27-06-2022,Vistara,UK-996,18:30,20:40,02h 10m,non-stop,8566,20,24-06-2022 20:00,Evening,3,130,Mumbai -> Delhi
5200,Mumbai,Delhi,24-06-2022,27-06-2022,Vistara,UK-940,19:45,21:55,02h 10m,non-stop,8566,13,24-06-2022 13:00,Afternoon,3,130,Mumbai -> Delhi
5201,Mumbai,Delhi,24-06-2022,27-06-2022,Vistara,UK-986,22:45,00:55,02h 10m,non-stop,8566,3,24-06-2022 03:00,Night,3,130,Mumbai -> Delhi
5202,Mumbai,Delhi,24-06-2022,27-06-2022,Vistara,UK-994,10:25,12:40,02h 15m,non-stop,8566,22,24-06-2022 22:00,Night,3,135,Mumbai -> Delhi
5203,Mumbai,Delhi,24-06-2022,27-06-2022,Vistara,UK-944,14:40,16:55,02h 15m,non-stop,8566,9,24-06-2022 09:00,Morning,3,135,Mumbai -> Delhi
5204,Mumbai,Delhi,24-06-2022,27-06-2022,Vistara,UK-950,21:55,00:10,02h 15m,non-stop,8566,19,24-06-2022 19:00,Evening,3,135,Mumbai -> Delhi
5205,Mumbai,Delhi,24-06-2022,27-06-2022,Vistara,UK-902,15:45,18:05,02h 20m,non-stop,8566,14,24-06-2022 14:00,Afternoon,3,140,Mumbai -> Delhi
5206,Mumbai,Delhi,24-06-2022,27-06-2022,Vistara,UK-919,22:35,08:20,09h 45m,1-stop,8702,17,24-06-2022 17:00,Evening,3,585,Mumbai -> Delhi
5207,Mumbai,Delhi,24-06-2022,27-06-2022,Vistara,UK-919,22:35,10:25,11h 50m,1-stop,8702,19,24-06-2022 19:00,Evening,3,710,Mumbai -> Delhi
5208,Mumbai,Delhi,24-06-2022,27-06-2022,Vistara,UK-949,20:00,08:20,12h 20m,1-stop,8702,12,24-06-2022 12:00,Afternoon,3,740,Mumbai -> Delhi
5209,Mumbai,Delhi,24-06-2022,27-06-2022,SpiceJet,SG- 276,06:05,07:25,25h 20m,1-stop,8568,7,24-06-2022 07:00,Morning,3,1520,Mumbai -> Delhi
5210,Mumbai,Delhi,24-06-2022,27-06-2022,IndiGo,6E- 993,14:35,16:35,02h 00m,non-stop,8568,8,24-06-2022 08:00,Morning,3,120,Mumbai -> Delhi
5211,Mumbai,Delhi,24-06-2022,27-06-2022,IndiGo,6E-5398,07:00,09:05,02h 05m,non-stop,8568,15,24-06-2022 15:00,Afternoon,3,125,Mumbai -> Delhi
5212,Mumbai,Delhi,24-06-2022,27-06-2022,IndiGo,6E-2113,18:35,20:45,02h 10m,non-stop,8568,18,24-06-2022 18:00,Evening,3,130,Mumbai -> Delhi
5213,Mumbai,Delhi,24-06-2022,27-06-2022,IndiGo,6E- 439,19:30,21:40,02h 10m,non-stop,8568,15,24-06-2022 15:00,Afternoon,3,130,Mumbai -> Delhi
5214,Mumbai,Delhi,24-06-2022,27-06-2022,IndiGo,6E-2103,17:10,19:25,02h 15m,non-stop,8568,6,24-06-2022 06:00,Morning,3,135,Mumbai -> Delhi
5215,Mumbai,Delhi,24-06-2022,27-06-2022,IndiGo,6E-2518,20:35,22:55,02h 20m,non-stop,8568,13,24-06-2022 13:00,Afternoon,3,140,Mumbai -> Delhi
5216,Mumbai,Delhi,24-06-2022,27-06-2022,Air Asia,I5-678,15:25,01:00,09h 35m,1-stop,8567,13,24-06-2022 13:00,Afternoon,3,575,Mumbai -> Delhi
5217,Mumbai,Delhi,24-06-2022,27-06-2022,GO FIRST,G8- 287,10:50,16:15,05h 25m,1-stop,8568,3,24-06-2022 03:00,Night,3,325,Mumbai -> Delhi
5218,Mumbai,Delhi,24-06-2022,27-06-2022,GO FIRST,G8- 287,10:50,19:45,08h 55m,1-stop,8568,14,24-06-2022 14:00,Afternoon,3,535,Mumbai -> Delhi
5219,Mumbai,Delhi,24-06-2022,27-06-2022,GO FIRST,G8- 287,10:50,19:45,08h 55m,1-stop,8568,2,24-06-2022 02:00,Night,3,535,Mumbai -> Delhi
5220,Mumbai,Delhi,24-06-2022,27-06-2022,GO FIRST,G8- 287,10:50,21:10,10h 20m,1-stop,8568,4,24-06-2022 04:00,Night,3,620,Mumbai -> Delhi
5221,Mumbai,Delhi,24-06-2022,27-06-2022,GO FIRST,G8- 287,10:50,22:20,11h 30m,1-stop,8568,0,24-06-2022 00:00,Night,3,690,Mumbai -> Delhi
5222,Mumbai,Delhi,24-06-2022,27-06-2022,GO FIRST,G8- 287,10:50,23:15,12h 25m,1-stop,8568,2,24-06-2022 02:00,Night,3,745,Mumbai -> Delhi
5223,Mumbai,Delhi,24-06-2022,27-06-2022,GO FIRST,G8- 398,20:10,08:40,12h 30m,1-stop,8568,14,24-06-2022 14:00,Afternoon,3,750,Mumbai -> Delhi
5224,Mumbai,Delhi,24-06-2022,27-06-2022,GO FIRST,G8- 351,10:35,23:35,13h 00m,1-stop,8568,23,24-06-2022 23:00,Night,3,780,Mumbai -> Delhi
5225,Mumbai,Delhi,24-06-2022,27-06-2022,GO FIRST,G8- 364,20:30,09:40,13h 10m,1-stop,8568,7,24-06-2022 07:00,Morning,3,790,Mumbai -> Delhi
5226,Mumbai,Delhi,24-06-2022,27-06-2022,GO FIRST,G8- 317,06:00,20:10,14h 10m,2+-stop,8568,3,24-06-2022 03:00,Night,3,850,Mumbai -> Delhi
5227,Mumbai,Delhi,24-06-2022,27-06-2022,GO FIRST,G8- 344,19:05,10:00,14h 55m,1-stop,8568,1,24-06-2022 01:00,Night,3,895,Mumbai -> Delhi
5228,Mumbai,Delhi,24-06-2022,27-06-2022,GO FIRST,G8- 575,05:00,20:10,15h 10m,1-stop,8568,23,24-06-2022 23:00,Night,3,910,Mumbai -> Delhi
5229,Mumbai,Delhi,24-06-2022,27-06-2022,GO FIRST,G8-3184,04:30,19:45,15h 15m,1-stop,8568,23,24-06-2022 23:00,Night,3,915,Mumbai -> Delhi
5230,Mumbai,Delhi,24-06-2022,27-06-2022,Vistara,UK-949,20:00,10:25,14h 25m,1-stop,8702,9,24-06-2022 09:00,Morning,3,865,Mumbai -> Delhi
5236,Mumbai,Delhi,24-06-2022,27-06-2022,Vistara,UK-954,06:00,08:05,02h 05m,non-stop,8883,3,24-06-2022 03:00,Night,3,125,Mumbai -> Delhi
5237,Mumbai,Delhi,24-06-2022,27-06-2022,Vistara,UK-960,11:55,14:05,02h 10m,non-stop,8883,2,24-06-2022 02:00,Night,3,130,Mumbai -> Delhi
5257,Mumbai,Delhi,24-06-2022,27-06-2022,IndiGo,6E- 802,16:55,20:55,04h 00m,1-stop,8883,1,24-06-2022 01:00,Night,3,240,Mumbai -> Delhi
5258,Mumbai,Delhi,24-06-2022,27-06-2022,IndiGo,6E-6993,18:55,23:15,04h 20m,1-stop,8883,16,24-06-2022 16:00,Afternoon,3,260,Mumbai -> Delhi
5259,Mumbai,Delhi,24-06-2022,27-06-2022,IndiGo,6E-5273,12:40,17:15,04h 35m,1-stop,8883,22,24-06-2022 22:00,Night,3,275,Mumbai -> Delhi
5260,Mumbai,Delhi,24-06-2022,27-06-2022,IndiGo,6E-6735,17:45,22:40,04h 55m,1-stop,8883,20,24-06-2022 20:00,Evening,3,295,Mumbai -> Delhi
5261,Mumbai,Delhi,24-06-2022,27-06-2022,IndiGo,6E-6515,16:50,21:55,05h 05m,1-stop,8883,23,24-06-2022 23:00,Night,3,305,Mumbai -> Delhi
5262,Mumbai,Delhi,24-06-2022,27-06-2022,IndiGo,6E-5293,00:35,05:50,05h 15m,1-stop,8883,19,24-06-2022 19:00,Evening,3,315,Mumbai -> Delhi
5263,Mumbai,Delhi,24-06-2022,27-06-2022,IndiGo,6E-5334,09:40,15:10,05h 30m,1-stop,8883,22,24-06-2022 22:00,Night,3,330,Mumbai -> Delhi
5264,Mumbai,Delhi,24-06-2022,27-06-2022,IndiGo,6E-5301,07:50,13:35,05h 45m,1-stop,8883,12,24-06-2022 12:00,Afternoon,3,345,Mumbai -> Delhi
5265,Mumbai,Delhi,24-06-2022,27-06-2022,IndiGo,6E- 843,15:00,21:15,06h 15m,1-stop,8883,4,24-06-2022 04:00,Night,3,375,Mumbai -> Delhi
5266,Mumbai,Delhi,24-06-2022,27-06-2022,IndiGo,6E- 802,16:55,23:15,06h 20m,1-stop,8883,20,24-06-2022 20:00,Evening,3,380,Mumbai -> Delhi
5267,Mumbai,Delhi,24-06-2022,27-06-2022,IndiGo,6E- 164,07:15,13:45,06h 30m,1-stop,8883,8,24-06-2022 08:00,Morning,3,390,Mumbai -> Delhi
5268,Mumbai,Delhi,24-06-2022,27-06-2022,IndiGo,6E-6515,16:50,23:25,06h 35m,1-stop,8883,21,24-06-2022 21:00,Night,3,395,Mumbai -> Delhi
5269,Mumbai,Delhi,24-06-2022,27-06-2022,IndiGo,6E-5293,00:35,07:30,06h 55m,1-stop,8883,5,24-06-2022 05:00,Morning,3,415,Mumbai -> Delhi
5270,Mumbai,Delhi,24-06-2022,27-06-2022,IndiGo,6E-5273,12:40,19:40,07h 00m,1-stop,8883,4,24-06-2022 04:00,Night,3,420,Mumbai -> Delhi
5271,Mumbai,Delhi,24-06-2022,27-06-2022,IndiGo,6E- 213,06:25,13:35,07h 10m,1-stop,8883,9,24-06-2022 09:00,Morning,3,430,Mumbai -> Delhi
5272,Mumbai,Delhi,24-06-2022,27-06-2022,IndiGo,6E-5247,08:00,15:20,07h 20m,1-stop,8883,7,24-06-2022 07:00,Morning,3,440,Mumbai -> Delhi
5273,Mumbai,Delhi,24-06-2022,27-06-2022,IndiGo,6E-5334,09:40,17:05,07h 25m,1-stop,8883,6,24-06-2022 06:00,Morning,3,445,Mumbai -> Delhi
5274,Mumbai,Delhi,24-06-2022,27-06-2022,IndiGo,6E-5273,12:40,20:55,08h 15m,1-stop,8883,6,24-06-2022 06:00,Morning,3,495,Mumbai -> Delhi
5275,Mumbai,Delhi,24-06-2022,27-06-2022,IndiGo,6E-6045,21:30,05:50,08h 20m,1-stop,8883,5,24-06-2022 05:00,Morning,3,500,Mumbai -> Delhi
5276,Mumbai,Delhi,24-06-2022,27-06-2022,IndiGo,6E-2047,09:25,18:05,08h 40m,1-stop,8883,20,24-06-2022 20:00,Evening,3,520,Mumbai -> Delhi
5277,Mumbai,Delhi,24-06-2022,27-06-2022,IndiGo,6E- 624,22:55,07:40,08h 45m,1-stop,8883,19,24-06-2022 19:00,Evening,3,525,Mumbai -> Delhi
5278,Mumbai,Delhi,24-06-2022,27-06-2022,IndiGo,6E-5293,00:35,09:25,08h 50m,1-stop,8883,2,24-06-2022 02:00,Night,3,530,Mumbai -> Delhi
5279,Mumbai,Delhi,24-06-2022,27-06-2022,IndiGo,6E- 843,15:00,00:05,09h 05m,1-stop,8883,18,24-06-2022 18:00,Evening,3,545,Mumbai -> Delhi
5280,Mumbai,Delhi,24-06-2022,27-06-2022,IndiGo,6E-5268,12:30,21:55,09h 25m,1-stop,8883,21,24-06-2022 21:00,Night,3,565,Mumbai -> Delhi
5281,Mumbai,Delhi,24-06-2022,27-06-2022,IndiGo,6E-6045,21:30,07:30,10h 00m,1-stop,8883,14,24-06-2022 14:00,Afternoon,3,600,Mumbai -> Delhi
5282,Mumbai,Delhi,24-06-2022,27-06-2022,IndiGo,6E-5273,12:40,23:15,10h 35m,1-stop,8883,3,24-06-2022 03:00,Night,3,635,Mumbai -> Delhi
5283,Mumbai,Delhi,24-06-2022,27-06-2022,IndiGo,6E- 213,06:25,17:15,10h 50m,1-stop,8883,11,24-06-2022 11:00,Morning,3,650,Mumbai -> Delhi
5284,Mumbai,Delhi,24-06-2022,27-06-2022,IndiGo,6E-6993,18:55,05:50,10h 55m,1-stop,8883,5,24-06-2022 05:00,Morning,3,655,Mumbai -> Delhi
5285,Mumbai,Delhi,24-06-2022,27-06-2022,Vistara,UK-939,06:35,10:25,03h 50m,1-stop,9020,18,24-06-2022 18:00,Evening,3,230,Mumbai -> Delhi
5286,Mumbai,Delhi,24-06-2022,27-06-2022,Vistara,UK-939,06:35,22:10,15h 35m,1-stop,9020,3,24-06-2022 03:00,Night,3,935,Mumbai -> Delhi
5287,Mumbai,Delhi,24-06-2022,27-06-2022,Vistara,UK-919,22:35,22:10,23h 35m,1-stop,9020,14,24-06-2022 14:00,Afternoon,3,1415,Mumbai -> Delhi
5288,Mumbai,Delhi,24-06-2022,27-06-2022,Vistara,UK-939,06:35,08:20,25h 45m,1-stop,9020,8,24-06-2022 08:00,Morning,3,1545,Mumbai -> Delhi
5289,Mumbai,Delhi,24-06-2022,27-06-2022,Vistara,UK-949,20:00,22:10,26h 10m,1-stop,9020,4,24-06-2022 04:00,Night,3,1570,Mumbai -> Delhi
5290,Mumbai,Delhi,24-06-2022,27-06-2022,GO FIRST,G8- 510,19:25,08:20,12h 55m,1-stop,9075,12,24-06-2022 12:00,Afternoon,3,775,Mumbai -> Delhi
5294,Mumbai,Delhi,24-06-2022,27-06-2022,IndiGo,6E-5301,07:50,17:15,09h 25m,1-stop,9224,22,24-06-2022 22:00,Night,3,565,Mumbai -> Delhi
5295,Mumbai,Delhi,24-06-2022,27-06-2022,Vistara,UK-970,08:45,11:00,02h 15m,non-stop,9828,17,24-06-2022 17:00,Evening,3,135,Mumbai -> Delhi
5296,Mumbai,Delhi,24-06-2022,27-06-2022,GO FIRST,G8- 363,23:30,09:40,10h 10m,1-stop,12531,4,24-06-2022 04:00,Night,3,610,Mumbai -> Delhi
5297,Mumbai,Delhi,24-06-2022,27-06-2022,GO FIRST,G8-2504,12:00,22:30,10h 30m,1-stop,12531,15,24-06-2022 15:00,Afternoon,3,630,Mumbai -> Delhi
5298,Mumbai,Delhi,24-06-2022,27-06-2022,GO FIRST,G8-2504,12:00,00:10,12h 10m,1-stop,12531,18,24-06-2022 18:00,Evening,3,730,Mumbai -> Delhi
5299,Mumbai,Delhi,24-06-2022,27-06-2022,Vistara,UK-507,12:45,21:35,08h 50m,1-stop,12659,13,24-06-2022 13:00,Afternoon,3,530,Mumbai -> Delhi
5300,Mumbai,Delhi,24-06-2022,27-06-2022,Vistara,UK-507,12:45,09:35,20h 50m,1-stop,12659,15,24-06-2022 15:00,Afternoon,3,1250,Mumbai -> Delhi
5301,Mumbai,Delhi,24-06-2022,27-06-2022,Vistara,UK-930,07:30,09:40,02h 10m,non-stop,11193,14,24-06-2022 14:00,Afternoon,3,130,Mumbai -> Delhi
5302,Mumbai,Delhi,24-06-2022,27-06-2022,Vistara,UK-651,17:00,16:30,23h 30m,1-stop,13604,21,24-06-2022 21:00,Night,3,1410,Mumbai -> Delhi
5304,Mumbai,Delhi,24-06-2022,27-06-2022,Vistara,UK-613,12:15,16:45,04h 30m,1-stop,12136,3,24-06-2022 03:00,Night,3,270,Mumbai -> Delhi
5305,Mumbai,Delhi,24-06-2022,27-06-2022,Vistara,UK-803,19:20,12:30,17h 10m,1-stop,14129,6,24-06-2022 06:00,Morning,3,1030,Mumbai -> Delhi
5306,Mumbai,Delhi,24-06-2022,27-06-2022,Vistara,UK-653,06:00,16:30,10h 30m,1-stop,13921,15,24-06-2022 15:00,Afternoon,3,630,Mumbai -> Delhi
5307,Mumbai,Delhi,24-06-2022,27-06-2022,Vistara,UK-653,06:00,19:50,13h 50m,1-stop,13921,23,24-06-2022 23:00,Night,3,830,Mumbai -> Delhi
5308,Mumbai,Delhi,24-06-2022,27-06-2022,Vistara,UK-651,17:00,19:50,26h 50m,1-stop,13921,21,24-06-2022 21:00,Night,3,1610,Mumbai -> Delhi
5309,Mumbai,Delhi,24-06-2022,27-06-2022,Vistara,UK-687,17:00,22:45,05h 45m,1-stop,14129,20,24-06-2022 20:00,Evening,3,345,Mumbai -> Delhi
5310,Mumbai,Delhi,24-06-2022,27-06-2022,Vistara,UK-869,21:20,12:30,15h 10m,1-stop,14129,21,24-06-2022 21:00,Night,3,910,Mumbai -> Delhi
5311,Mumbai,Delhi,24-06-2022,27-06-2022,Vistara,UK-869,21:20,15:35,18h 15m,1-stop,14129,20,24-06-2022 20:00,Evening,3,1095,Mumbai -> Delhi
5312,Mumbai,Delhi,24-06-2022,27-06-2022,Vistara,UK-687,17:00,12:30,19h 30m,1-stop,14129,7,24-06-2022 07:00,Morning,3,1170,Mumbai -> Delhi
5313,Mumbai,Delhi,24-06-2022,27-06-2022,Vistara,UK-803,19:20,15:35,20h 15m,1-stop,14129,16,24-06-2022 16:00,Afternoon,3,1215,Mumbai -> Delhi
5314,Mumbai,Delhi,24-06-2022,27-06-2022,Vistara,UK-687,17:00,15:35,22h 35m,1-stop,14129,15,24-06-2022 15:00,Afternoon,3,1355,Mumbai -> Delhi
5315,Mumbai,Delhi,24-06-2022,27-06-2022,Vistara,UK-869,21:20,19:55,22h 35m,1-stop,14129,22,24-06-2022 22:00,Night,3,1355,Mumbai -> Delhi
5316,Mumbai,Delhi,24-06-2022,27-06-2022,Vistara,UK-803,19:20,19:55,24h 35m,1-stop,14129,9,24-06-2022 09:00,Morning,3,1475,Mumbai -> Delhi
5317,Mumbai,Delhi,24-06-2022,27-06-2022,Vistara,UK-869,21:20,22:45,25h 25m,1-stop,14129,9,24-06-2022 09:00,Morning,3,1525,Mumbai -> Delhi
5318,Mumbai,Delhi,24-06-2022,27-06-2022,Vistara,UK-687,17:00,19:55,26h 55m,1-stop,14129,1,24-06-2022 01:00,Night,3,1615,Mumbai -> Delhi
5320,Mumbai,Delhi,24-06-2022,27-06-2022,GO FIRST,G8- 383,15:40,00:15,08h 35m,1-stop,16023,8,24-06-2022 08:00,Morning,3,515,Mumbai -> Delhi
5321,Mumbai,Delhi,24-06-2022,27-06-2022,Vistara,UK-523,16:30,22:25,05h 55m,1-stop,16124,16,24-06-2022 16:00,Afternoon,3,355,Mumbai -> Delhi
5322,Mumbai,Delhi,24-06-2022,27-06-2022,Vistara,UK-877,10:45,19:55,09h 10m,1-stop,14446,10,24-06-2022 10:00,Morning,3,550,Mumbai -> Delhi
5323,Mumbai,Delhi,24-06-2022,27-06-2022,Vistara,UK-869,21:20,09:00,11h 40m,1-stop,14446,9,24-06-2022 09:00,Morning,3,700,Mumbai -> Delhi
5325,Mumbai,Delhi,24-06-2022,27-06-2022,Vistara,UK-545,18:20,11:55,17h 35m,1-stop,16754,21,24-06-2022 21:00,Night,3,1055,Mumbai -> Delhi
5326,Mumbai,Delhi,24-06-2022,27-06-2022,Vistara,UK-852,12:10,16:20,04h 10m,1-stop,15253,16,24-06-2022 16:00,Afternoon,3,250,Mumbai -> Delhi
5327,Mumbai,Delhi,24-06-2022,27-06-2022,GO FIRST,G8- 287,10:50,17:40,06h 50m,1-stop,15272,3,24-06-2022 03:00,Night,3,410,Mumbai -> Delhi
5331,Mumbai,Delhi,24-06-2022,27-06-2022,Vistara,UK-621,13:20,17:00,27h 40m,1-stop,15284,15,24-06-2022 15:00,Afternoon,3,1660,Mumbai -> Delhi
5334,Mumbai,Delhi,24-06-2022,27-06-2022,Vistara,UK-823,17:50,23:55,06h 05m,1-stop,17594,19,24-06-2022 19:00,Evening,3,365,Mumbai -> Delhi
5335,Mumbai,Delhi,24-06-2022,27-06-2022,Vistara,UK-775,14:05,21:10,07h 05m,1-stop,17594,14,24-06-2022 14:00,Afternoon,3,425,Mumbai -> Delhi
5337,Mumbai,Delhi,24-06-2022,27-06-2022,Vistara,UK-849,17:30,23:50,06h 20m,1-stop,16124,20,24-06-2022 20:00,Evening,3,380,Mumbai -> Delhi
5338,Mumbai,Delhi,24-06-2022,27-06-2022,Vistara,UK-853,16:00,22:25,06h 25m,1-stop,16124,4,24-06-2022 04:00,Night,3,385,Mumbai -> Delhi
5339,Mumbai,Delhi,24-06-2022,27-06-2022,Vistara,UK-523,16:30,23:50,07h 20m,1-stop,16124,5,24-06-2022 05:00,Morning,3,440,Mumbai -> Delhi
5340,Mumbai,Delhi,24-06-2022,27-06-2022,GO FIRST,G8- 331,11:30,20:10,08h 40m,1-stop,16233,16,24-06-2022 16:00,Afternoon,3,520,Mumbai -> Delhi
5344,Mumbai,Delhi,24-06-2022,27-06-2022,GO FIRST,G8-3184,04:30,13:10,08h 40m,1-stop,17267,0,24-06-2022 00:00,Night,3,520,Mumbai -> Delhi
5346,Mumbai,Delhi,24-06-2022,27-06-2022,GO FIRST,G8-3184,04:30,19:25,14h 55m,1-stop,17267,18,24-06-2022 18:00,Evening,3,895,Mumbai -> Delhi
5352,Mumbai,Delhi,24-06-2022,27-06-2022,Vistara,UK-841,11:25,17:05,05h 40m,1-stop,17388,3,24-06-2022 03:00,Night,3,340,Mumbai -> Delhi
5354,Mumbai,Delhi,24-06-2022,27-06-2022,Vistara,UK-851,07:00,12:40,05h 40m,1-stop,17598,16,24-06-2022 16:00,Afternoon,3,340,Mumbai -> Delhi
5355,Mumbai,Delhi,24-06-2022,27-06-2022,Vistara,UK-845,06:00,12:40,06h 40m,1-stop,17598,8,24-06-2022 08:00,Morning,3,400,Mumbai -> Delhi
5366,Mumbai,Delhi,24-06-2022,27-06-2022,Vistara,UK-853,16:00,21:30,05h 30m,1-stop,17911,23,24-06-2022 23:00,Night,3,330,Mumbai -> Delhi
5368,Mumbai,Delhi,24-06-2022,27-06-2022,GO FIRST,G8-3184,04:30,10:35,06h 05m,1-stop,18695,1,24-06-2022 01:00,Night,3,365,Mumbai -> Delhi
5370,Mumbai,Delhi,24-06-2022,27-06-2022,Vistara,UK-647,10:25,15:20,04h 55m,1-stop,18856,7,24-06-2022 07:00,Morning,3,295,Mumbai -> Delhi
5371,Mumbai,Delhi,24-06-2022,27-06-2022,Vistara,UK-647,10:25,17:00,06h 35m,1-stop,18856,14,24-06-2022 14:00,Afternoon,3,395,Mumbai -> Delhi
5372,Mumbai,Delhi,24-06-2022,27-06-2022,Air Asia,I5-631,07:50,19:55,12h 05m,1-stop,19147,6,24-06-2022 06:00,Morning,3,725,Mumbai -> Delhi
5373,Mumbai,Delhi,24-06-2022,27-06-2022,Vistara,UK-863,09:05,14:20,05h 15m,1-stop,19698,5,24-06-2022 05:00,Morning,3,315,Mumbai -> Delhi
5376,Mumbai,Delhi,24-06-2022,27-06-2022,IndiGo,6E- 814,12:15,16:45,04h 30m,1-stop,20906,0,24-06-2022 00:00,Night,3,270,Mumbai -> Delhi
5377,Mumbai,Delhi,24-06-2022,27-06-2022,Vistara,UK-521,11:55,18:20,06h 25m,1-stop,21271,14,24-06-2022 14:00,Afternoon,3,385,Mumbai -> Delhi
5379,Mumbai,Delhi,24-06-2022,27-06-2022,Air Asia,I5-679,20:40,10:55,14h 15m,1-stop,25815,22,24-06-2022 22:00,Night,3,855,Mumbai -> Delhi
5381,Mumbai,Delhi,24-06-2022,28-06-2022,SpiceJet,SG-8702,16:00,18:20,02h 20m,non-stop,8568,6,24-06-2022 06:00,Morning,4,140,Mumbai -> Delhi
5382,Mumbai,Delhi,24-06-2022,28-06-2022,SpiceJet,SG- 712,00:35,03:00,02h 25m,non-stop,8568,16,24-06-2022 16:00,Afternoon,4,145,Mumbai -> Delhi
5383,Mumbai,Delhi,24-06-2022,28-06-2022,SpiceJet,SG-8158,19:35,22:00,02h 25m,non-stop,8568,1,24-06-2022 01:00,Night,4,145,Mumbai -> Delhi
5384,Mumbai,Delhi,24-06-2022,28-06-2022,SpiceJet,SG-8152,07:20,09:35,02h 15m,non-stop,8568,8,24-06-2022 08:00,Morning,4,135,Mumbai -> Delhi
5385,Mumbai,Delhi,24-06-2022,28-06-2022,GO FIRST,G8- 329,05:55,08:00,02h 05m,non-stop,8568,8,24-06-2022 08:00,Morning,4,125,Mumbai -> Delhi
5386,Mumbai,Delhi,24-06-2022,28-06-2022,IndiGo,6E-5398,07:00,09:05,02h 05m,non-stop,8568,12,24-06-2022 12:00,Afternoon,4,125,Mumbai -> Delhi
5387,Mumbai,Delhi,24-06-2022,28-06-2022,IndiGo,6E- 168,12:05,14:10,02h 05m,non-stop,8568,5,24-06-2022 05:00,Morning,4,125,Mumbai -> Delhi
5388,Mumbai,Delhi,24-06-2022,28-06-2022,GO FIRST,G8- 339,18:00,20:05,02h 05m,non-stop,8568,5,24-06-2022 05:00,Morning,4,125,Mumbai -> Delhi
5389,Mumbai,Delhi,24-06-2022,28-06-2022,GO FIRST,G8- 330,00:10,02:20,02h 10m,non-stop,8568,19,24-06-2022 19:00,Evening,4,130,Mumbai -> Delhi
5390,Mumbai,Delhi,24-06-2022,28-06-2022,IndiGo,6E-5332,06:05,08:15,02h 10m,non-stop,8568,19,24-06-2022 19:00,Evening,4,130,Mumbai -> Delhi
5391,Mumbai,Delhi,24-06-2022,28-06-2022,IndiGo,6E-2137,08:30,10:40,02h 10m,non-stop,8568,20,24-06-2022 20:00,Evening,4,130,Mumbai -> Delhi
5392,Mumbai,Delhi,24-06-2022,28-06-2022,GO FIRST,G8- 327,09:55,12:05,02h 10m,non-stop,8568,2,24-06-2022 02:00,Night,4,130,Mumbai -> Delhi
5393,Mumbai,Delhi,24-06-2022,28-06-2022,IndiGo,6E-6821,10:10,12:20,02h 10m,non-stop,8568,16,24-06-2022 16:00,Afternoon,4,130,Mumbai -> Delhi
5394,Mumbai,Delhi,24-06-2022,28-06-2022,IndiGo,6E- 248,23:30,01:40,02h 10m,non-stop,8568,16,24-06-2022 16:00,Afternoon,4,130,Mumbai -> Delhi
5395,Mumbai,Delhi,24-06-2022,28-06-2022,IndiGo,6E-5341,07:45,10:00,02h 15m,non-stop,8568,11,24-06-2022 11:00,Morning,4,135,Mumbai -> Delhi
5396,Mumbai,Delhi,24-06-2022,28-06-2022,IndiGo,6E-2172,09:25,11:40,02h 15m,non-stop,8568,15,24-06-2022 15:00,Afternoon,4,135,Mumbai -> Delhi
5397,Mumbai,Delhi,24-06-2022,28-06-2022,IndiGo,6E-2012,15:55,18:10,02h 15m,non-stop,8568,14,24-06-2022 14:00,Afternoon,4,135,Mumbai -> Delhi
5398,Mumbai,Delhi,24-06-2022,28-06-2022,GO FIRST,G8- 391,17:15,19:30,02h 15m,non-stop,8568,12,24-06-2022 12:00,Afternoon,4,135,Mumbai -> Delhi
5399,Mumbai,Delhi,24-06-2022,28-06-2022,GO FIRST,G8- 341,21:20,23:35,02h 15m,non-stop,8568,22,24-06-2022 22:00,Night,4,135,Mumbai -> Delhi
5400,Mumbai,Delhi,24-06-2022,28-06-2022,GO FIRST,G8- 345,22:30,00:50,02h 20m,non-stop,8568,0,24-06-2022 00:00,Night,4,140,Mumbai -> Delhi
5401,Mumbai,Delhi,24-06-2022,28-06-2022,Vistara,UK-954,06:00,08:05,02h 05m,non-stop,8566,16,24-06-2022 16:00,Afternoon,4,125,Mumbai -> Delhi
5402,Mumbai,Delhi,24-06-2022,28-06-2022,Vistara,UK-928,06:30,08:35,02h 05m,non-stop,8566,2,24-06-2022 02:00,Night,4,125,Mumbai -> Delhi
5403,Mumbai,Delhi,24-06-2022,28-06-2022,Vistara,UK-952,12:25,14:30,02h 05m,non-stop,8566,14,24-06-2022 14:00,Afternoon,4,125,Mumbai -> Delhi
5404,Mumbai,Delhi,24-06-2022,28-06-2022,Vistara,UK-960,11:55,14:05,02h 10m,non-stop,8566,3,24-06-2022 03:00,Night,4,130,Mumbai -> Delhi
5405,Mumbai,Delhi,24-06-2022,28-06-2022,Vistara,UK-910,17:35,19:45,02h 10m,non-stop,8566,3,24-06-2022 03:00,Night,4,130,Mumbai -> Delhi
5406,Mumbai,Delhi,24-06-2022,28-06-2022,Vistara,UK-996,18:30,20:40,02h 10m,non-stop,8566,17,24-06-2022 17:00,Evening,4,130,Mumbai -> Delhi
5407,Mumbai,Delhi,24-06-2022,28-06-2022,Vistara,UK-940,19:45,21:55,02h 10m,non-stop,8566,16,24-06-2022 16:00,Afternoon,4,130,Mumbai -> Delhi
5408,Mumbai,Delhi,24-06-2022,28-06-2022,Vistara,UK-986,22:45,00:55,02h 10m,non-stop,8566,18,24-06-2022 18:00,Evening,4,130,Mumbai -> Delhi
5409,Mumbai,Delhi,24-06-2022,28-06-2022,Vistara,UK-970,08:45,11:00,02h 15m,non-stop,8566,10,24-06-2022 10:00,Morning,4,135,Mumbai -> Delhi
5410,Mumbai,Delhi,24-06-2022,28-06-2022,Vistara,UK-994,10:25,12:40,02h 15m,non-stop,8566,19,24-06-2022 19:00,Evening,4,135,Mumbai -> Delhi
5411,Mumbai,Delhi,24-06-2022,28-06-2022,Vistara,UK-944,14:40,16:55,02h 15m,non-stop,8566,2,24-06-2022 02:00,Night,4,135,Mumbai -> Delhi
5412,Mumbai,Delhi,24-06-2022,28-06-2022,Vistara,UK-950,21:55,00:10,02h 15m,non-stop,8566,7,24-06-2022 07:00,Morning,4,135,Mumbai -> Delhi
5413,Mumbai,Delhi,24-06-2022,28-06-2022,Vistara,UK-902,15:45,18:05,02h 20m,non-stop,8566,13,24-06-2022 13:00,Afternoon,4,140,Mumbai -> Delhi
5414,Mumbai,Delhi,24-06-2022,28-06-2022,Vistara,UK-939,06:35,10:25,03h 50m,1-stop,8702,0,24-06-2022 00:00,Night,4,230,Mumbai -> Delhi
5415,Mumbai,Delhi,24-06-2022,28-06-2022,Vistara,UK-919,22:35,08:20,09h 45m,1-stop,8702,13,24-06-2022 13:00,Afternoon,4,585,Mumbai -> Delhi
5416,Mumbai,Delhi,24-06-2022,28-06-2022,IndiGo,6E- 993,14:35,16:35,02h 00m,non-stop,8568,1,24-06-2022 01:00,Night,4,120,Mumbai -> Delhi
5417,Mumbai,Delhi,24-06-2022,28-06-2022,IndiGo,6E-2113,18:35,20:45,02h 10m,non-stop,8568,22,24-06-2022 22:00,Night,4,130,Mumbai -> Delhi
5418,Mumbai,Delhi,24-06-2022,28-06-2022,IndiGo,6E- 439,19:30,21:40,02h 10m,non-stop,8568,3,24-06-2022 03:00,Night,4,130,Mumbai -> Delhi
5419,Mumbai,Delhi,24-06-2022,28-06-2022,IndiGo,6E-2103,17:10,19:25,02h 15m,non-stop,8568,23,24-06-2022 23:00,Night,4,135,Mumbai -> Delhi
5420,Mumbai,Delhi,24-06-2022,28-06-2022,IndiGo,6E-2518,20:35,22:55,02h 20m,non-stop,8568,18,24-06-2022 18:00,Evening,4,140,Mumbai -> Delhi
5421,Mumbai,Delhi,24-06-2022,28-06-2022,Vistara,UK-930,07:30,09:40,02h 10m,non-stop,8566,5,24-06-2022 05:00,Morning,4,130,Mumbai -> Delhi
5422,Mumbai,Delhi,24-06-2022,28-06-2022,Air Asia,I5-678,15:25,01:00,09h 35m,1-stop,8567,0,24-06-2022 00:00,Night,4,575,Mumbai -> Delhi
5423,Mumbai,Delhi,24-06-2022,28-06-2022,GO FIRST,G8- 287,10:50,16:15,05h 25m,1-stop,8568,16,24-06-2022 16:00,Afternoon,4,325,Mumbai -> Delhi
5424,Mumbai,Delhi,24-06-2022,28-06-2022,GO FIRST,G8-3184,04:30,11:10,06h 40m,1-stop,8568,7,24-06-2022 07:00,Morning,4,400,Mumbai -> Delhi
5425,Mumbai,Delhi,24-06-2022,28-06-2022,GO FIRST,G8- 331,11:30,20:10,08h 40m,1-stop,8568,18,24-06-2022 18:00,Evening,4,520,Mumbai -> Delhi
5426,Mumbai,Delhi,24-06-2022,28-06-2022,GO FIRST,G8- 287,10:50,19:45,08h 55m,1-stop,8568,20,24-06-2022 20:00,Evening,4,535,Mumbai -> Delhi
5427,Mumbai,Delhi,24-06-2022,28-06-2022,GO FIRST,G8- 287,10:50,19:45,08h 55m,1-stop,8568,0,24-06-2022 00:00,Night,4,535,Mumbai -> Delhi
5428,Mumbai,Delhi,24-06-2022,28-06-2022,GO FIRST,G8- 287,10:50,20:15,09h 25m,1-stop,8568,4,24-06-2022 04:00,Night,4,565,Mumbai -> Delhi
5429,Mumbai,Delhi,24-06-2022,28-06-2022,GO FIRST,G8- 287,10:50,21:10,10h 20m,1-stop,8568,15,24-06-2022 15:00,Afternoon,4,620,Mumbai -> Delhi
5430,Mumbai,Delhi,24-06-2022,28-06-2022,GO FIRST,G8-3184,04:30,14:55,10h 25m,1-stop,8568,5,24-06-2022 05:00,Morning,4,625,Mumbai -> Delhi
5431,Mumbai,Delhi,24-06-2022,28-06-2022,GO FIRST,G8- 363,22:30,09:40,11h 10m,1-stop,8568,7,24-06-2022 07:00,Morning,4,670,Mumbai -> Delhi
5432,Mumbai,Delhi,24-06-2022,28-06-2022,GO FIRST,G8- 287,10:50,22:20,11h 30m,1-stop,8568,12,24-06-2022 12:00,Afternoon,4,690,Mumbai -> Delhi
5433,Mumbai,Delhi,24-06-2022,28-06-2022,GO FIRST,G8- 287,10:50,23:15,12h 25m,1-stop,8568,15,24-06-2022 15:00,Afternoon,4,745,Mumbai -> Delhi
5434,Mumbai,Delhi,24-06-2022,28-06-2022,GO FIRST,G8- 398,20:10,08:40,12h 30m,1-stop,8568,2,24-06-2022 02:00,Night,4,750,Mumbai -> Delhi
5435,Mumbai,Delhi,24-06-2022,28-06-2022,GO FIRST,G8- 351,11:00,00:05,13h 05m,1-stop,8568,18,24-06-2022 18:00,Evening,4,785,Mumbai -> Delhi
5436,Mumbai,Delhi,24-06-2022,28-06-2022,GO FIRST,G8- 364,20:30,09:40,13h 10m,1-stop,8568,11,24-06-2022 11:00,Morning,4,790,Mumbai -> Delhi
5437,Mumbai,Delhi,24-06-2022,28-06-2022,GO FIRST,G8- 317,06:00,20:10,14h 10m,2+-stop,8568,15,24-06-2022 15:00,Afternoon,4,850,Mumbai -> Delhi
5438,Mumbai,Delhi,24-06-2022,28-06-2022,GO FIRST,G8- 344,19:05,10:00,14h 55m,1-stop,8568,10,24-06-2022 10:00,Morning,4,895,Mumbai -> Delhi
5439,Mumbai,Delhi,24-06-2022,28-06-2022,IndiGo,6E- 814,12:15,16:45,04h 30m,1-stop,8621,9,24-06-2022 09:00,Morning,4,270,Mumbai -> Delhi
5440,Mumbai,Delhi,24-06-2022,28-06-2022,Vistara,UK-919,22:35,22:10,23h 35m,1-stop,8702,19,24-06-2022 19:00,Evening,4,1415,Mumbai -> Delhi
5441,Mumbai,Delhi,24-06-2022,28-06-2022,Vistara,UK-939,06:35,08:20,25h 45m,1-stop,8702,3,24-06-2022 03:00,Night,4,1545,Mumbai -> Delhi
5471,Mumbai,Delhi,24-06-2022,28-06-2022,IndiGo,6E- 802,16:55,20:55,04h 00m,1-stop,8883,11,24-06-2022 11:00,Morning,4,240,Mumbai -> Delhi
5472,Mumbai,Delhi,24-06-2022,28-06-2022,IndiGo,6E-6993,18:55,23:15,04h 20m,1-stop,8883,22,24-06-2022 22:00,Night,4,260,Mumbai -> Delhi
5473,Mumbai,Delhi,24-06-2022,28-06-2022,IndiGo,6E-5273,12:40,17:15,04h 35m,1-stop,8883,1,24-06-2022 01:00,Night,4,275,Mumbai -> Delhi
5474,Mumbai,Delhi,24-06-2022,28-06-2022,IndiGo,6E-6515,17:20,21:55,04h 35m,1-stop,8883,23,24-06-2022 23:00,Night,4,275,Mumbai -> Delhi
5475,Mumbai,Delhi,24-06-2022,28-06-2022,IndiGo,6E-6735,17:45,22:40,04h 55m,1-stop,8883,21,24-06-2022 21:00,Night,4,295,Mumbai -> Delhi
5476,Mumbai,Delhi,24-06-2022,28-06-2022,IndiGo,6E-5293,00:35,05:50,05h 15m,1-stop,8883,18,24-06-2022 18:00,Evening,4,315,Mumbai -> Delhi
5477,Mumbai,Delhi,24-06-2022,28-06-2022,IndiGo,6E-5334,09:40,15:10,05h 30m,1-stop,8883,4,24-06-2022 04:00,Night,4,330,Mumbai -> Delhi
5478,Mumbai,Delhi,24-06-2022,28-06-2022,IndiGo,6E-5301,07:50,13:35,05h 45m,1-stop,8883,7,24-06-2022 07:00,Morning,4,345,Mumbai -> Delhi
5479,Mumbai,Delhi,24-06-2022,28-06-2022,IndiGo,6E-6515,17:20,23:25,06h 05m,1-stop,8883,6,24-06-2022 06:00,Morning,4,365,Mumbai -> Delhi
5480,Mumbai,Delhi,24-06-2022,28-06-2022,IndiGo,6E- 843,15:00,21:15,06h 15m,1-stop,8883,13,24-06-2022 13:00,Afternoon,4,375,Mumbai -> Delhi
5481,Mumbai,Delhi,24-06-2022,28-06-2022,IndiGo,6E- 802,16:55,23:15,06h 20m,1-stop,8883,23,24-06-2022 23:00,Night,4,380,Mumbai -> Delhi
5482,Mumbai,Delhi,24-06-2022,28-06-2022,IndiGo,6E- 164,07:15,13:45,06h 30m,1-stop,8883,22,24-06-2022 22:00,Night,4,390,Mumbai -> Delhi
5483,Mumbai,Delhi,24-06-2022,28-06-2022,IndiGo,6E-5378,18:15,01:00,06h 45m,1-stop,8883,2,24-06-2022 02:00,Night,4,405,Mumbai -> Delhi
5484,Mumbai,Delhi,24-06-2022,28-06-2022,IndiGo,6E-5293,00:35,07:30,06h 55m,1-stop,8883,17,24-06-2022 17:00,Evening,4,415,Mumbai -> Delhi
5485,Mumbai,Delhi,24-06-2022,28-06-2022,IndiGo,6E-5273,12:40,19:40,07h 00m,1-stop,8883,15,24-06-2022 15:00,Afternoon,4,420,Mumbai -> Delhi
5486,Mumbai,Delhi,24-06-2022,28-06-2022,IndiGo,6E-5247,08:00,15:20,07h 20m,1-stop,8883,22,24-06-2022 22:00,Night,4,440,Mumbai -> Delhi
5487,Mumbai,Delhi,24-06-2022,28-06-2022,IndiGo,6E-5334,09:40,17:05,07h 25m,1-stop,8883,18,24-06-2022 18:00,Evening,4,445,Mumbai -> Delhi
5488,Mumbai,Delhi,24-06-2022,28-06-2022,IndiGo,6E-5273,12:40,20:55,08h 15m,1-stop,8883,18,24-06-2022 18:00,Evening,4,495,Mumbai -> Delhi
5489,Mumbai,Delhi,24-06-2022,28-06-2022,IndiGo,6E-6045,21:30,05:50,08h 20m,1-stop,8883,17,24-06-2022 17:00,Evening,4,500,Mumbai -> Delhi
5490,Mumbai,Delhi,24-06-2022,28-06-2022,IndiGo,6E-2047,09:25,18:05,08h 40m,1-stop,8883,19,24-06-2022 19:00,Evening,4,520,Mumbai -> Delhi
5491,Mumbai,Delhi,24-06-2022,28-06-2022,IndiGo,6E- 624,22:55,07:40,08h 45m,1-stop,8883,15,24-06-2022 15:00,Afternoon,4,525,Mumbai -> Delhi
5492,Mumbai,Delhi,24-06-2022,28-06-2022,IndiGo,6E-5293,00:35,09:25,08h 50m,1-stop,8883,7,24-06-2022 07:00,Morning,4,530,Mumbai -> Delhi
5493,Mumbai,Delhi,24-06-2022,28-06-2022,IndiGo,6E- 843,15:00,00:05,09h 05m,1-stop,8883,0,24-06-2022 00:00,Night,4,545,Mumbai -> Delhi
5494,Mumbai,Delhi,24-06-2022,28-06-2022,IndiGo,6E-5301,07:50,17:15,09h 25m,1-stop,8883,16,24-06-2022 16:00,Afternoon,4,565,Mumbai -> Delhi
5495,Mumbai,Delhi,24-06-2022,28-06-2022,IndiGo,6E-6045,21:30,07:30,10h 00m,1-stop,8883,11,24-06-2022 11:00,Morning,4,600,Mumbai -> Delhi
5496,Mumbai,Delhi,24-06-2022,28-06-2022,IndiGo,6E-5273,12:40,23:15,10h 35m,1-stop,8883,20,24-06-2022 20:00,Evening,4,635,Mumbai -> Delhi
5497,Mumbai,Delhi,24-06-2022,28-06-2022,IndiGo,6E-6993,18:55,05:50,10h 55m,1-stop,8883,10,24-06-2022 10:00,Morning,4,655,Mumbai -> Delhi
5498,Mumbai,Delhi,24-06-2022,28-06-2022,Vistara,UK-919,22:35,10:25,11h 50m,1-stop,9020,4,24-06-2022 04:00,Night,4,710,Mumbai -> Delhi
5499,Mumbai,Delhi,24-06-2022,28-06-2022,Vistara,UK-949,20:00,08:20,12h 20m,1-stop,9020,11,24-06-2022 11:00,Morning,4,740,Mumbai -> Delhi
5500,Mumbai,Delhi,24-06-2022,28-06-2022,Vistara,UK-949,20:00,10:25,14h 25m,1-stop,9020,16,24-06-2022 16:00,Afternoon,4,865,Mumbai -> Delhi
5501,Mumbai,Delhi,24-06-2022,28-06-2022,Vistara,UK-939,06:35,22:10,15h 35m,1-stop,9020,5,24-06-2022 05:00,Morning,4,935,Mumbai -> Delhi
5502,Mumbai,Delhi,24-06-2022,28-06-2022,Vistara,UK-949,20:00,22:10,26h 10m,1-stop,9020,0,24-06-2022 00:00,Night,4,1570,Mumbai -> Delhi
5503,Mumbai,Delhi,24-06-2022,28-06-2022,GO FIRST,G8- 510,19:25,08:20,12h 55m,1-stop,9075,4,24-06-2022 04:00,Night,4,775,Mumbai -> Delhi
5504,Mumbai,Delhi,24-06-2022,28-06-2022,Vistara,UK-988,20:55,23:00,02h 05m,non-stop,9303,13,24-06-2022 13:00,Afternoon,4,125,Mumbai -> Delhi
5505,Mumbai,Delhi,24-06-2022,28-06-2022,GO FIRST,G8-2504,12:00,22:30,10h 30m,1-stop,12531,4,24-06-2022 04:00,Night,4,630,Mumbai -> Delhi
5506,Mumbai,Delhi,24-06-2022,28-06-2022,GO FIRST,G8-2504,12:00,00:10,12h 10m,1-stop,12531,21,24-06-2022 21:00,Night,4,730,Mumbai -> Delhi
5507,Mumbai,Delhi,24-06-2022,28-06-2022,Vistara,UK-507,12:45,21:35,08h 50m,1-stop,12659,23,24-06-2022 23:00,Night,4,530,Mumbai -> Delhi
5508,Mumbai,Delhi,24-06-2022,28-06-2022,Vistara,UK-507,12:45,09:35,20h 50m,1-stop,12659,0,24-06-2022 00:00,Night,4,1250,Mumbai -> Delhi
5509,Mumbai,Delhi,24-06-2022,28-06-2022,Vistara,UK-613,12:15,16:45,04h 30m,1-stop,11821,17,24-06-2022 17:00,Evening,4,270,Mumbai -> Delhi
5510,Mumbai,Delhi,24-06-2022,28-06-2022,Vistara,UK-653,06:00,16:30,10h 30m,1-stop,13604,15,24-06-2022 15:00,Afternoon,4,630,Mumbai -> Delhi
5511,Mumbai,Delhi,24-06-2022,28-06-2022,Vistara,UK-651,17:00,19:50,26h 50m,1-stop,13604,8,24-06-2022 08:00,Morning,4,1610,Mumbai -> Delhi
5513,Mumbai,Delhi,24-06-2022,28-06-2022,Vistara,UK-873,06:20,12:30,06h 10m,1-stop,14129,18,24-06-2022 18:00,Evening,4,370,Mumbai -> Delhi
5514,Mumbai,Delhi,24-06-2022,28-06-2022,Vistara,UK-873,06:20,22:45,16h 25m,1-stop,14129,21,24-06-2022 21:00,Night,4,985,Mumbai -> Delhi
5516,Mumbai,Delhi,24-06-2022,28-06-2022,Vistara,UK-653,06:00,19:50,13h 50m,1-stop,13921,4,24-06-2022 04:00,Night,4,830,Mumbai -> Delhi
5517,Mumbai,Delhi,24-06-2022,28-06-2022,GO FIRST,G8- 287,10:50,17:40,06h 50m,1-stop,14973,1,24-06-2022 01:00,Night,4,410,Mumbai -> Delhi
5519,Mumbai,Delhi,24-06-2022,28-06-2022,Vistara,UK-687,17:00,22:45,05h 45m,1-stop,14129,14,24-06-2022 14:00,Afternoon,4,345,Mumbai -> Delhi
5520,Mumbai,Delhi,24-06-2022,28-06-2022,Vistara,UK-873,06:20,15:35,09h 15m,1-stop,14129,6,24-06-2022 06:00,Morning,4,555,Mumbai -> Delhi
5521,Mumbai,Delhi,24-06-2022,28-06-2022,Vistara,UK-869,21:20,09:00,11h 40m,1-stop,14129,3,24-06-2022 03:00,Night,4,700,Mumbai -> Delhi
5522,Mumbai,Delhi,24-06-2022,28-06-2022,Vistara,UK-873,06:20,19:55,13h 35m,1-stop,14129,0,24-06-2022 00:00,Night,4,815,Mumbai -> Delhi
5523,Mumbai,Delhi,24-06-2022,28-06-2022,Vistara,UK-803,19:20,09:00,13h 40m,1-stop,14129,12,24-06-2022 12:00,Afternoon,4,820,Mumbai -> Delhi
5524,Mumbai,Delhi,24-06-2022,28-06-2022,Vistara,UK-687,17:00,09:00,16h 00m,1-stop,14129,19,24-06-2022 19:00,Evening,4,960,Mumbai -> Delhi
5525,Mumbai,Delhi,24-06-2022,28-06-2022,Vistara,UK-869,21:20,15:35,18h 15m,1-stop,14129,21,24-06-2022 21:00,Night,4,1095,Mumbai -> Delhi
5526,Mumbai,Delhi,24-06-2022,28-06-2022,Vistara,UK-803,19:20,15:35,20h 15m,1-stop,14129,6,24-06-2022 06:00,Morning,4,1215,Mumbai -> Delhi
5527,Mumbai,Delhi,24-06-2022,28-06-2022,Vistara,UK-687,17:00,15:35,22h 35m,1-stop,14129,14,24-06-2022 14:00,Afternoon,4,1355,Mumbai -> Delhi
5528,Mumbai,Delhi,24-06-2022,28-06-2022,Vistara,UK-651,17:00,16:30,23h 30m,1-stop,14236,22,24-06-2022 22:00,Night,4,1410,Mumbai -> Delhi
5530,Mumbai,Delhi,24-06-2022,28-06-2022,Vistara,UK-852,12:10,16:20,04h 10m,1-stop,14308,13,24-06-2022 13:00,Afternoon,4,250,Mumbai -> Delhi
5531,Mumbai,Delhi,24-06-2022,28-06-2022,GO FIRST,G8- 383,15:40,00:15,08h 35m,1-stop,16023,22,24-06-2022 22:00,Night,4,515,Mumbai -> Delhi
5532,Mumbai,Delhi,24-06-2022,28-06-2022,Vistara,UK-851,07:00,12:40,05h 40m,1-stop,16124,18,24-06-2022 18:00,Evening,4,340,Mumbai -> Delhi
5536,Mumbai,Delhi,24-06-2022,28-06-2022,Vistara,UK-869,21:20,12:30,15h 10m,1-stop,14446,21,24-06-2022 21:00,Night,4,910,Mumbai -> Delhi
5537,Mumbai,Delhi,24-06-2022,28-06-2022,Vistara,UK-803,19:20,12:30,17h 10m,1-stop,14446,23,24-06-2022 23:00,Night,4,1030,Mumbai -> Delhi
5539,Mumbai,Delhi,24-06-2022,28-06-2022,Vistara,UK-545,18:20,11:55,17h 35m,1-stop,16754,19,24-06-2022 19:00,Evening,4,1055,Mumbai -> Delhi
5544,Mumbai,Delhi,24-06-2022,28-06-2022,Vistara,UK-621,13:20,17:00,27h 40m,1-stop,15284,23,24-06-2022 23:00,Night,4,1660,Mumbai -> Delhi
5545,Mumbai,Delhi,24-06-2022,28-06-2022,Vistara,UK-841,11:25,17:05,05h 40m,1-stop,15286,17,24-06-2022 17:00,Evening,4,340,Mumbai -> Delhi
5546,Mumbai,Delhi,24-06-2022,28-06-2022,Vistara,UK-841,11:25,00:40,13h 15m,1-stop,15286,9,24-06-2022 09:00,Morning,4,795,Mumbai -> Delhi
5548,Mumbai,Delhi,24-06-2022,28-06-2022,Vistara,UK-823,17:50,23:55,06h 05m,1-stop,17594,8,24-06-2022 08:00,Morning,4,365,Mumbai -> Delhi
5549,Mumbai,Delhi,24-06-2022,28-06-2022,Vistara,UK-775,14:05,21:10,07h 05m,1-stop,17594,7,24-06-2022 07:00,Morning,4,425,Mumbai -> Delhi
5550,Mumbai,Delhi,24-06-2022,28-06-2022,Vistara,UK-845,06:00,12:40,06h 40m,1-stop,16124,9,24-06-2022 09:00,Morning,4,400,Mumbai -> Delhi
5551,Mumbai,Delhi,24-06-2022,28-06-2022,GO FIRST,G8-3184,04:30,13:10,08h 40m,1-stop,17267,16,24-06-2022 16:00,Afternoon,4,520,Mumbai -> Delhi
5559,Mumbai,Delhi,24-06-2022,28-06-2022,GO FIRST,G8-3184,04:30,19:25,14h 55m,1-stop,17267,1,24-06-2022 01:00,Night,4,895,Mumbai -> Delhi
5563,Mumbai,Delhi,24-06-2022,28-06-2022,GO FIRST,G8-3184,04:30,10:40,06h 10m,1-stop,17267,5,24-06-2022 05:00,Morning,4,370,Mumbai -> Delhi
5564,Mumbai,Delhi,24-06-2022,28-06-2022,Vistara,UK-853,16:00,21:30,05h 30m,1-stop,17386,4,24-06-2022 04:00,Night,4,330,Mumbai -> Delhi
5565,Mumbai,Delhi,24-06-2022,28-06-2022,Vistara,UK-523,16:30,22:25,05h 55m,1-stop,17386,8,24-06-2022 08:00,Morning,4,355,Mumbai -> Delhi
5566,Mumbai,Delhi,24-06-2022,28-06-2022,Vistara,UK-853,16:00,22:25,06h 25m,1-stop,17386,4,24-06-2022 04:00,Night,4,385,Mumbai -> Delhi
5567,Mumbai,Delhi,24-06-2022,28-06-2022,Vistara,UK-647,10:25,15:20,04h 55m,1-stop,17596,17,24-06-2022 17:00,Evening,4,295,Mumbai -> Delhi
5578,Mumbai,Delhi,24-06-2022,28-06-2022,Vistara,UK-647,10:25,17:00,06h 35m,1-stop,18016,19,24-06-2022 19:00,Evening,4,395,Mumbai -> Delhi
5579,Mumbai,Delhi,24-06-2022,28-06-2022,Vistara,UK-863,09:05,14:20,05h 15m,1-stop,18228,8,24-06-2022 08:00,Morning,4,315,Mumbai -> Delhi
5581,Mumbai,Delhi,24-06-2022,28-06-2022,Vistara,UK-849,17:30,23:50,06h 20m,1-stop,19696,16,24-06-2022 16:00,Afternoon,4,380,Mumbai -> Delhi
5583,Mumbai,Delhi,24-06-2022,28-06-2022,Vistara,UK-521,11:55,18:20,06h 25m,1-stop,24001,16,24-06-2022 16:00,Afternoon,4,385,Mumbai -> Delhi
5586,Mumbai,Delhi,24-06-2022,29-06-2022,SpiceJet,SG-8152,07:20,09:35,02h 15m,non-stop,8568,11,24-06-2022 11:00,Morning,5,135,Mumbai -> Delhi
5587,Mumbai,Delhi,24-06-2022,29-06-2022,SpiceJet,SG-8702,16:00,18:20,02h 20m,non-stop,8568,6,24-06-2022 06:00,Morning,5,140,Mumbai -> Delhi
5588,Mumbai,Delhi,24-06-2022,29-06-2022,SpiceJet,SG- 712,00:35,03:00,02h 25m,non-stop,8568,2,24-06-2022 02:00,Night,5,145,Mumbai -> Delhi
5589,Mumbai,Delhi,24-06-2022,29-06-2022,SpiceJet,SG-8158,19:35,22:00,02h 25m,non-stop,8568,9,24-06-2022 09:00,Morning,5,145,Mumbai -> Delhi
5590,Mumbai,Delhi,24-06-2022,29-06-2022,GO FIRST,G8- 329,05:55,08:00,02h 05m,non-stop,8568,1,24-06-2022 01:00,Night,5,125,Mumbai -> Delhi
5591,Mumbai,Delhi,24-06-2022,29-06-2022,IndiGo,6E-5398,07:00,09:05,02h 05m,non-stop,8568,2,24-06-2022 02:00,Night,5,125,Mumbai -> Delhi
5592,Mumbai,Delhi,24-06-2022,29-06-2022,IndiGo,6E- 168,12:05,14:10,02h 05m,non-stop,8568,15,24-06-2022 15:00,Afternoon,5,125,Mumbai -> Delhi
5593,Mumbai,Delhi,24-06-2022,29-06-2022,GO FIRST,G8- 339,18:00,20:05,02h 05m,non-stop,8568,1,24-06-2022 01:00,Night,5,125,Mumbai -> Delhi
5594,Mumbai,Delhi,24-06-2022,29-06-2022,GO FIRST,G8- 330,00:10,02:20,02h 10m,non-stop,8568,23,24-06-2022 23:00,Night,5,130,Mumbai -> Delhi
5595,Mumbai,Delhi,24-06-2022,29-06-2022,IndiGo,6E-5332,06:05,08:15,02h 10m,non-stop,8568,9,24-06-2022 09:00,Morning,5,130,Mumbai -> Delhi
5596,Mumbai,Delhi,24-06-2022,29-06-2022,IndiGo,6E-2137,08:30,10:40,02h 10m,non-stop,8568,5,24-06-2022 05:00,Morning,5,130,Mumbai -> Delhi
5597,Mumbai,Delhi,24-06-2022,29-06-2022,GO FIRST,G8- 327,09:55,12:05,02h 10m,non-stop,8568,21,24-06-2022 21:00,Night,5,130,Mumbai -> Delhi
5598,Mumbai,Delhi,24-06-2022,29-06-2022,IndiGo,6E-6821,10:10,12:20,02h 10m,non-stop,8568,10,24-06-2022 10:00,Morning,5,130,Mumbai -> Delhi
5599,Mumbai,Delhi,24-06-2022,29-06-2022,IndiGo,6E- 248,23:30,01:40,02h 10m,non-stop,8568,22,24-06-2022 22:00,Night,5,130,Mumbai -> Delhi
5600,Mumbai,Delhi,24-06-2022,29-06-2022,IndiGo,6E-5341,07:45,10:00,02h 15m,non-stop,8568,6,24-06-2022 06:00,Morning,5,135,Mumbai -> Delhi
5601,Mumbai,Delhi,24-06-2022,29-06-2022,IndiGo,6E-2172,09:25,11:40,02h 15m,non-stop,8568,14,24-06-2022 14:00,Afternoon,5,135,Mumbai -> Delhi
5602,Mumbai,Delhi,24-06-2022,29-06-2022,IndiGo,6E-2012,15:55,18:10,02h 15m,non-stop,8568,5,24-06-2022 05:00,Morning,5,135,Mumbai -> Delhi
5603,Mumbai,Delhi,24-06-2022,29-06-2022,GO FIRST,G8- 391,16:45,19:00,02h 15m,non-stop,8568,19,24-06-2022 19:00,Evening,5,135,Mumbai -> Delhi
5604,Mumbai,Delhi,24-06-2022,29-06-2022,GO FIRST,G8- 341,21:20,23:35,02h 15m,non-stop,8568,8,24-06-2022 08:00,Morning,5,135,Mumbai -> Delhi
5605,Mumbai,Delhi,24-06-2022,29-06-2022,GO FIRST,G8- 345,22:30,00:50,02h 20m,non-stop,8568,21,24-06-2022 21:00,Night,5,140,Mumbai -> Delhi
5606,Mumbai,Delhi,24-06-2022,29-06-2022,Vistara,UK-954,06:00,08:05,02h 05m,non-stop,8566,19,24-06-2022 19:00,Evening,5,125,Mumbai -> Delhi
5607,Mumbai,Delhi,24-06-2022,29-06-2022,Vistara,UK-928,06:30,08:35,02h 05m,non-stop,8566,11,24-06-2022 11:00,Morning,5,125,Mumbai -> Delhi
5608,Mumbai,Delhi,24-06-2022,29-06-2022,Vistara,UK-952,12:25,14:30,02h 05m,non-stop,8566,18,24-06-2022 18:00,Evening,5,125,Mumbai -> Delhi
5609,Mumbai,Delhi,24-06-2022,29-06-2022,Vistara,UK-988,20:55,23:00,02h 05m,non-stop,8566,19,24-06-2022 19:00,Evening,5,125,Mumbai -> Delhi
5610,Mumbai,Delhi,24-06-2022,29-06-2022,Vistara,UK-930,07:30,09:40,02h 10m,non-stop,8566,2,24-06-2022 02:00,Night,5,130,Mumbai -> Delhi
5611,Mumbai,Delhi,24-06-2022,29-06-2022,Vistara,UK-960,11:55,14:05,02h 10m,non-stop,8566,14,24-06-2022 14:00,Afternoon,5,130,Mumbai -> Delhi
5612,Mumbai,Delhi,24-06-2022,29-06-2022,Vistara,UK-910,17:35,19:45,02h 10m,non-stop,8566,1,24-06-2022 01:00,Night,5,130,Mumbai -> Delhi
5613,Mumbai,Delhi,24-06-2022,29-06-2022,Vistara,UK-940,19:45,21:55,02h 10m,non-stop,8566,20,24-06-2022 20:00,Evening,5,130,Mumbai -> Delhi
5614,Mumbai,Delhi,24-06-2022,29-06-2022,Vistara,UK-986,22:45,00:55,02h 10m,non-stop,8566,1,24-06-2022 01:00,Night,5,130,Mumbai -> Delhi
5615,Mumbai,Delhi,24-06-2022,29-06-2022,Vistara,UK-970,08:45,11:00,02h 15m,non-stop,8566,21,24-06-2022 21:00,Night,5,135,Mumbai -> Delhi
5616,Mumbai,Delhi,24-06-2022,29-06-2022,Vistara,UK-994,10:25,12:40,02h 15m,non-stop,8566,2,24-06-2022 02:00,Night,5,135,Mumbai -> Delhi
5617,Mumbai,Delhi,24-06-2022,29-06-2022,Vistara,UK-944,14:40,16:55,02h 15m,non-stop,8566,5,24-06-2022 05:00,Morning,5,135,Mumbai -> Delhi
5618,Mumbai,Delhi,24-06-2022,29-06-2022,Vistara,UK-950,21:55,00:10,02h 15m,non-stop,8566,14,24-06-2022 14:00,Afternoon,5,135,Mumbai -> Delhi
5619,Mumbai,Delhi,24-06-2022,29-06-2022,Vistara,UK-902,15:45,18:05,02h 20m,non-stop,8566,9,24-06-2022 09:00,Morning,5,140,Mumbai -> Delhi
5620,Mumbai,Delhi,24-06-2022,29-06-2022,Vistara,UK-919,22:35,08:20,09h 45m,1-stop,8702,8,24-06-2022 08:00,Morning,5,585,Mumbai -> Delhi
5621,Mumbai,Delhi,24-06-2022,29-06-2022,Vistara,UK-949,20:00,08:20,12h 20m,1-stop,8702,0,24-06-2022 00:00,Night,5,740,Mumbai -> Delhi
5622,Mumbai,Delhi,24-06-2022,29-06-2022,IndiGo,6E- 993,14:35,16:35,02h 00m,non-stop,8568,15,24-06-2022 15:00,Afternoon,5,120,Mumbai -> Delhi
5623,Mumbai,Delhi,24-06-2022,29-06-2022,IndiGo,6E-2113,18:35,20:45,02h 10m,non-stop,8568,5,24-06-2022 05:00,Morning,5,130,Mumbai -> Delhi
5624,Mumbai,Delhi,24-06-2022,29-06-2022,IndiGo,6E- 439,19:30,21:40,02h 10m,non-stop,8568,8,24-06-2022 08:00,Morning,5,130,Mumbai -> Delhi
5625,Mumbai,Delhi,24-06-2022,29-06-2022,IndiGo,6E-2103,17:10,19:25,02h 15m,non-stop,8568,3,24-06-2022 03:00,Night,5,135,Mumbai -> Delhi
5626,Mumbai,Delhi,24-06-2022,29-06-2022,IndiGo,6E-2518,20:35,22:55,02h 20m,non-stop,8568,1,24-06-2022 01:00,Night,5,140,Mumbai -> Delhi
5627,Mumbai,Delhi,24-06-2022,29-06-2022,Air Asia,I5-678,15:25,01:00,09h 35m,1-stop,8567,3,24-06-2022 03:00,Night,5,575,Mumbai -> Delhi
5628,Mumbai,Delhi,24-06-2022,29-06-2022,GO FIRST,G8-3184,04:30,10:35,06h 05m,1-stop,8568,0,24-06-2022 00:00,Night,5,365,Mumbai -> Delhi
5629,Mumbai,Delhi,24-06-2022,29-06-2022,GO FIRST,G8-3184,04:30,11:10,06h 40m,1-stop,8568,18,24-06-2022 18:00,Evening,5,400,Mumbai -> Delhi
5630,Mumbai,Delhi,24-06-2022,29-06-2022,GO FIRST,G8-3184,04:30,13:10,08h 40m,1-stop,8568,9,24-06-2022 09:00,Morning,5,520,Mumbai -> Delhi
5631,Mumbai,Delhi,24-06-2022,29-06-2022,GO FIRST,G8- 331,11:30,20:10,08h 40m,1-stop,8568,20,24-06-2022 20:00,Evening,5,520,Mumbai -> Delhi
5632,Mumbai,Delhi,24-06-2022,29-06-2022,GO FIRST,G8-3184,04:30,14:40,10h 10m,1-stop,8568,14,24-06-2022 14:00,Afternoon,5,610,Mumbai -> Delhi
5633,Mumbai,Delhi,24-06-2022,29-06-2022,GO FIRST,G8-3184,04:30,16:15,11h 45m,1-stop,8568,21,24-06-2022 21:00,Night,5,705,Mumbai -> Delhi
5634,Mumbai,Delhi,24-06-2022,29-06-2022,GO FIRST,G8- 398,20:10,08:40,12h 30m,1-stop,8568,18,24-06-2022 18:00,Evening,5,750,Mumbai -> Delhi
5635,Mumbai,Delhi,24-06-2022,29-06-2022,GO FIRST,G8- 351,11:00,23:35,12h 35m,1-stop,8568,15,24-06-2022 15:00,Afternoon,5,755,Mumbai -> Delhi
5636,Mumbai,Delhi,24-06-2022,29-06-2022,GO FIRST,G8- 317,06:00,20:10,14h 10m,2+-stop,8568,20,24-06-2022 20:00,Evening,5,850,Mumbai -> Delhi
5637,Mumbai,Delhi,24-06-2022,29-06-2022,GO FIRST,G8-3184,04:30,19:25,14h 55m,1-stop,8568,23,24-06-2022 23:00,Night,5,895,Mumbai -> Delhi
5638,Mumbai,Delhi,24-06-2022,29-06-2022,GO FIRST,G8- 344,19:05,10:00,14h 55m,1-stop,8568,21,24-06-2022 21:00,Night,5,895,Mumbai -> Delhi
5639,Mumbai,Delhi,24-06-2022,29-06-2022,GO FIRST,G8- 575,05:00,20:10,15h 10m,1-stop,8568,3,24-06-2022 03:00,Night,5,910,Mumbai -> Delhi
5640,Mumbai,Delhi,24-06-2022,29-06-2022,GO FIRST,G8-3184,04:30,20:15,15h 45m,1-stop,8568,1,24-06-2022 01:00,Night,5,945,Mumbai -> Delhi
5641,Mumbai,Delhi,24-06-2022,29-06-2022,Vistara,UK-939,06:35,22:10,15h 35m,1-stop,8702,12,24-06-2022 12:00,Afternoon,5,935,Mumbai -> Delhi
5642,Mumbai,Delhi,24-06-2022,29-06-2022,Vistara,UK-939,06:35,08:20,25h 45m,1-stop,8702,0,24-06-2022 00:00,Night,5,1545,Mumbai -> Delhi
5672,Mumbai,Delhi,24-06-2022,29-06-2022,IndiGo,6E- 802,16:55,20:55,04h 00m,1-stop,8883,16,24-06-2022 16:00,Afternoon,5,240,Mumbai -> Delhi
5673,Mumbai,Delhi,24-06-2022,29-06-2022,IndiGo,6E-6993,18:55,23:15,04h 20m,1-stop,8883,12,24-06-2022 12:00,Afternoon,5,260,Mumbai -> Delhi
5674,Mumbai,Delhi,24-06-2022,29-06-2022,IndiGo,6E-6735,17:45,22:40,04h 55m,1-stop,8883,3,24-06-2022 03:00,Night,5,295,Mumbai -> Delhi
5675,Mumbai,Delhi,24-06-2022,29-06-2022,IndiGo,6E-6515,16:50,21:55,05h 05m,1-stop,8883,6,24-06-2022 06:00,Morning,5,305,Mumbai -> Delhi
5676,Mumbai,Delhi,24-06-2022,29-06-2022,IndiGo,6E-5293,00:35,05:50,05h 15m,1-stop,8883,16,24-06-2022 16:00,Afternoon,5,315,Mumbai -> Delhi
5677,Mumbai,Delhi,24-06-2022,29-06-2022,IndiGo,6E-5334,09:40,15:10,05h 30m,1-stop,8883,8,24-06-2022 08:00,Morning,5,330,Mumbai -> Delhi
5678,Mumbai,Delhi,24-06-2022,29-06-2022,IndiGo,6E- 843,15:00,21:15,06h 15m,1-stop,8883,3,24-06-2022 03:00,Night,5,375,Mumbai -> Delhi
5679,Mumbai,Delhi,24-06-2022,29-06-2022,IndiGo,6E- 802,16:55,23:15,06h 20m,1-stop,8883,18,24-06-2022 18:00,Evening,5,380,Mumbai -> Delhi
5680,Mumbai,Delhi,24-06-2022,29-06-2022,IndiGo,6E- 164,07:15,13:45,06h 30m,1-stop,8883,0,24-06-2022 00:00,Night,5,390,Mumbai -> Delhi
5681,Mumbai,Delhi,24-06-2022,29-06-2022,IndiGo,6E-6515,16:50,23:25,06h 35m,1-stop,8883,9,24-06-2022 09:00,Morning,5,395,Mumbai -> Delhi
5682,Mumbai,Delhi,24-06-2022,29-06-2022,IndiGo,6E-5378,18:15,01:00,06h 45m,1-stop,8883,3,24-06-2022 03:00,Night,5,405,Mumbai -> Delhi
5683,Mumbai,Delhi,24-06-2022,29-06-2022,IndiGo,6E-5293,00:35,07:30,06h 55m,1-stop,8883,8,24-06-2022 08:00,Morning,5,415,Mumbai -> Delhi
5684,Mumbai,Delhi,24-06-2022,29-06-2022,IndiGo,6E-5247,08:00,15:20,07h 20m,1-stop,8883,12,24-06-2022 12:00,Afternoon,5,440,Mumbai -> Delhi
5685,Mumbai,Delhi,24-06-2022,29-06-2022,IndiGo,6E-5334,09:40,17:05,07h 25m,1-stop,8883,13,24-06-2022 13:00,Afternoon,5,445,Mumbai -> Delhi
5686,Mumbai,Delhi,24-06-2022,29-06-2022,IndiGo,6E-6045,21:30,05:50,08h 20m,1-stop,8883,9,24-06-2022 09:00,Morning,5,500,Mumbai -> Delhi
5687,Mumbai,Delhi,24-06-2022,29-06-2022,IndiGo,6E-2047,09:25,18:05,08h 40m,1-stop,8883,5,24-06-2022 05:00,Morning,5,520,Mumbai -> Delhi
5688,Mumbai,Delhi,24-06-2022,29-06-2022,IndiGo,6E- 624,22:55,07:40,08h 45m,1-stop,8883,15,24-06-2022 15:00,Afternoon,5,525,Mumbai -> Delhi
5689,Mumbai,Delhi,24-06-2022,29-06-2022,IndiGo,6E-5293,00:35,09:25,08h 50m,1-stop,8883,5,24-06-2022 05:00,Morning,5,530,Mumbai -> Delhi
5690,Mumbai,Delhi,24-06-2022,29-06-2022,IndiGo,6E- 843,15:00,00:05,09h 05m,1-stop,8883,16,24-06-2022 16:00,Afternoon,5,545,Mumbai -> Delhi
5691,Mumbai,Delhi,24-06-2022,29-06-2022,IndiGo,6E-5301,07:50,17:15,09h 25m,1-stop,8883,9,24-06-2022 09:00,Morning,5,565,Mumbai -> Delhi
5692,Mumbai,Delhi,24-06-2022,29-06-2022,IndiGo,6E-5268,12:30,21:55,09h 25m,1-stop,8883,17,24-06-2022 17:00,Evening,5,565,Mumbai -> Delhi
5693,Mumbai,Delhi,24-06-2022,29-06-2022,IndiGo,6E-6045,21:30,07:30,10h 00m,1-stop,8883,21,24-06-2022 21:00,Night,5,600,Mumbai -> Delhi
5694,Mumbai,Delhi,24-06-2022,29-06-2022,IndiGo,6E-6993,18:55,05:50,10h 55m,1-stop,8883,17,24-06-2022 17:00,Evening,5,655,Mumbai -> Delhi
5695,Mumbai,Delhi,24-06-2022,29-06-2022,Vistara,UK-939,06:35,10:25,03h 50m,1-stop,9020,2,24-06-2022 02:00,Night,5,230,Mumbai -> Delhi
5696,Mumbai,Delhi,24-06-2022,29-06-2022,Vistara,UK-919,22:35,10:25,11h 50m,1-stop,9020,19,24-06-2022 19:00,Evening,5,710,Mumbai -> Delhi
5697,Mumbai,Delhi,24-06-2022,29-06-2022,Vistara,UK-949,20:00,10:25,14h 25m,1-stop,9020,20,24-06-2022 20:00,Evening,5,865,Mumbai -> Delhi
5698,Mumbai,Delhi,24-06-2022,29-06-2022,GO FIRST,G8- 510,19:25,08:20,12h 55m,1-stop,9075,14,24-06-2022 14:00,Afternoon,5,775,Mumbai -> Delhi
5699,Mumbai,Delhi,24-06-2022,29-06-2022,Vistara,UK-996,18:30,20:40,02h 10m,non-stop,9303,14,24-06-2022 14:00,Afternoon,5,130,Mumbai -> Delhi
5700,Mumbai,Delhi,24-06-2022,29-06-2022,Vistara,UK-919,22:35,22:10,23h 35m,1-stop,9440,3,24-06-2022 03:00,Night,5,1415,Mumbai -> Delhi
5701,Mumbai,Delhi,24-06-2022,29-06-2022,Vistara,UK-949,20:00,22:10,26h 10m,1-stop,9440,8,24-06-2022 08:00,Morning,5,1570,Mumbai -> Delhi
5702,Mumbai,Delhi,24-06-2022,29-06-2022,IndiGo,6E- 814,12:15,16:45,04h 30m,1-stop,10511,18,24-06-2022 18:00,Evening,5,270,Mumbai -> Delhi
5703,Mumbai,Delhi,24-06-2022,29-06-2022,GO FIRST,G8- 363,22:30,09:40,11h 10m,1-stop,12531,23,24-06-2022 23:00,Night,5,670,Mumbai -> Delhi
5704,Mumbai,Delhi,24-06-2022,29-06-2022,GO FIRST,G8- 364,20:30,09:40,13h 10m,1-stop,12531,16,24-06-2022 16:00,Afternoon,5,790,Mumbai -> Delhi
5705,Mumbai,Delhi,24-06-2022,29-06-2022,Vistara,UK-507,12:45,21:35,08h 50m,1-stop,12659,10,24-06-2022 10:00,Morning,5,530,Mumbai -> Delhi
5706,Mumbai,Delhi,24-06-2022,29-06-2022,Vistara,UK-507,12:45,09:35,20h 50m,1-stop,12659,8,24-06-2022 08:00,Morning,5,1250,Mumbai -> Delhi
5707,Mumbai,Delhi,24-06-2022,29-06-2022,Vistara,UK-653,06:00,19:50,13h 50m,1-stop,13604,9,24-06-2022 09:00,Morning,5,830,Mumbai -> Delhi
5708,Mumbai,Delhi,24-06-2022,29-06-2022,Vistara,UK-651,17:00,19:50,26h 50m,1-stop,13604,17,24-06-2022 17:00,Evening,5,1610,Mumbai -> Delhi
5710,Mumbai,Delhi,24-06-2022,29-06-2022,Vistara,UK-877,10:45,15:35,04h 50m,1-stop,14129,19,24-06-2022 19:00,Evening,5,290,Mumbai -> Delhi
5711,Mumbai,Delhi,24-06-2022,29-06-2022,Vistara,UK-877,10:45,19:55,09h 10m,1-stop,14129,12,24-06-2022 12:00,Afternoon,5,550,Mumbai -> Delhi
5713,Mumbai,Delhi,24-06-2022,29-06-2022,Vistara,UK-651,17:00,16:30,23h 30m,1-stop,13921,7,24-06-2022 07:00,Morning,5,1410,Mumbai -> Delhi
5714,Mumbai,Delhi,24-06-2022,29-06-2022,Vistara,UK-613,12:15,16:45,04h 30m,1-stop,13923,6,24-06-2022 06:00,Morning,5,270,Mumbai -> Delhi
5715,Mumbai,Delhi,24-06-2022,29-06-2022,Vistara,UK-873,06:20,15:35,09h 15m,1-stop,14129,16,24-06-2022 16:00,Afternoon,5,555,Mumbai -> Delhi
5716,Mumbai,Delhi,24-06-2022,29-06-2022,Vistara,UK-869,21:20,09:00,11h 40m,1-stop,14129,20,24-06-2022 20:00,Evening,5,700,Mumbai -> Delhi
5717,Mumbai,Delhi,24-06-2022,29-06-2022,Vistara,UK-873,06:20,19:55,13h 35m,1-stop,14129,22,24-06-2022 22:00,Night,5,815,Mumbai -> Delhi
5718,Mumbai,Delhi,24-06-2022,29-06-2022,Vistara,UK-803,19:20,09:00,13h 40m,1-stop,14129,14,24-06-2022 14:00,Afternoon,5,820,Mumbai -> Delhi
5719,Mumbai,Delhi,24-06-2022,29-06-2022,Vistara,UK-687,17:00,09:00,16h 00m,1-stop,14129,19,24-06-2022 19:00,Evening,5,960,Mumbai -> Delhi
5720,Mumbai,Delhi,24-06-2022,29-06-2022,Vistara,UK-877,10:45,09:00,22h 15m,1-stop,14129,14,24-06-2022 14:00,Afternoon,5,1335,Mumbai -> Delhi
5721,Mumbai,Delhi,24-06-2022,29-06-2022,Vistara,UK-869,21:20,19:55,22h 35m,1-stop,14129,0,24-06-2022 00:00,Night,5,1355,Mumbai -> Delhi
5722,Mumbai,Delhi,24-06-2022,29-06-2022,Vistara,UK-803,19:20,19:55,24h 35m,1-stop,14129,13,24-06-2022 13:00,Afternoon,5,1475,Mumbai -> Delhi
5723,Mumbai,Delhi,24-06-2022,29-06-2022,Vistara,UK-653,06:00,16:30,10h 30m,1-stop,14236,4,24-06-2022 04:00,Night,5,630,Mumbai -> Delhi
5724,Mumbai,Delhi,24-06-2022,29-06-2022,Vistara,UK-852,12:10,16:20,04h 10m,1-stop,14308,10,24-06-2022 10:00,Morning,5,250,Mumbai -> Delhi
5725,Mumbai,Delhi,24-06-2022,29-06-2022,GO FIRST,G8- 383,15:40,00:15,08h 35m,1-stop,16023,15,24-06-2022 15:00,Afternoon,5,515,Mumbai -> Delhi
5728,Mumbai,Delhi,24-06-2022,29-06-2022,Vistara,UK-687,17:00,22:45,05h 45m,1-stop,14446,1,24-06-2022 01:00,Night,5,345,Mumbai -> Delhi
5730,Mumbai,Delhi,24-06-2022,29-06-2022,Vistara,UK-873,06:20,12:30,06h 10m,1-stop,14866,7,24-06-2022 07:00,Morning,5,370,Mumbai -> Delhi
5731,Mumbai,Delhi,24-06-2022,29-06-2022,Vistara,UK-545,18:20,11:55,17h 35m,1-stop,16754,10,24-06-2022 10:00,Morning,5,1055,Mumbai -> Delhi
5737,Mumbai,Delhi,24-06-2022,29-06-2022,Vistara,UK-621,13:20,17:00,27h 40m,1-stop,15284,17,24-06-2022 17:00,Evening,5,1660,Mumbai -> Delhi
5739,Mumbai,Delhi,24-06-2022,29-06-2022,Vistara,UK-823,17:50,23:55,06h 05m,1-stop,17594,2,24-06-2022 02:00,Night,5,365,Mumbai -> Delhi
5747,Mumbai,Delhi,24-06-2022,29-06-2022,Vistara,UK-851,07:00,12:40,05h 40m,1-stop,16861,0,24-06-2022 00:00,Night,5,340,Mumbai -> Delhi
5748,Mumbai,Delhi,24-06-2022,29-06-2022,Vistara,UK-845,06:00,12:40,06h 40m,1-stop,16861,10,24-06-2022 10:00,Morning,5,400,Mumbai -> Delhi
5755,Mumbai,Delhi,24-06-2022,29-06-2022,Vistara,UK-647,10:25,15:20,04h 55m,1-stop,17596,15,24-06-2022 15:00,Afternoon,5,295,Mumbai -> Delhi
5763,Mumbai,Delhi,24-06-2022,29-06-2022,Vistara,UK-523,16:30,22:25,05h 55m,1-stop,17911,17,24-06-2022 17:00,Evening,5,355,Mumbai -> Delhi
5764,Mumbai,Delhi,24-06-2022,29-06-2022,Vistara,UK-853,16:00,22:25,06h 25m,1-stop,17911,15,24-06-2022 15:00,Afternoon,5,385,Mumbai -> Delhi
5765,Mumbai,Delhi,24-06-2022,29-06-2022,Vistara,UK-841,11:25,17:05,05h 40m,1-stop,17913,22,24-06-2022 22:00,Night,5,340,Mumbai -> Delhi
5766,Mumbai,Delhi,24-06-2022,29-06-2022,Vistara,UK-821,06:45,13:25,06h 40m,1-stop,18331,9,24-06-2022 09:00,Morning,5,400,Mumbai -> Delhi
5767,Mumbai,Delhi,24-06-2022,29-06-2022,Vistara,UK-775,14:05,21:10,07h 05m,1-stop,18331,17,24-06-2022 17:00,Evening,5,425,Mumbai -> Delhi
5768,Mumbai,Delhi,24-06-2022,29-06-2022,Vistara,UK-851,07:00,14:20,07h 20m,1-stop,18646,5,24-06-2022 05:00,Morning,5,440,Mumbai -> Delhi
5769,Mumbai,Delhi,24-06-2022,29-06-2022,Vistara,UK-863,09:05,14:20,05h 15m,1-stop,18963,18,24-06-2022 18:00,Evening,5,315,Mumbai -> Delhi
5770,Mumbai,Delhi,24-06-2022,29-06-2022,Vistara,UK-647,10:25,17:00,06h 35m,1-stop,19591,3,24-06-2022 03:00,Night,5,395,Mumbai -> Delhi
5771,Mumbai,Delhi,24-06-2022,29-06-2022,Vistara,UK-853,16:00,21:30,05h 30m,1-stop,19696,12,24-06-2022 12:00,Afternoon,5,330,Mumbai -> Delhi
5772,Mumbai,Delhi,24-06-2022,29-06-2022,Vistara,UK-521,11:55,18:20,06h 25m,1-stop,21271,23,24-06-2022 23:00,Night,5,385,Mumbai -> Delhi
5775,Mumbai,Delhi,24-06-2022,29-06-2022,Air Asia,I5-631,07:50,19:55,12h 05m,1-stop,23589,13,24-06-2022 13:00,Afternoon,5,725,Mumbai -> Delhi
5777,Mumbai,Delhi,24-06-2022,29-06-2022,Vistara,UK-849,17:30,23:50,06h 20m,1-stop,27046,2,24-06-2022 02:00,Night,5,380,Mumbai -> Delhi
5780,Mumbai,Delhi,24-06-2022,30-06-2022,SpiceJet,SG-8152,07:20,09:35,02h 15m,non-stop,8568,9,24-06-2022 09:00,Morning,6,135,Mumbai -> Delhi
5781,Mumbai,Delhi,24-06-2022,30-06-2022,SpiceJet,SG-8702,16:00,18:20,02h 20m,non-stop,8568,5,24-06-2022 05:00,Morning,6,140,Mumbai -> Delhi
5782,Mumbai,Delhi,24-06-2022,30-06-2022,SpiceJet,SG- 712,00:35,03:00,02h 25m,non-stop,8568,0,24-06-2022 00:00,Night,6,145,Mumbai -> Delhi
5783,Mumbai,Delhi,24-06-2022,30-06-2022,SpiceJet,SG-8158,19:35,22:00,02h 25m,non-stop,8568,22,24-06-2022 22:00,Night,6,145,Mumbai -> Delhi
5784,Mumbai,Delhi,24-06-2022,30-06-2022,GO FIRST,G8- 329,05:55,08:00,02h 05m,non-stop,8568,23,24-06-2022 23:00,Night,6,125,Mumbai -> Delhi
5785,Mumbai,Delhi,24-06-2022,30-06-2022,IndiGo,6E-5398,07:00,09:05,02h 05m,non-stop,8568,13,24-06-2022 13:00,Afternoon,6,125,Mumbai -> Delhi
5786,Mumbai,Delhi,24-06-2022,30-06-2022,IndiGo,6E- 168,12:05,14:10,02h 05m,non-stop,8568,7,24-06-2022 07:00,Morning,6,125,Mumbai -> Delhi
5787,Mumbai,Delhi,24-06-2022,30-06-2022,GO FIRST,G8- 330,00:10,02:20,02h 10m,non-stop,8568,18,24-06-2022 18:00,Evening,6,130,Mumbai -> Delhi
5788,Mumbai,Delhi,24-06-2022,30-06-2022,IndiGo,6E-5332,06:05,08:15,02h 10m,non-stop,8568,13,24-06-2022 13:00,Afternoon,6,130,Mumbai -> Delhi
5789,Mumbai,Delhi,24-06-2022,30-06-2022,IndiGo,6E-2137,08:30,10:40,02h 10m,non-stop,8568,9,24-06-2022 09:00,Morning,6,130,Mumbai -> Delhi
5790,Mumbai,Delhi,24-06-2022,30-06-2022,GO FIRST,G8- 327,09:55,12:05,02h 10m,non-stop,8568,16,24-06-2022 16:00,Afternoon,6,130,Mumbai -> Delhi
5791,Mumbai,Delhi,24-06-2022,30-06-2022,IndiGo,6E-6821,10:10,12:20,02h 10m,non-stop,8568,8,24-06-2022 08:00,Morning,6,130,Mumbai -> Delhi
5792,Mumbai,Delhi,24-06-2022,30-06-2022,GO FIRST,G8- 319,11:00,13:10,02h 10m,non-stop,8568,5,24-06-2022 05:00,Morning,6,130,Mumbai -> Delhi
5793,Mumbai,Delhi,24-06-2022,30-06-2022,IndiGo,6E- 248,23:30,01:40,02h 10m,non-stop,8568,10,24-06-2022 10:00,Morning,6,130,Mumbai -> Delhi
5794,Mumbai,Delhi,24-06-2022,30-06-2022,IndiGo,6E-5341,07:45,10:00,02h 15m,non-stop,8568,6,24-06-2022 06:00,Morning,6,135,Mumbai -> Delhi
5795,Mumbai,Delhi,24-06-2022,30-06-2022,IndiGo,6E-2172,09:25,11:40,02h 15m,non-stop,8568,16,24-06-2022 16:00,Afternoon,6,135,Mumbai -> Delhi
5796,Mumbai,Delhi,24-06-2022,30-06-2022,IndiGo,6E-2012,15:55,18:10,02h 15m,non-stop,8568,0,24-06-2022 00:00,Night,6,135,Mumbai -> Delhi
5797,Mumbai,Delhi,24-06-2022,30-06-2022,GO FIRST,G8- 341,21:20,23:35,02h 15m,non-stop,8568,21,24-06-2022 21:00,Night,6,135,Mumbai -> Delhi
5798,Mumbai,Delhi,24-06-2022,30-06-2022,GO FIRST,G8- 345,22:30,00:50,02h 20m,non-stop,8568,4,24-06-2022 04:00,Night,6,140,Mumbai -> Delhi
5799,Mumbai,Delhi,24-06-2022,30-06-2022,Vistara,UK-954,06:00,08:05,02h 05m,non-stop,8566,8,24-06-2022 08:00,Morning,6,125,Mumbai -> Delhi
5800,Mumbai,Delhi,24-06-2022,30-06-2022,Vistara,UK-928,06:30,08:35,02h 05m,non-stop,8566,17,24-06-2022 17:00,Evening,6,125,Mumbai -> Delhi
5801,Mumbai,Delhi,24-06-2022,30-06-2022,Vistara,UK-952,12:25,14:30,02h 05m,non-stop,8566,23,24-06-2022 23:00,Night,6,125,Mumbai -> Delhi
5802,Mumbai,Delhi,24-06-2022,30-06-2022,Vistara,UK-988,20:55,23:00,02h 05m,non-stop,8566,20,24-06-2022 20:00,Evening,6,125,Mumbai -> Delhi
5803,Mumbai,Delhi,24-06-2022,30-06-2022,Vistara,UK-930,07:30,09:40,02h 10m,non-stop,8566,1,24-06-2022 01:00,Night,6,130,Mumbai -> Delhi
5804,Mumbai,Delhi,24-06-2022,30-06-2022,Vistara,UK-960,11:55,14:05,02h 10m,non-stop,8566,10,24-06-2022 10:00,Morning,6,130,Mumbai -> Delhi
5805,Mumbai,Delhi,24-06-2022,30-06-2022,Vistara,UK-910,17:35,19:45,02h 10m,non-stop,8566,5,24-06-2022 05:00,Morning,6,130,Mumbai -> Delhi
5806,Mumbai,Delhi,24-06-2022,30-06-2022,Vistara,UK-986,22:45,00:55,02h 10m,non-stop,8566,7,24-06-2022 07:00,Morning,6,130,Mumbai -> Delhi
5807,Mumbai,Delhi,24-06-2022,30-06-2022,Vistara,UK-970,08:45,11:00,02h 15m,non-stop,8566,3,24-06-2022 03:00,Night,6,135,Mumbai -> Delhi
5808,Mumbai,Delhi,24-06-2022,30-06-2022,Vistara,UK-994,10:25,12:40,02h 15m,non-stop,8566,17,24-06-2022 17:00,Evening,6,135,Mumbai -> Delhi
5809,Mumbai,Delhi,24-06-2022,30-06-2022,Vistara,UK-944,14:40,16:55,02h 15m,non-stop,8566,10,24-06-2022 10:00,Morning,6,135,Mumbai -> Delhi
5810,Mumbai,Delhi,24-06-2022,30-06-2022,Vistara,UK-950,21:55,00:10,02h 15m,non-stop,8566,4,24-06-2022 04:00,Night,6,135,Mumbai -> Delhi
5811,Mumbai,Delhi,24-06-2022,30-06-2022,Vistara,UK-902,15:45,18:05,02h 20m,non-stop,8566,14,24-06-2022 14:00,Afternoon,6,140,Mumbai -> Delhi
5812,Mumbai,Delhi,24-06-2022,30-06-2022,Vistara,UK-919,22:35,08:20,09h 45m,1-stop,8702,17,24-06-2022 17:00,Evening,6,585,Mumbai -> Delhi
5813,Mumbai,Delhi,24-06-2022,30-06-2022,Vistara,UK-949,20:00,08:20,12h 20m,1-stop,8702,1,24-06-2022 01:00,Night,6,740,Mumbai -> Delhi
5814,Mumbai,Delhi,24-06-2022,30-06-2022,GO FIRST,G8- 391,16:45,19:00,02h 15m,non-stop,8568,21,24-06-2022 21:00,Night,6,135,Mumbai -> Delhi
5815,Mumbai,Delhi,24-06-2022,30-06-2022,IndiGo,6E- 993,14:35,16:35,02h 00m,non-stop,8568,10,24-06-2022 10:00,Morning,6,120,Mumbai -> Delhi
5816,Mumbai,Delhi,24-06-2022,30-06-2022,IndiGo,6E-2113,18:35,20:45,02h 10m,non-stop,8568,12,24-06-2022 12:00,Afternoon,6,130,Mumbai -> Delhi
5817,Mumbai,Delhi,24-06-2022,30-06-2022,IndiGo,6E- 439,19:30,21:40,02h 10m,non-stop,8568,3,24-06-2022 03:00,Night,6,130,Mumbai -> Delhi
5818,Mumbai,Delhi,24-06-2022,30-06-2022,IndiGo,6E-2103,17:10,19:25,02h 15m,non-stop,8568,21,24-06-2022 21:00,Night,6,135,Mumbai -> Delhi
5819,Mumbai,Delhi,24-06-2022,30-06-2022,IndiGo,6E-2518,20:35,22:55,02h 20m,non-stop,8568,6,24-06-2022 06:00,Morning,6,140,Mumbai -> Delhi
5820,Mumbai,Delhi,24-06-2022,30-06-2022,Air Asia,I5-678,15:25,01:00,09h 35m,1-stop,8567,10,24-06-2022 10:00,Morning,6,575,Mumbai -> Delhi
5821,Mumbai,Delhi,24-06-2022,30-06-2022,GO FIRST,G8- 287,10:50,16:15,05h 25m,1-stop,8568,21,24-06-2022 21:00,Night,6,325,Mumbai -> Delhi
5822,Mumbai,Delhi,24-06-2022,30-06-2022,GO FIRST,G8-3184,04:30,10:35,06h 05m,1-stop,8568,23,24-06-2022 23:00,Night,6,365,Mumbai -> Delhi
5823,Mumbai,Delhi,24-06-2022,30-06-2022,GO FIRST,G8-3184,04:30,11:10,06h 40m,1-stop,8568,3,24-06-2022 03:00,Night,6,400,Mumbai -> Delhi
5824,Mumbai,Delhi,24-06-2022,30-06-2022,GO FIRST,G8- 287,10:50,19:25,08h 35m,1-stop,8568,14,24-06-2022 14:00,Afternoon,6,515,Mumbai -> Delhi
5825,Mumbai,Delhi,24-06-2022,30-06-2022,GO FIRST,G8-3184,04:30,13:10,08h 40m,1-stop,8568,0,24-06-2022 00:00,Night,6,520,Mumbai -> Delhi
5826,Mumbai,Delhi,24-06-2022,30-06-2022,GO FIRST,G8- 287,10:50,19:45,08h 55m,1-stop,8568,22,24-06-2022 22:00,Night,6,535,Mumbai -> Delhi
5827,Mumbai,Delhi,24-06-2022,30-06-2022,GO FIRST,G8- 287,10:50,19:45,08h 55m,1-stop,8568,2,24-06-2022 02:00,Night,6,535,Mumbai -> Delhi
5828,Mumbai,Delhi,24-06-2022,30-06-2022,GO FIRST,G8- 287,10:50,20:15,09h 25m,1-stop,8568,13,24-06-2022 13:00,Afternoon,6,565,Mumbai -> Delhi
5829,Mumbai,Delhi,24-06-2022,30-06-2022,GO FIRST,G8- 520,21:50,08:05,10h 15m,1-stop,8568,5,24-06-2022 05:00,Morning,6,615,Mumbai -> Delhi
5830,Mumbai,Delhi,24-06-2022,30-06-2022,GO FIRST,G8- 287,10:50,21:10,10h 20m,1-stop,8568,17,24-06-2022 17:00,Evening,6,620,Mumbai -> Delhi
5831,Mumbai,Delhi,24-06-2022,30-06-2022,GO FIRST,G8- 363,22:30,09:00,10h 30m,1-stop,8568,0,24-06-2022 00:00,Night,6,630,Mumbai -> Delhi
5832,Mumbai,Delhi,24-06-2022,30-06-2022,GO FIRST,G8- 287,10:50,22:20,11h 30m,1-stop,8568,5,24-06-2022 05:00,Morning,6,690,Mumbai -> Delhi
5833,Mumbai,Delhi,24-06-2022,30-06-2022,GO FIRST,G8- 364,20:30,09:00,12h 30m,1-stop,8568,5,24-06-2022 05:00,Morning,6,750,Mumbai -> Delhi
5834,Mumbai,Delhi,24-06-2022,30-06-2022,GO FIRST,G8- 351,10:35,23:35,13h 00m,1-stop,8568,20,24-06-2022 20:00,Evening,6,780,Mumbai -> Delhi
5835,Mumbai,Delhi,24-06-2022,30-06-2022,GO FIRST,G8- 317,06:00,20:10,14h 10m,2+-stop,8568,15,24-06-2022 15:00,Afternoon,6,850,Mumbai -> Delhi
5836,Mumbai,Delhi,24-06-2022,30-06-2022,GO FIRST,G8-3184,04:30,19:25,14h 55m,1-stop,8568,4,24-06-2022 04:00,Night,6,895,Mumbai -> Delhi
5837,Mumbai,Delhi,24-06-2022,30-06-2022,GO FIRST,G8- 575,05:00,20:10,15h 10m,1-stop,8568,16,24-06-2022 16:00,Afternoon,6,910,Mumbai -> Delhi
5838,Mumbai,Delhi,24-06-2022,30-06-2022,GO FIRST,G8-3184,04:30,19:45,15h 15m,1-stop,8568,9,24-06-2022 09:00,Morning,6,915,Mumbai -> Delhi
5839,Mumbai,Delhi,24-06-2022,30-06-2022,Vistara,UK-919,22:35,22:10,23h 35m,1-stop,8702,20,24-06-2022 20:00,Evening,6,1415,Mumbai -> Delhi
5840,Mumbai,Delhi,24-06-2022,30-06-2022,Vistara,UK-939,06:35,08:20,25h 45m,1-stop,8702,17,24-06-2022 17:00,Evening,6,1545,Mumbai -> Delhi
5841,Mumbai,Delhi,24-06-2022,30-06-2022,Vistara,UK-949,20:00,22:10,26h 10m,1-stop,8702,6,24-06-2022 06:00,Morning,6,1570,Mumbai -> Delhi
5869,Mumbai,Delhi,24-06-2022,30-06-2022,IndiGo,6E- 802,16:55,20:55,04h 00m,1-stop,8883,2,24-06-2022 02:00,Night,6,240,Mumbai -> Delhi
5870,Mumbai,Delhi,24-06-2022,30-06-2022,IndiGo,6E-6993,18:55,23:15,04h 20m,1-stop,8883,12,24-06-2022 12:00,Afternoon,6,260,Mumbai -> Delhi
5871,Mumbai,Delhi,24-06-2022,30-06-2022,IndiGo,6E-5273,12:40,17:15,04h 35m,1-stop,8883,14,24-06-2022 14:00,Afternoon,6,275,Mumbai -> Delhi
5872,Mumbai,Delhi,24-06-2022,30-06-2022,IndiGo,6E-6735,17:45,22:40,04h 55m,1-stop,8883,19,24-06-2022 19:00,Evening,6,295,Mumbai -> Delhi
5873,Mumbai,Delhi,24-06-2022,30-06-2022,IndiGo,6E-5293,00:35,05:50,05h 15m,1-stop,8883,18,24-06-2022 18:00,Evening,6,315,Mumbai -> Delhi
5874,Mumbai,Delhi,24-06-2022,30-06-2022,IndiGo,6E-5334,09:40,15:10,05h 30m,1-stop,8883,2,24-06-2022 02:00,Night,6,330,Mumbai -> Delhi
5875,Mumbai,Delhi,24-06-2022,30-06-2022,IndiGo,6E-5301,07:50,13:35,05h 45m,1-stop,8883,3,24-06-2022 03:00,Night,6,345,Mumbai -> Delhi
5876,Mumbai,Delhi,24-06-2022,30-06-2022,IndiGo,6E- 843,15:00,21:15,06h 15m,1-stop,8883,4,24-06-2022 04:00,Night,6,375,Mumbai -> Delhi
5877,Mumbai,Delhi,24-06-2022,30-06-2022,IndiGo,6E- 802,16:55,23:15,06h 20m,1-stop,8883,0,24-06-2022 00:00,Night,6,380,Mumbai -> Delhi
5878,Mumbai,Delhi,24-06-2022,30-06-2022,IndiGo,6E- 164,07:15,13:45,06h 30m,1-stop,8883,3,24-06-2022 03:00,Night,6,390,Mumbai -> Delhi
5879,Mumbai,Delhi,24-06-2022,30-06-2022,IndiGo,6E-6515,16:50,23:25,06h 35m,1-stop,8883,11,24-06-2022 11:00,Morning,6,395,Mumbai -> Delhi
5880,Mumbai,Delhi,24-06-2022,30-06-2022,IndiGo,6E-5378,18:15,01:00,06h 45m,1-stop,8883,23,24-06-2022 23:00,Night,6,405,Mumbai -> Delhi
5881,Mumbai,Delhi,24-06-2022,30-06-2022,IndiGo,6E-5293,00:35,07:30,06h 55m,1-stop,8883,9,24-06-2022 09:00,Morning,6,415,Mumbai -> Delhi
5882,Mumbai,Delhi,24-06-2022,30-06-2022,IndiGo,6E-5273,12:40,19:40,07h 00m,1-stop,8883,22,24-06-2022 22:00,Night,6,420,Mumbai -> Delhi
5883,Mumbai,Delhi,24-06-2022,30-06-2022,IndiGo,6E-5247,08:00,15:20,07h 20m,1-stop,8883,20,24-06-2022 20:00,Evening,6,440,Mumbai -> Delhi
5884,Mumbai,Delhi,24-06-2022,30-06-2022,IndiGo,6E-5334,09:40,17:05,07h 25m,1-stop,8883,19,24-06-2022 19:00,Evening,6,445,Mumbai -> Delhi
5885,Mumbai,Delhi,24-06-2022,30-06-2022,IndiGo,6E-5273,12:40,20:55,08h 15m,1-stop,8883,23,24-06-2022 23:00,Night,6,495,Mumbai -> Delhi
5886,Mumbai,Delhi,24-06-2022,30-06-2022,IndiGo,6E-6045,21:30,05:50,08h 20m,1-stop,8883,12,24-06-2022 12:00,Afternoon,6,500,Mumbai -> Delhi
5887,Mumbai,Delhi,24-06-2022,30-06-2022,IndiGo,6E-2047,09:25,18:05,08h 40m,1-stop,8883,22,24-06-2022 22:00,Night,6,520,Mumbai -> Delhi
5888,Mumbai,Delhi,24-06-2022,30-06-2022,IndiGo,6E- 624,22:55,07:40,08h 45m,1-stop,8883,13,24-06-2022 13:00,Afternoon,6,525,Mumbai -> Delhi
5889,Mumbai,Delhi,24-06-2022,30-06-2022,IndiGo,6E-5293,00:35,09:25,08h 50m,1-stop,8883,22,24-06-2022 22:00,Night,6,530,Mumbai -> Delhi
5890,Mumbai,Delhi,24-06-2022,30-06-2022,IndiGo,6E- 843,15:00,00:05,09h 05m,1-stop,8883,4,24-06-2022 04:00,Night,6,545,Mumbai -> Delhi
5891,Mumbai,Delhi,24-06-2022,30-06-2022,IndiGo,6E-5301,07:50,17:15,09h 25m,1-stop,8883,3,24-06-2022 03:00,Night,6,565,Mumbai -> Delhi
5892,Mumbai,Delhi,24-06-2022,30-06-2022,IndiGo,6E-6045,21:30,07:30,10h 00m,1-stop,8883,13,24-06-2022 13:00,Afternoon,6,600,Mumbai -> Delhi
5893,Mumbai,Delhi,24-06-2022,30-06-2022,IndiGo,6E-5273,12:40,23:15,10h 35m,1-stop,8883,9,24-06-2022 09:00,Morning,6,635,Mumbai -> Delhi
5894,Mumbai,Delhi,24-06-2022,30-06-2022,IndiGo,6E-6993,18:55,05:50,10h 55m,1-stop,8883,16,24-06-2022 16:00,Afternoon,6,655,Mumbai -> Delhi
5895,Mumbai,Delhi,24-06-2022,30-06-2022,Vistara,UK-939,06:35,10:25,03h 50m,1-stop,9020,9,24-06-2022 09:00,Morning,6,230,Mumbai -> Delhi
5896,Mumbai,Delhi,24-06-2022,30-06-2022,Vistara,UK-996,18:30,20:40,02h 10m,non-stop,9303,6,24-06-2022 06:00,Morning,6,130,Mumbai -> Delhi
5897,Mumbai,Delhi,24-06-2022,30-06-2022,Vistara,UK-940,19:45,21:55,02h 10m,non-stop,9303,15,24-06-2022 15:00,Afternoon,6,130,Mumbai -> Delhi
5898,Mumbai,Delhi,24-06-2022,30-06-2022,Vistara,UK-919,22:35,10:25,11h 50m,1-stop,9440,0,24-06-2022 00:00,Night,6,710,Mumbai -> Delhi
5899,Mumbai,Delhi,24-06-2022,30-06-2022,Vistara,UK-949,20:00,10:25,14h 25m,1-stop,9440,16,24-06-2022 16:00,Afternoon,6,865,Mumbai -> Delhi
5900,Mumbai,Delhi,24-06-2022,30-06-2022,Vistara,UK-939,06:35,22:10,15h 35m,1-stop,9440,20,24-06-2022 20:00,Evening,6,935,Mumbai -> Delhi
5901,Mumbai,Delhi,24-06-2022,30-06-2022,IndiGo,6E-6515,16:50,21:55,05h 05m,1-stop,10248,8,24-06-2022 08:00,Morning,6,305,Mumbai -> Delhi
5902,Mumbai,Delhi,24-06-2022,30-06-2022,IndiGo,6E-5268,12:30,21:55,09h 25m,1-stop,10248,5,24-06-2022 05:00,Morning,6,565,Mumbai -> Delhi
5903,Mumbai,Delhi,24-06-2022,30-06-2022,GO FIRST,G8-2504,12:00,22:30,10h 30m,1-stop,12531,18,24-06-2022 18:00,Evening,6,630,Mumbai -> Delhi
5904,Mumbai,Delhi,24-06-2022,30-06-2022,GO FIRST,G8-2504,12:00,00:10,12h 10m,1-stop,12531,12,24-06-2022 12:00,Afternoon,6,730,Mumbai -> Delhi
5905,Mumbai,Delhi,24-06-2022,30-06-2022,Vistara,UK-507,12:45,21:35,08h 50m,1-stop,12659,2,24-06-2022 02:00,Night,6,530,Mumbai -> Delhi
5906,Mumbai,Delhi,24-06-2022,30-06-2022,Vistara,UK-507,12:45,09:35,20h 50m,1-stop,12659,6,24-06-2022 06:00,Morning,6,1250,Mumbai -> Delhi
5908,Mumbai,Delhi,24-06-2022,30-06-2022,Vistara,UK-877,10:45,19:55,09h 10m,1-stop,14129,21,24-06-2022 21:00,Night,6,550,Mumbai -> Delhi
5909,Mumbai,Delhi,24-06-2022,30-06-2022,GO FIRST,G8- 344,19:05,10:00,14h 55m,1-stop,13699,8,24-06-2022 08:00,Morning,6,895,Mumbai -> Delhi
5910,Mumbai,Delhi,24-06-2022,30-06-2022,Vistara,UK-653,06:00,16:30,10h 30m,1-stop,13921,21,24-06-2022 21:00,Night,6,630,Mumbai -> Delhi
5911,Mumbai,Delhi,24-06-2022,30-06-2022,Vistara,UK-653,06:00,19:50,13h 50m,1-stop,13921,4,24-06-2022 04:00,Night,6,830,Mumbai -> Delhi
5912,Mumbai,Delhi,24-06-2022,30-06-2022,Vistara,UK-651,17:00,16:30,23h 30m,1-stop,13921,9,24-06-2022 09:00,Morning,6,1410,Mumbai -> Delhi
5913,Mumbai,Delhi,24-06-2022,30-06-2022,Vistara,UK-651,17:00,19:50,26h 50m,1-stop,13921,22,24-06-2022 22:00,Night,6,1610,Mumbai -> Delhi
5914,Mumbai,Delhi,24-06-2022,30-06-2022,Vistara,UK-873,06:20,19:55,13h 35m,1-stop,14129,16,24-06-2022 16:00,Afternoon,6,815,Mumbai -> Delhi
5916,Mumbai,Delhi,24-06-2022,30-06-2022,Vistara,UK-852,12:10,16:20,04h 10m,1-stop,14308,11,24-06-2022 11:00,Morning,6,250,Mumbai -> Delhi
5917,Mumbai,Delhi,24-06-2022,30-06-2022,GO FIRST,G8- 383,15:40,00:15,08h 35m,1-stop,16023,22,24-06-2022 22:00,Night,6,515,Mumbai -> Delhi
5918,Mumbai,Delhi,24-06-2022,30-06-2022,GO FIRST,G8- 398,20:10,08:35,12h 25m,1-stop,16023,15,24-06-2022 15:00,Afternoon,6,745,Mumbai -> Delhi
5921,Mumbai,Delhi,24-06-2022,30-06-2022,Vistara,UK-877,10:45,15:35,04h 50m,1-stop,14446,2,24-06-2022 02:00,Night,6,290,Mumbai -> Delhi
5922,Mumbai,Delhi,24-06-2022,30-06-2022,Vistara,UK-873,06:20,15:35,09h 15m,1-stop,14446,21,24-06-2022 21:00,Night,6,555,Mumbai -> Delhi
5923,Mumbai,Delhi,24-06-2022,30-06-2022,Vistara,UK-869,21:20,15:35,18h 15m,1-stop,14446,8,24-06-2022 08:00,Morning,6,1095,Mumbai -> Delhi
5924,Mumbai,Delhi,24-06-2022,30-06-2022,Vistara,UK-803,19:20,15:35,20h 15m,1-stop,14446,14,24-06-2022 14:00,Afternoon,6,1215,Mumbai -> Delhi
5925,Mumbai,Delhi,24-06-2022,30-06-2022,Vistara,UK-687,17:00,15:35,22h 35m,1-stop,14446,4,24-06-2022 04:00,Night,6,1355,Mumbai -> Delhi
5926,Mumbai,Delhi,24-06-2022,30-06-2022,GO FIRST,G8- 287,10:50,17:40,06h 50m,1-stop,14973,22,24-06-2022 22:00,Night,6,410,Mumbai -> Delhi
5927,Mumbai,Delhi,24-06-2022,30-06-2022,Vistara,UK-613,12:15,16:45,04h 30m,1-stop,14553,12,24-06-2022 12:00,Afternoon,6,270,Mumbai -> Delhi
5928,Mumbai,Delhi,24-06-2022,30-06-2022,IndiGo,6E- 814,12:15,16:45,04h 30m,1-stop,14553,13,24-06-2022 13:00,Afternoon,6,270,Mumbai -> Delhi
5931,Mumbai,Delhi,24-06-2022,30-06-2022,Vistara,UK-873,06:20,12:30,06h 10m,1-stop,14866,19,24-06-2022 19:00,Evening,6,370,Mumbai -> Delhi
5932,Mumbai,Delhi,24-06-2022,30-06-2022,Vistara,UK-869,21:20,12:30,15h 10m,1-stop,14866,14,24-06-2022 14:00,Afternoon,6,910,Mumbai -> Delhi
5933,Mumbai,Delhi,24-06-2022,30-06-2022,Vistara,UK-803,19:20,12:30,17h 10m,1-stop,14866,15,24-06-2022 15:00,Afternoon,6,1030,Mumbai -> Delhi
5934,Mumbai,Delhi,24-06-2022,30-06-2022,Vistara,UK-687,17:00,12:30,19h 30m,1-stop,14866,22,24-06-2022 22:00,Night,6,1170,Mumbai -> Delhi
5935,Mumbai,Delhi,24-06-2022,30-06-2022,Vistara,UK-545,18:20,11:55,17h 35m,1-stop,16754,12,24-06-2022 12:00,Afternoon,6,1055,Mumbai -> Delhi
5940,Mumbai,Delhi,24-06-2022,30-06-2022,Vistara,UK-621,13:20,17:00,27h 40m,1-stop,15284,16,24-06-2022 16:00,Afternoon,6,1660,Mumbai -> Delhi
5944,Mumbai,Delhi,24-06-2022,30-06-2022,Vistara,UK-823,17:50,23:55,06h 05m,1-stop,17594,22,24-06-2022 22:00,Night,6,365,Mumbai -> Delhi
5945,Mumbai,Delhi,24-06-2022,30-06-2022,GO FIRST,G8- 331,11:30,20:10,08h 40m,1-stop,16164,7,24-06-2022 07:00,Morning,6,520,Mumbai -> Delhi
5959,Mumbai,Delhi,24-06-2022,30-06-2022,Vistara,UK-523,16:30,22:25,05h 55m,1-stop,17386,20,24-06-2022 20:00,Evening,6,355,Mumbai -> Delhi
5960,Mumbai,Delhi,24-06-2022,30-06-2022,Vistara,UK-853,16:00,22:25,06h 25m,1-stop,17386,1,24-06-2022 01:00,Night,6,385,Mumbai -> Delhi
5961,Mumbai,Delhi,24-06-2022,30-06-2022,GO FIRST,G8- 510,19:25,10:50,15h 25m,1-stop,17392,4,24-06-2022 04:00,Night,6,925,Mumbai -> Delhi
5970,Mumbai,Delhi,24-06-2022,30-06-2022,Vistara,UK-849,17:30,23:50,06h 20m,1-stop,17911,5,24-06-2022 05:00,Morning,6,380,Mumbai -> Delhi
5971,Mumbai,Delhi,24-06-2022,30-06-2022,Vistara,UK-821,06:45,13:25,06h 40m,1-stop,17911,11,24-06-2022 11:00,Morning,6,400,Mumbai -> Delhi
5972,Mumbai,Delhi,24-06-2022,30-06-2022,Vistara,UK-523,16:30,23:50,07h 20m,1-stop,17911,17,24-06-2022 17:00,Evening,6,440,Mumbai -> Delhi
5973,Mumbai,Delhi,24-06-2022,30-06-2022,Vistara,UK-775,14:05,21:10,07h 05m,1-stop,18331,21,24-06-2022 21:00,Night,6,425,Mumbai -> Delhi
5974,Mumbai,Delhi,24-06-2022,30-06-2022,Vistara,UK-841,11:25,17:05,05h 40m,1-stop,18438,21,24-06-2022 21:00,Night,6,340,Mumbai -> Delhi
5976,Mumbai,Delhi,24-06-2022,30-06-2022,Vistara,UK-863,09:05,14:20,05h 15m,1-stop,19696,0,24-06-2022 00:00,Night,6,315,Mumbai -> Delhi
5977,Mumbai,Delhi,24-06-2022,30-06-2022,Vistara,UK-853,16:00,21:30,05h 30m,1-stop,19696,16,24-06-2022 16:00,Afternoon,6,330,Mumbai -> Delhi
5978,Mumbai,Delhi,24-06-2022,30-06-2022,Vistara,UK-851,07:00,12:40,05h 40m,1-stop,19696,10,24-06-2022 10:00,Morning,6,340,Mumbai -> Delhi
5979,Mumbai,Delhi,24-06-2022,30-06-2022,Vistara,UK-845,06:00,12:40,06h 40m,1-stop,19696,9,24-06-2022 09:00,Morning,6,400,Mumbai -> Delhi
5980,Mumbai,Delhi,24-06-2022,30-06-2022,Vistara,UK-851,07:00,14:20,07h 20m,1-stop,19696,18,24-06-2022 18:00,Evening,6,440,Mumbai -> Delhi
5982,Mumbai,Delhi,24-06-2022,30-06-2022,Vistara,UK-647,10:25,15:20,04h 55m,1-stop,21168,13,24-06-2022 13:00,Afternoon,6,295,Mumbai -> Delhi
5983,Mumbai,Delhi,24-06-2022,30-06-2022,Vistara,UK-647,10:25,17:00,06h 35m,1-stop,21168,9,24-06-2022 09:00,Morning,6,395,Mumbai -> Delhi
5985,Mumbai,Delhi,24-06-2022,30-06-2022,Vistara,UK-521,11:55,18:20,06h 25m,1-stop,22008,14,24-06-2022 14:00,Afternoon,6,385,Mumbai -> Delhi
5986,Mumbai,Delhi,24-06-2022,30-06-2022,Air Asia,I5-631,07:50,19:55,12h 05m,1-stop,23851,18,24-06-2022 18:00,Evening,6,725,Mumbai -> Delhi
5989,Kolkata,Bangalore,24-06-2022,24-06-2022,IndiGo,6E- 573,21:20,23:50,02h 30m,non-stop,9132,3,24-06-2022 03:00,Night,0,150,Kolkata -> Bangalore
5992,Kolkata,Bangalore,24-06-2022,24-06-2022,IndiGo,6E- 946,23:55,08:40,08h 45m,1-stop,9447,1,24-06-2022 01:00,Night,0,525,Kolkata -> Bangalore
5993,Kolkata,Bangalore,24-06-2022,24-06-2022,IndiGo,6E- 775,23:10,08:15,09h 05m,1-stop,9447,8,24-06-2022 08:00,Morning,0,545,Kolkata -> Bangalore
5994,Kolkata,Bangalore,24-06-2022,24-06-2022,IndiGo,6E- 946,23:55,09:55,10h 00m,1-stop,9447,9,24-06-2022 09:00,Morning,0,600,Kolkata -> Bangalore
5995,Kolkata,Bangalore,24-06-2022,24-06-2022,IndiGo,6E- 723,22:25,08:40,10h 15m,1-stop,9447,10,24-06-2022 10:00,Morning,0,615,Kolkata -> Bangalore
5996,Kolkata,Bangalore,24-06-2022,24-06-2022,IndiGo,6E- 775,23:10,09:30,10h 20m,1-stop,9447,13,24-06-2022 13:00,Afternoon,0,620,Kolkata -> Bangalore
5998,Kolkata,Bangalore,24-06-2022,25-06-2022,SpiceJet,SG- 516,10:00,12:25,02h 25m,non-stop,9132,6,24-06-2022 06:00,Morning,1,145,Kolkata -> Bangalore
5999,Kolkata,Bangalore,24-06-2022,25-06-2022,IndiGo,6E-6438,04:30,06:55,02h 25m,non-stop,9132,22,24-06-2022 22:00,Night,1,145,Kolkata -> Bangalore
6000,Kolkata,Bangalore,24-06-2022,25-06-2022,IndiGo,6E- 771,05:40,08:05,02h 25m,non-stop,9132,14,24-06-2022 14:00,Afternoon,1,145,Kolkata -> Bangalore
6001,Kolkata,Bangalore,24-06-2022,25-06-2022,Air Asia,I5-588,14:55,17:20,02h 25m,non-stop,9132,21,24-06-2022 21:00,Night,1,145,Kolkata -> Bangalore
6002,Kolkata,Bangalore,24-06-2022,25-06-2022,Air Asia,I5-991,16:40,19:05,02h 25m,non-stop,9132,18,24-06-2022 18:00,Evening,1,145,Kolkata -> Bangalore
6003,Kolkata,Bangalore,24-06-2022,25-06-2022,IndiGo,6E- 496,06:45,09:15,02h 30m,non-stop,9132,21,24-06-2022 21:00,Night,1,150,Kolkata -> Bangalore
6004,Kolkata,Bangalore,24-06-2022,25-06-2022,IndiGo,6E- 757,16:45,19:15,02h 30m,non-stop,9132,14,24-06-2022 14:00,Afternoon,1,150,Kolkata -> Bangalore
6005,Kolkata,Bangalore,24-06-2022,25-06-2022,IndiGo,6E-6314,19:55,22:25,02h 30m,non-stop,9132,23,24-06-2022 23:00,Night,1,150,Kolkata -> Bangalore
6006,Kolkata,Bangalore,24-06-2022,25-06-2022,IndiGo,6E- 573,21:20,23:50,02h 30m,non-stop,9132,7,24-06-2022 07:00,Morning,1,150,Kolkata -> Bangalore
6007,Kolkata,Bangalore,24-06-2022,25-06-2022,IndiGo,6E- 764,08:35,11:10,02h 35m,non-stop,9132,10,24-06-2022 10:00,Morning,1,155,Kolkata -> Bangalore
6008,Kolkata,Bangalore,24-06-2022,25-06-2022,Air Asia,I5-612,15:30,18:10,02h 40m,non-stop,9132,8,24-06-2022 08:00,Morning,1,160,Kolkata -> Bangalore
6009,Kolkata,Bangalore,24-06-2022,25-06-2022,Air Asia,I5-2991,20:25,23:10,02h 45m,non-stop,9132,14,24-06-2022 14:00,Afternoon,1,165,Kolkata -> Bangalore
6010,Kolkata,Bangalore,24-06-2022,25-06-2022,Air Asia,I5-1563,18:40,00:40,06h 00m,1-stop,9132,0,24-06-2022 00:00,Night,1,360,Kolkata -> Bangalore
6011,Kolkata,Bangalore,24-06-2022,25-06-2022,Air Asia,I5-319,13:15,22:30,09h 15m,1-stop,9132,0,24-06-2022 00:00,Night,1,555,Kolkata -> Bangalore
6012,Kolkata,Bangalore,24-06-2022,25-06-2022,Air Asia,I5-510,04:50,15:30,10h 40m,1-stop,9132,18,24-06-2022 18:00,Evening,1,640,Kolkata -> Bangalore
6013,Kolkata,Bangalore,24-06-2022,25-06-2022,Air Asia,I5-319,13:15,00:40,11h 25m,1-stop,9132,2,24-06-2022 02:00,Night,1,685,Kolkata -> Bangalore
6021,Kolkata,Bangalore,24-06-2022,25-06-2022,IndiGo,6E- 139,07:25,12:05,04h 40m,1-stop,9447,9,24-06-2022 09:00,Morning,1,280,Kolkata -> Bangalore
6022,Kolkata,Bangalore,24-06-2022,25-06-2022,IndiGo,6E- 989,04:40,09:55,05h 15m,1-stop,9447,7,24-06-2022 07:00,Morning,1,315,Kolkata -> Bangalore
6023,Kolkata,Bangalore,24-06-2022,25-06-2022,IndiGo,6E- 725,19:55,01:15,05h 20m,1-stop,9447,14,24-06-2022 14:00,Afternoon,1,320,Kolkata -> Bangalore
6024,Kolkata,Bangalore,24-06-2022,25-06-2022,IndiGo,6E- 417,15:00,20:30,05h 30m,1-stop,9447,9,24-06-2022 09:00,Morning,1,330,Kolkata -> Bangalore
6025,Kolkata,Bangalore,24-06-2022,25-06-2022,IndiGo,6E-6908,18:00,23:40,05h 40m,1-stop,9447,0,24-06-2022 00:00,Night,1,340,Kolkata -> Bangalore
6026,Kolkata,Bangalore,24-06-2022,25-06-2022,IndiGo,6E- 563,08:15,14:00,05h 45m,1-stop,9447,17,24-06-2022 17:00,Evening,1,345,Kolkata -> Bangalore
6027,Kolkata,Bangalore,24-06-2022,25-06-2022,IndiGo,6E-6908,18:00,01:15,07h 15m,1-stop,9447,1,24-06-2022 01:00,Night,1,435,Kolkata -> Bangalore
6028,Kolkata,Bangalore,24-06-2022,25-06-2022,IndiGo,6E- 989,04:40,12:10,07h 30m,1-stop,9447,18,24-06-2022 18:00,Evening,1,450,Kolkata -> Bangalore
6029,Kolkata,Bangalore,24-06-2022,25-06-2022,IndiGo,6E- 892,14:35,22:35,08h 00m,1-stop,9447,12,24-06-2022 12:00,Afternoon,1,480,Kolkata -> Bangalore
6030,Kolkata,Bangalore,24-06-2022,25-06-2022,IndiGo,6E- 378,14:15,22:20,08h 05m,1-stop,9447,21,24-06-2022 21:00,Night,1,485,Kolkata -> Bangalore
6031,Kolkata,Bangalore,24-06-2022,25-06-2022,IndiGo,6E- 946,23:55,08:40,08h 45m,1-stop,9447,0,24-06-2022 00:00,Night,1,525,Kolkata -> Bangalore
6032,Kolkata,Bangalore,24-06-2022,25-06-2022,IndiGo,6E-7583,16:25,01:30,09h 05m,1-stop,9447,1,24-06-2022 01:00,Night,1,545,Kolkata -> Bangalore
6033,Kolkata,Bangalore,24-06-2022,25-06-2022,IndiGo,6E- 775,23:10,08:15,09h 05m,1-stop,9447,15,24-06-2022 15:00,Afternoon,1,545,Kolkata -> Bangalore
6034,Kolkata,Bangalore,24-06-2022,25-06-2022,IndiGo,6E- 966,09:40,19:00,09h 20m,1-stop,9447,14,24-06-2022 14:00,Afternoon,1,560,Kolkata -> Bangalore
6035,Kolkata,Bangalore,24-06-2022,25-06-2022,IndiGo,6E- 723,22:25,08:40,10h 15m,1-stop,9447,12,24-06-2022 12:00,Afternoon,1,615,Kolkata -> Bangalore
6036,Kolkata,Bangalore,24-06-2022,25-06-2022,IndiGo,6E- 775,23:10,09:30,10h 20m,1-stop,9447,15,24-06-2022 15:00,Afternoon,1,620,Kolkata -> Bangalore
6037,Kolkata,Bangalore,24-06-2022,25-06-2022,IndiGo,6E-6513,08:55,19:20,10h 25m,1-stop,9447,16,24-06-2022 16:00,Afternoon,1,625,Kolkata -> Bangalore
6038,Kolkata,Bangalore,24-06-2022,25-06-2022,Air Asia,I5-541,05:25,11:20,05h 55m,1-stop,9448,20,24-06-2022 20:00,Evening,1,355,Kolkata -> Bangalore
6039,Kolkata,Bangalore,24-06-2022,25-06-2022,IndiGo,6E- 512,13:20,20:25,07h 05m,1-stop,9788,6,24-06-2022 06:00,Morning,1,425,Kolkata -> Bangalore
6040,Kolkata,Bangalore,24-06-2022,25-06-2022,IndiGo,6E- 989,04:40,14:00,09h 20m,1-stop,9788,23,24-06-2022 23:00,Night,1,560,Kolkata -> Bangalore
6041,Kolkata,Bangalore,24-06-2022,25-06-2022,IndiGo,6E- 264,18:45,21:05,02h 20m,non-stop,9867,16,24-06-2022 16:00,Afternoon,1,140,Kolkata -> Bangalore
6042,Kolkata,Bangalore,24-06-2022,25-06-2022,IndiGo,6E- 958,14:00,16:35,02h 35m,non-stop,9867,6,24-06-2022 06:00,Morning,1,155,Kolkata -> Bangalore
6043,Kolkata,Bangalore,24-06-2022,25-06-2022,Air Asia,I5-1426,09:30,12:10,02h 40m,non-stop,10182,12,24-06-2022 12:00,Afternoon,1,160,Kolkata -> Bangalore
6044,Kolkata,Bangalore,24-06-2022,25-06-2022,IndiGo,6E- 892,14:35,19:55,05h 20m,1-stop,10471,4,24-06-2022 04:00,Night,1,320,Kolkata -> Bangalore
6045,Kolkata,Bangalore,24-06-2022,25-06-2022,Air Asia,I5-1563,18:40,22:30,03h 50m,1-stop,10498,16,24-06-2022 16:00,Afternoon,1,230,Kolkata -> Bangalore
6046,Kolkata,Bangalore,24-06-2022,25-06-2022,IndiGo,6E-6021,14:00,21:35,07h 35m,1-stop,10812,2,24-06-2022 02:00,Night,1,455,Kolkata -> Bangalore
6047,Kolkata,Bangalore,24-06-2022,25-06-2022,IndiGo,6E-6513,08:55,17:55,09h 00m,1-stop,11153,6,24-06-2022 06:00,Morning,1,540,Kolkata -> Bangalore
6048,Kolkata,Bangalore,24-06-2022,25-06-2022,IndiGo,6E- 455,12:05,14:40,02h 35m,non-stop,11337,16,24-06-2022 16:00,Afternoon,1,155,Kolkata -> Bangalore
6049,Kolkata,Bangalore,24-06-2022,25-06-2022,Air Asia,I5-319,13:15,20:45,07h 30m,1-stop,11426,6,24-06-2022 06:00,Morning,1,450,Kolkata -> Bangalore
6050,Kolkata,Bangalore,24-06-2022,25-06-2022,Air Asia,I5-319,13:15,01:20,12h 05m,1-stop,11426,20,24-06-2022 20:00,Evening,1,725,Kolkata -> Bangalore
6051,Kolkata,Bangalore,24-06-2022,25-06-2022,IndiGo,6E-6021,14:00,23:40,09h 40m,1-stop,11495,0,24-06-2022 00:00,Night,1,580,Kolkata -> Bangalore
6052,Kolkata,Bangalore,24-06-2022,25-06-2022,Vistara,UK-776,17:35,23:10,05h 35m,1-stop,12046,16,24-06-2022 16:00,Afternoon,1,335,Kolkata -> Bangalore
6053,Kolkata,Bangalore,24-06-2022,25-06-2022,Vistara,UK-772,10:25,18:15,07h 50m,1-stop,12046,16,24-06-2022 16:00,Afternoon,1,470,Kolkata -> Bangalore
6054,Kolkata,Bangalore,24-06-2022,25-06-2022,Vistara,UK-772,10:25,19:15,08h 50m,1-stop,12046,10,24-06-2022 10:00,Morning,1,530,Kolkata -> Bangalore
6055,Kolkata,Bangalore,24-06-2022,25-06-2022,Vistara,UK-772,10:25,20:55,10h 30m,1-stop,12046,2,24-06-2022 02:00,Night,1,630,Kolkata -> Bangalore
6056,Kolkata,Bangalore,24-06-2022,25-06-2022,Vistara,UK-774,20:35,08:50,12h 15m,1-stop,12046,14,24-06-2022 14:00,Afternoon,1,735,Kolkata -> Bangalore
6057,Kolkata,Bangalore,24-06-2022,25-06-2022,Vistara,UK-772,10:25,23:10,12h 45m,1-stop,12046,20,24-06-2022 20:00,Evening,1,765,Kolkata -> Bangalore
6058,Kolkata,Bangalore,24-06-2022,25-06-2022,Vistara,UK-776,17:35,08:50,15h 15m,1-stop,12046,10,24-06-2022 10:00,Morning,1,915,Kolkata -> Bangalore
6059,Kolkata,Bangalore,24-06-2022,25-06-2022,Vistara,UK-772,10:25,08:50,22h 25m,1-stop,12046,15,24-06-2022 15:00,Afternoon,1,1345,Kolkata -> Bangalore
6060,Kolkata,Bangalore,24-06-2022,25-06-2022,Vistara,UK-774,20:35,23:10,26h 35m,1-stop,12046,21,24-06-2022 21:00,Night,1,1595,Kolkata -> Bangalore
6061,Kolkata,Bangalore,24-06-2022,25-06-2022,IndiGo,6E- 563,08:15,17:15,09h 00m,1-stop,12177,8,24-06-2022 08:00,Morning,1,540,Kolkata -> Bangalore
6062,Kolkata,Bangalore,24-06-2022,25-06-2022,IndiGo,6E- 833,10:30,19:55,09h 25m,1-stop,12177,23,24-06-2022 23:00,Night,1,565,Kolkata -> Bangalore
6063,Kolkata,Bangalore,24-06-2022,25-06-2022,Vistara,UK-772,10:25,17:45,07h 20m,1-stop,12490,23,24-06-2022 23:00,Night,1,440,Kolkata -> Bangalore
6064,Kolkata,Bangalore,24-06-2022,25-06-2022,Vistara,UK-774,20:35,10:45,14h 10m,1-stop,12490,0,24-06-2022 00:00,Night,1,850,Kolkata -> Bangalore
6065,Kolkata,Bangalore,24-06-2022,25-06-2022,Vistara,UK-776,17:35,10:45,17h 10m,1-stop,12490,21,24-06-2022 21:00,Night,1,1030,Kolkata -> Bangalore
6066,Kolkata,Bangalore,24-06-2022,25-06-2022,Vistara,UK-774,20:35,18:15,21h 40m,1-stop,12490,15,24-06-2022 15:00,Afternoon,1,1300,Kolkata -> Bangalore
6067,Kolkata,Bangalore,24-06-2022,25-06-2022,Vistara,UK-774,20:35,19:15,22h 40m,1-stop,12490,8,24-06-2022 08:00,Morning,1,1360,Kolkata -> Bangalore
6068,Kolkata,Bangalore,24-06-2022,25-06-2022,Vistara,UK-772,10:25,10:45,24h 20m,1-stop,12490,18,24-06-2022 18:00,Evening,1,1460,Kolkata -> Bangalore
6069,Kolkata,Bangalore,24-06-2022,25-06-2022,Vistara,UK-774,20:35,20:55,24h 20m,1-stop,12490,11,24-06-2022 11:00,Morning,1,1460,Kolkata -> Bangalore
6070,Kolkata,Bangalore,24-06-2022,25-06-2022,Vistara,UK-776,17:35,18:15,24h 40m,1-stop,12490,18,24-06-2022 18:00,Evening,1,1480,Kolkata -> Bangalore
6071,Kolkata,Bangalore,24-06-2022,25-06-2022,Vistara,UK-776,17:35,19:15,25h 40m,1-stop,12490,21,24-06-2022 21:00,Night,1,1540,Kolkata -> Bangalore
6072,Kolkata,Bangalore,24-06-2022,25-06-2022,Vistara,UK-776,17:35,20:55,27h 20m,1-stop,12490,8,24-06-2022 08:00,Morning,1,1640,Kolkata -> Bangalore
6073,Kolkata,Bangalore,24-06-2022,25-06-2022,IndiGo,6E-6324,06:55,14:20,07h 25m,1-stop,13201,6,24-06-2022 06:00,Morning,1,445,Kolkata -> Bangalore
6074,Kolkata,Bangalore,24-06-2022,25-06-2022,Vistara,UK-720,07:10,20:25,13h 15m,1-stop,13519,13,24-06-2022 13:00,Afternoon,1,795,Kolkata -> Bangalore
6075,Kolkata,Bangalore,24-06-2022,25-06-2022,Vistara,UK-720,07:10,22:40,15h 30m,1-stop,13519,18,24-06-2022 18:00,Evening,1,930,Kolkata -> Bangalore
6076,Kolkata,Bangalore,24-06-2022,25-06-2022,Vistara,UK-720,07:10,23:20,16h 10m,1-stop,13519,18,24-06-2022 18:00,Evening,1,970,Kolkata -> Bangalore
6077,Kolkata,Bangalore,24-06-2022,25-06-2022,Vistara,UK-706,10:15,18:50,08h 35m,1-stop,14107,1,24-06-2022 01:00,Night,1,515,Kolkata -> Bangalore
6078,Kolkata,Bangalore,24-06-2022,25-06-2022,Vistara,UK-706,10:15,20:25,10h 10m,1-stop,14107,8,24-06-2022 08:00,Morning,1,610,Kolkata -> Bangalore
6079,Kolkata,Bangalore,24-06-2022,25-06-2022,Vistara,UK-720,07:10,18:50,11h 40m,1-stop,14107,12,24-06-2022 12:00,Afternoon,1,700,Kolkata -> Bangalore
6080,Kolkata,Bangalore,24-06-2022,25-06-2022,Vistara,UK-706,10:15,22:40,12h 25m,1-stop,14107,14,24-06-2022 14:00,Afternoon,1,745,Kolkata -> Bangalore
6081,Kolkata,Bangalore,24-06-2022,25-06-2022,Vistara,UK-706,10:15,23:20,13h 05m,1-stop,14107,2,24-06-2022 02:00,Night,1,785,Kolkata -> Bangalore
6082,Kolkata,Bangalore,24-06-2022,25-06-2022,IndiGo,6E-7623,07:40,14:50,07h 10m,1-stop,14540,10,24-06-2022 10:00,Morning,1,430,Kolkata -> Bangalore
6083,Kolkata,Bangalore,24-06-2022,25-06-2022,IndiGo,6E-6021,14:00,19:20,05h 20m,1-stop,14566,20,24-06-2022 20:00,Evening,1,320,Kolkata -> Bangalore
6084,Kolkata,Bangalore,24-06-2022,25-06-2022,GO FIRST,G8- 519,20:10,07:40,11h 30m,1-stop,16554,13,24-06-2022 13:00,Afternoon,1,690,Kolkata -> Bangalore
6085,Kolkata,Bangalore,24-06-2022,25-06-2022,Vistara,UK-776,17:35,08:45,15h 10m,1-stop,16800,7,24-06-2022 07:00,Morning,1,910,Kolkata -> Bangalore
6086,Kolkata,Bangalore,24-06-2022,25-06-2022,Vistara,UK-772,10:25,08:45,22h 20m,1-stop,16800,17,24-06-2022 17:00,Evening,1,1340,Kolkata -> Bangalore
6087,Kolkata,Bangalore,24-06-2022,25-06-2022,Vistara,UK-772,10:25,08:45,22h 20m,1-stop,16800,18,24-06-2022 18:00,Evening,1,1340,Kolkata -> Bangalore
6088,Kolkata,Bangalore,24-06-2022,25-06-2022,Vistara,UK-772,10:25,08:45,22h 20m,1-stop,16800,15,24-06-2022 15:00,Afternoon,1,1340,Kolkata -> Bangalore
6091,Kolkata,Bangalore,24-06-2022,25-06-2022,Vistara,UK-774,20:35,21:45,25h 10m,1-stop,17084,1,24-06-2022 01:00,Night,1,1510,Kolkata -> Bangalore
6092,Kolkata,Bangalore,24-06-2022,25-06-2022,Vistara,UK-776,17:35,21:45,28h 10m,1-stop,17084,7,24-06-2022 07:00,Morning,1,1690,Kolkata -> Bangalore
6093,Kolkata,Bangalore,24-06-2022,25-06-2022,Vistara,UK-772,10:25,21:45,35h 20m,1-stop,17084,21,24-06-2022 21:00,Night,1,2120,Kolkata -> Bangalore
6096,Kolkata,Bangalore,24-06-2022,25-06-2022,GO FIRST,G8- 102,14:35,23:20,08h 45m,1-stop,18029,5,24-06-2022 05:00,Morning,1,525,Kolkata -> Bangalore
6102,Kolkata,Bangalore,24-06-2022,25-06-2022,Vistara,UK-706,10:15,19:30,09h 15m,1-stop,19714,11,24-06-2022 11:00,Morning,1,555,Kolkata -> Bangalore
6103,Kolkata,Bangalore,24-06-2022,25-06-2022,IndiGo,6E- 833,10:30,17:15,06h 45m,1-stop,19790,14,24-06-2022 14:00,Afternoon,1,405,Kolkata -> Bangalore
6104,Kolkata,Bangalore,24-06-2022,25-06-2022,Vistara,UK-778,15:20,22:40,07h 20m,1-stop,19945,7,24-06-2022 07:00,Morning,1,440,Kolkata -> Bangalore
6105,Kolkata,Bangalore,24-06-2022,25-06-2022,Vistara,UK-778,15:20,23:20,08h 00m,1-stop,19945,3,24-06-2022 03:00,Night,1,480,Kolkata -> Bangalore
6108,Kolkata,Bangalore,24-06-2022,25-06-2022,Vistara,UK-706,10:15,19:15,09h 00m,1-stop,20237,14,24-06-2022 14:00,Afternoon,1,540,Kolkata -> Bangalore
6112,Kolkata,Bangalore,24-06-2022,25-06-2022,Vistara,UK-720,07:10,16:50,09h 40m,1-stop,22047,19,24-06-2022 19:00,Evening,1,580,Kolkata -> Bangalore
6113,Kolkata,Bangalore,24-06-2022,25-06-2022,Vistara,UK-706,10:15,16:50,06h 35m,1-stop,22467,16,24-06-2022 16:00,Afternoon,1,395,Kolkata -> Bangalore
6114,Kolkata,Bangalore,24-06-2022,25-06-2022,Vistara,UK-708,20:20,11:50,15h 30m,1-stop,23095,12,24-06-2022 12:00,Afternoon,1,930,Kolkata -> Bangalore
6115,Kolkata,Bangalore,24-06-2022,25-06-2022,Vistara,UK-738,18:45,11:50,17h 05m,1-stop,23412,17,24-06-2022 17:00,Evening,1,1025,Kolkata -> Bangalore
6118,Kolkata,Bangalore,24-06-2022,25-06-2022,Vistara,UK-708,20:20,18:50,22h 30m,1-stop,26770,1,24-06-2022 01:00,Night,1,1350,Kolkata -> Bangalore
6119,Kolkata,Bangalore,24-06-2022,25-06-2022,Vistara,UK-738,18:45,18:50,24h 05m,1-stop,27087,12,24-06-2022 12:00,Afternoon,1,1445,Kolkata -> Bangalore
6121,Kolkata,Bangalore,24-06-2022,25-06-2022,Vistara,UK-708,20:20,10:50,14h 30m,1-stop,29080,12,24-06-2022 12:00,Afternoon,1,870,Kolkata -> Bangalore
6122,Kolkata,Bangalore,24-06-2022,25-06-2022,Vistara,UK-708,20:20,16:50,20h 30m,1-stop,29080,21,24-06-2022 21:00,Night,1,1230,Kolkata -> Bangalore
6123,Kolkata,Bangalore,24-06-2022,25-06-2022,Vistara,UK-738,18:45,10:50,16h 05m,1-stop,29397,14,24-06-2022 14:00,Afternoon,1,965,Kolkata -> Bangalore
6124,Kolkata,Bangalore,24-06-2022,25-06-2022,Vistara,UK-738,18:45,16:50,22h 05m,1-stop,29397,19,24-06-2022 19:00,Evening,1,1325,Kolkata -> Bangalore
6125,Kolkata,Bangalore,24-06-2022,25-06-2022,IndiGo,6E- 634,11:50,22:20,10h 30m,1-stop,30552,9,24-06-2022 09:00,Morning,1,630,Kolkata -> Bangalore
6126,Kolkata,Bangalore,24-06-2022,26-06-2022,IndiGo,6E-6438,04:30,06:55,02h 25m,non-stop,9132,2,24-06-2022 02:00,Night,2,145,Kolkata -> Bangalore
6127,Kolkata,Bangalore,24-06-2022,26-06-2022,IndiGo,6E- 771,05:40,08:05,02h 25m,non-stop,9132,18,24-06-2022 18:00,Evening,2,145,Kolkata -> Bangalore
6128,Kolkata,Bangalore,24-06-2022,26-06-2022,IndiGo,6E- 496,06:45,09:15,02h 30m,non-stop,9132,2,24-06-2022 02:00,Night,2,150,Kolkata -> Bangalore
6129,Kolkata,Bangalore,24-06-2022,26-06-2022,IndiGo,6E-6314,19:55,22:25,02h 30m,non-stop,9132,21,24-06-2022 21:00,Night,2,150,Kolkata -> Bangalore
6130,Kolkata,Bangalore,24-06-2022,26-06-2022,IndiGo,6E- 573,21:20,23:50,02h 30m,non-stop,9132,13,24-06-2022 13:00,Afternoon,2,150,Kolkata -> Bangalore
6131,Kolkata,Bangalore,24-06-2022,26-06-2022,Air Asia,I5-2991,20:25,23:10,02h 45m,non-stop,9132,7,24-06-2022 07:00,Morning,2,165,Kolkata -> Bangalore
6132,Kolkata,Bangalore,24-06-2022,26-06-2022,Air Asia,I5-547,01:25,10:40,09h 15m,1-stop,9132,22,24-06-2022 22:00,Night,2,555,Kolkata -> Bangalore
6133,Kolkata,Bangalore,24-06-2022,26-06-2022,Air Asia,I5-319,13:15,22:30,09h 15m,1-stop,9132,3,24-06-2022 03:00,Night,2,555,Kolkata -> Bangalore
6134,Kolkata,Bangalore,24-06-2022,26-06-2022,Air Asia,I5-510,04:50,15:30,10h 40m,1-stop,9132,19,24-06-2022 19:00,Evening,2,640,Kolkata -> Bangalore
6135,Kolkata,Bangalore,24-06-2022,26-06-2022,Air Asia,I5-319,13:15,00:40,11h 25m,1-stop,9132,10,24-06-2022 10:00,Morning,2,685,Kolkata -> Bangalore
6136,Kolkata,Bangalore,24-06-2022,26-06-2022,GO FIRST,G8- 519,20:10,07:40,11h 30m,1-stop,9132,10,24-06-2022 10:00,Morning,2,690,Kolkata -> Bangalore
6143,Kolkata,Bangalore,24-06-2022,26-06-2022,IndiGo,6E- 139,07:25,12:05,04h 40m,1-stop,9447,10,24-06-2022 10:00,Morning,2,280,Kolkata -> Bangalore
6144,Kolkata,Bangalore,24-06-2022,26-06-2022,IndiGo,6E- 725,19:55,01:15,05h 20m,1-stop,9447,1,24-06-2022 01:00,Night,2,320,Kolkata -> Bangalore
6145,Kolkata,Bangalore,24-06-2022,26-06-2022,IndiGo,6E- 417,15:00,20:30,05h 30m,1-stop,9447,16,24-06-2022 16:00,Afternoon,2,330,Kolkata -> Bangalore
6146,Kolkata,Bangalore,24-06-2022,26-06-2022,IndiGo,6E- 563,08:15,14:00,05h 45m,1-stop,9447,8,24-06-2022 08:00,Morning,2,345,Kolkata -> Bangalore
6147,Kolkata,Bangalore,24-06-2022,26-06-2022,IndiGo,6E- 833,10:30,17:15,06h 45m,1-stop,9447,1,24-06-2022 01:00,Night,2,405,Kolkata -> Bangalore
6148,Kolkata,Bangalore,24-06-2022,26-06-2022,IndiGo,6E- 512,13:20,20:25,07h 05m,1-stop,9447,23,24-06-2022 23:00,Night,2,425,Kolkata -> Bangalore
6149,Kolkata,Bangalore,24-06-2022,26-06-2022,IndiGo,6E-6324,06:55,14:20,07h 25m,1-stop,9447,14,24-06-2022 14:00,Afternoon,2,445,Kolkata -> Bangalore
6150,Kolkata,Bangalore,24-06-2022,26-06-2022,IndiGo,6E- 989,04:40,12:10,07h 30m,1-stop,9447,15,24-06-2022 15:00,Afternoon,2,450,Kolkata -> Bangalore
6151,Kolkata,Bangalore,24-06-2022,26-06-2022,IndiGo,6E-7583,16:25,01:30,09h 05m,1-stop,9447,3,24-06-2022 03:00,Night,2,545,Kolkata -> Bangalore
6152,Kolkata,Bangalore,24-06-2022,26-06-2022,IndiGo,6E- 775,23:10,08:15,09h 05m,1-stop,9447,7,24-06-2022 07:00,Morning,2,545,Kolkata -> Bangalore
6153,Kolkata,Bangalore,24-06-2022,26-06-2022,IndiGo,6E- 989,04:40,14:00,09h 20m,1-stop,9447,8,24-06-2022 08:00,Morning,2,560,Kolkata -> Bangalore
6154,Kolkata,Bangalore,24-06-2022,26-06-2022,IndiGo,6E- 966,09:40,19:00,09h 20m,1-stop,9447,4,24-06-2022 04:00,Night,2,560,Kolkata -> Bangalore
6155,Kolkata,Bangalore,24-06-2022,26-06-2022,IndiGo,6E- 833,10:30,19:55,09h 25m,1-stop,9447,15,24-06-2022 15:00,Afternoon,2,565,Kolkata -> Bangalore
6156,Kolkata,Bangalore,24-06-2022,26-06-2022,IndiGo,6E- 775,23:10,09:30,10h 20m,1-stop,9447,12,24-06-2022 12:00,Afternoon,2,620,Kolkata -> Bangalore
6157,Kolkata,Bangalore,24-06-2022,26-06-2022,Air Asia,I5-541,05:25,11:20,05h 55m,1-stop,9448,6,24-06-2022 06:00,Morning,2,355,Kolkata -> Bangalore
6158,Kolkata,Bangalore,24-06-2022,26-06-2022,Air Asia,I5-1563,18:40,00:40,06h 00m,1-stop,9448,19,24-06-2022 19:00,Evening,2,360,Kolkata -> Bangalore
6159,Kolkata,Bangalore,24-06-2022,26-06-2022,IndiGo,6E- 892,14:35,22:35,08h 00m,1-stop,9788,16,24-06-2022 16:00,Afternoon,2,480,Kolkata -> Bangalore
6160,Kolkata,Bangalore,24-06-2022,26-06-2022,IndiGo,6E- 946,23:55,08:40,08h 45m,1-stop,9788,2,24-06-2022 02:00,Night,2,525,Kolkata -> Bangalore
6161,Kolkata,Bangalore,24-06-2022,26-06-2022,IndiGo,6E- 563,08:15,17:15,09h 00m,1-stop,9788,4,24-06-2022 04:00,Night,2,540,Kolkata -> Bangalore
6162,Kolkata,Bangalore,24-06-2022,26-06-2022,IndiGo,6E- 723,22:25,08:40,10h 15m,1-stop,9788,18,24-06-2022 18:00,Evening,2,615,Kolkata -> Bangalore
6163,Kolkata,Bangalore,24-06-2022,26-06-2022,IndiGo,6E- 764,08:35,11:10,02h 35m,non-stop,9867,11,24-06-2022 11:00,Morning,2,155,Kolkata -> Bangalore
6164,Kolkata,Bangalore,24-06-2022,26-06-2022,Air Asia,I5-612,15:30,18:10,02h 40m,non-stop,10182,6,24-06-2022 06:00,Morning,2,160,Kolkata -> Bangalore
6165,Kolkata,Bangalore,24-06-2022,26-06-2022,IndiGo,6E-7243,11:30,19:00,07h 30m,1-stop,10471,8,24-06-2022 08:00,Morning,2,450,Kolkata -> Bangalore
6166,Kolkata,Bangalore,24-06-2022,26-06-2022,Air Asia,I5-1563,18:40,22:30,03h 50m,1-stop,10498,5,24-06-2022 05:00,Morning,2,230,Kolkata -> Bangalore
6167,Kolkata,Bangalore,24-06-2022,26-06-2022,IndiGo,6E- 264,18:45,21:05,02h 20m,non-stop,10602,16,24-06-2022 16:00,Afternoon,2,140,Kolkata -> Bangalore
6168,Kolkata,Bangalore,24-06-2022,26-06-2022,IndiGo,6E- 757,16:45,19:15,02h 30m,non-stop,10602,15,24-06-2022 15:00,Afternoon,2,150,Kolkata -> Bangalore
6169,Kolkata,Bangalore,24-06-2022,26-06-2022,IndiGo,6E- 958,14:00,16:35,02h 35m,non-stop,11337,22,24-06-2022 22:00,Night,2,155,Kolkata -> Bangalore
6170,Kolkata,Bangalore,24-06-2022,26-06-2022,Air Asia,I5-991,16:40,19:05,02h 25m,non-stop,11758,2,24-06-2022 02:00,Night,2,145,Kolkata -> Bangalore
6171,Kolkata,Bangalore,24-06-2022,26-06-2022,Air Asia,I5-1426,09:30,12:10,02h 40m,non-stop,11758,20,24-06-2022 20:00,Evening,2,160,Kolkata -> Bangalore
6172,Kolkata,Bangalore,24-06-2022,26-06-2022,IndiGo,6E-6908,18:00,01:15,07h 15m,1-stop,11836,3,24-06-2022 03:00,Night,2,435,Kolkata -> Bangalore
6173,Kolkata,Bangalore,24-06-2022,26-06-2022,Vistara,UK-776,17:35,23:10,05h 35m,1-stop,12046,9,24-06-2022 09:00,Morning,2,335,Kolkata -> Bangalore
6174,Kolkata,Bangalore,24-06-2022,26-06-2022,Vistara,UK-774,20:35,17:45,21h 10m,1-stop,12046,4,24-06-2022 04:00,Night,2,1270,Kolkata -> Bangalore
6175,Kolkata,Bangalore,24-06-2022,26-06-2022,Vistara,UK-774,20:35,18:15,21h 40m,1-stop,12046,20,24-06-2022 20:00,Evening,2,1300,Kolkata -> Bangalore
6176,Kolkata,Bangalore,24-06-2022,26-06-2022,Vistara,UK-774,20:35,19:15,22h 40m,1-stop,12046,21,24-06-2022 21:00,Night,2,1360,Kolkata -> Bangalore
6177,Kolkata,Bangalore,24-06-2022,26-06-2022,Vistara,UK-776,17:35,17:45,24h 10m,1-stop,12046,9,24-06-2022 09:00,Morning,2,1450,Kolkata -> Bangalore
6178,Kolkata,Bangalore,24-06-2022,26-06-2022,Vistara,UK-774,20:35,20:55,24h 20m,1-stop,12046,11,24-06-2022 11:00,Morning,2,1460,Kolkata -> Bangalore
6179,Kolkata,Bangalore,24-06-2022,26-06-2022,Vistara,UK-776,17:35,18:15,24h 40m,1-stop,12046,9,24-06-2022 09:00,Morning,2,1480,Kolkata -> Bangalore
6180,Kolkata,Bangalore,24-06-2022,26-06-2022,Vistara,UK-776,17:35,19:15,25h 40m,1-stop,12046,12,24-06-2022 12:00,Afternoon,2,1540,Kolkata -> Bangalore
6181,Kolkata,Bangalore,24-06-2022,26-06-2022,Vistara,UK-774,20:35,23:10,26h 35m,1-stop,12046,10,24-06-2022 10:00,Morning,2,1595,Kolkata -> Bangalore
6182,Kolkata,Bangalore,24-06-2022,26-06-2022,Vistara,UK-776,17:35,20:55,27h 20m,1-stop,12046,21,24-06-2022 21:00,Night,2,1640,Kolkata -> Bangalore
6183,Kolkata,Bangalore,24-06-2022,26-06-2022,IndiGo,6E- 455,12:05,14:40,02h 35m,non-stop,12072,15,24-06-2022 15:00,Afternoon,2,155,Kolkata -> Bangalore
6184,Kolkata,Bangalore,24-06-2022,26-06-2022,IndiGo,6E-6908,18:00,23:40,05h 40m,1-stop,12177,7,24-06-2022 07:00,Morning,2,340,Kolkata -> Bangalore
6185,Kolkata,Bangalore,24-06-2022,26-06-2022,Air Asia,I5-588,14:55,17:20,02h 25m,non-stop,12282,7,24-06-2022 07:00,Morning,2,145,Kolkata -> Bangalore
6186,Kolkata,Bangalore,24-06-2022,26-06-2022,Air Asia,I5-547,01:25,12:25,11h 00m,1-stop,12784,7,24-06-2022 07:00,Morning,2,660,Kolkata -> Bangalore
6187,Kolkata,Bangalore,24-06-2022,26-06-2022,Vistara,UK-774,20:35,07:50,11h 15m,1-stop,13078,12,24-06-2022 12:00,Afternoon,2,675,Kolkata -> Bangalore
6188,Kolkata,Bangalore,24-06-2022,26-06-2022,Vistara,UK-776,17:35,07:50,14h 15m,1-stop,13078,1,24-06-2022 01:00,Night,2,855,Kolkata -> Bangalore
6189,Kolkata,Bangalore,24-06-2022,26-06-2022,IndiGo,6E- 892,14:35,19:55,05h 20m,1-stop,13201,11,24-06-2022 11:00,Morning,2,320,Kolkata -> Bangalore
6190,Kolkata,Bangalore,24-06-2022,26-06-2022,Air Asia,I5-319,13:15,01:20,12h 05m,1-stop,13447,9,24-06-2022 09:00,Morning,2,725,Kolkata -> Bangalore
6191,Kolkata,Bangalore,24-06-2022,26-06-2022,Vistara,UK-708,20:20,18:50,22h 30m,1-stop,13519,11,24-06-2022 11:00,Morning,2,1350,Kolkata -> Bangalore
6192,Kolkata,Bangalore,24-06-2022,26-06-2022,Vistara,UK-708,20:20,20:25,24h 05m,1-stop,13519,10,24-06-2022 10:00,Morning,2,1445,Kolkata -> Bangalore
6193,Kolkata,Bangalore,24-06-2022,26-06-2022,Vistara,UK-708,20:20,22:40,26h 20m,1-stop,13519,14,24-06-2022 14:00,Afternoon,2,1580,Kolkata -> Bangalore
6194,Kolkata,Bangalore,24-06-2022,26-06-2022,Vistara,UK-708,20:20,23:20,27h 00m,1-stop,13519,15,24-06-2022 15:00,Afternoon,2,1620,Kolkata -> Bangalore
6195,Kolkata,Bangalore,24-06-2022,26-06-2022,IndiGo,6E-6926,14:40,21:25,06h 45m,1-stop,13542,16,24-06-2022 16:00,Afternoon,2,405,Kolkata -> Bangalore
6196,Kolkata,Bangalore,24-06-2022,26-06-2022,Vistara,UK-738,18:45,18:50,24h 05m,1-stop,14842,1,24-06-2022 01:00,Night,2,1445,Kolkata -> Bangalore
6197,Kolkata,Bangalore,24-06-2022,26-06-2022,Vistara,UK-738,18:45,20:25,25h 40m,1-stop,14842,17,24-06-2022 17:00,Evening,2,1540,Kolkata -> Bangalore
6198,Kolkata,Bangalore,24-06-2022,26-06-2022,Vistara,UK-738,18:45,22:40,27h 55m,1-stop,14842,11,24-06-2022 11:00,Morning,2,1675,Kolkata -> Bangalore
6199,Kolkata,Bangalore,24-06-2022,26-06-2022,Vistara,UK-738,18:45,23:20,28h 35m,1-stop,14842,18,24-06-2022 18:00,Evening,2,1715,Kolkata -> Bangalore
6200,Kolkata,Bangalore,24-06-2022,26-06-2022,IndiGo,6E-7623,07:40,14:50,07h 10m,1-stop,15248,22,24-06-2022 22:00,Night,2,430,Kolkata -> Bangalore
6201,Kolkata,Bangalore,24-06-2022,26-06-2022,IndiGo,6E-7243,11:30,21:05,09h 35m,1-stop,15248,17,24-06-2022 17:00,Evening,2,575,Kolkata -> Bangalore
6202,Kolkata,Bangalore,24-06-2022,26-06-2022,Air Asia,I5-319,13:15,20:45,07h 30m,1-stop,15719,16,24-06-2022 16:00,Afternoon,2,450,Kolkata -> Bangalore
6203,Kolkata,Bangalore,24-06-2022,26-06-2022,IndiGo,6E-6513,08:55,19:20,10h 25m,1-stop,15931,5,24-06-2022 05:00,Morning,2,625,Kolkata -> Bangalore
6206,Kolkata,Bangalore,24-06-2022,26-06-2022,Vistara,UK-776,17:35,19:30,25h 55m,1-stop,16800,14,24-06-2022 14:00,Afternoon,2,1555,Kolkata -> Bangalore
6208,Kolkata,Bangalore,24-06-2022,26-06-2022,Vistara,UK-774,20:35,21:45,25h 10m,1-stop,17084,2,24-06-2022 02:00,Night,2,1510,Kolkata -> Bangalore
6209,Kolkata,Bangalore,24-06-2022,26-06-2022,Vistara,UK-776,17:35,21:45,28h 10m,1-stop,17084,5,24-06-2022 05:00,Morning,2,1690,Kolkata -> Bangalore
6210,Kolkata,Bangalore,24-06-2022,26-06-2022,Vistara,UK-776,17:35,08:45,15h 10m,1-stop,17117,2,24-06-2022 02:00,Night,2,910,Kolkata -> Bangalore
6211,Kolkata,Bangalore,24-06-2022,26-06-2022,GO FIRST,G8- 393,10:30,00:20,13h 50m,1-stop,17133,0,24-06-2022 00:00,Night,2,830,Kolkata -> Bangalore
6212,Kolkata,Bangalore,24-06-2022,26-06-2022,Vistara,UK-774,20:35,19:30,22h 55m,1-stop,17244,12,24-06-2022 12:00,Afternoon,2,1375,Kolkata -> Bangalore
6213,Kolkata,Bangalore,24-06-2022,26-06-2022,Vistara,UK-774,20:35,19:30,22h 55m,1-stop,17244,20,24-06-2022 20:00,Evening,2,1375,Kolkata -> Bangalore
6214,Kolkata,Bangalore,24-06-2022,26-06-2022,Vistara,UK-776,17:35,19:30,25h 55m,1-stop,17244,13,24-06-2022 13:00,Afternoon,2,1555,Kolkata -> Bangalore
6215,Kolkata,Bangalore,24-06-2022,26-06-2022,GO FIRST,G8- 102,14:35,23:20,08h 45m,1-stop,18387,12,24-06-2022 12:00,Afternoon,2,525,Kolkata -> Bangalore
6216,Kolkata,Bangalore,24-06-2022,26-06-2022,IndiGo,6E-6021,14:00,23:40,09h 40m,1-stop,18425,3,24-06-2022 03:00,Night,2,580,Kolkata -> Bangalore
6217,Kolkata,Bangalore,24-06-2022,26-06-2022,Vistara,UK-774,20:35,08:50,12h 15m,1-stop,18475,6,24-06-2022 06:00,Morning,2,735,Kolkata -> Bangalore
6218,Kolkata,Bangalore,24-06-2022,26-06-2022,Vistara,UK-772,10:25,23:10,12h 45m,1-stop,18475,21,24-06-2022 21:00,Night,2,765,Kolkata -> Bangalore
6219,Kolkata,Bangalore,24-06-2022,26-06-2022,Vistara,UK-774,20:35,10:45,14h 10m,1-stop,18475,9,24-06-2022 09:00,Morning,2,850,Kolkata -> Bangalore
6220,Kolkata,Bangalore,24-06-2022,26-06-2022,Vistara,UK-776,17:35,08:50,15h 15m,1-stop,18475,6,24-06-2022 06:00,Morning,2,915,Kolkata -> Bangalore
6221,Kolkata,Bangalore,24-06-2022,26-06-2022,GO FIRST,G8- 393,10:30,21:40,11h 10m,1-stop,18561,20,24-06-2022 20:00,Evening,2,670,Kolkata -> Bangalore
6222,Kolkata,Bangalore,24-06-2022,26-06-2022,Vistara,UK-772,10:25,18:15,07h 50m,1-stop,18792,14,24-06-2022 14:00,Afternoon,2,470,Kolkata -> Bangalore
6223,Kolkata,Bangalore,24-06-2022,26-06-2022,Vistara,UK-772,10:25,20:55,10h 30m,1-stop,18792,14,24-06-2022 14:00,Afternoon,2,630,Kolkata -> Bangalore
6224,Kolkata,Bangalore,24-06-2022,26-06-2022,IndiGo,6E-6021,14:00,21:35,07h 35m,1-stop,18845,3,24-06-2022 03:00,Night,2,455,Kolkata -> Bangalore
6230,Kolkata,Bangalore,24-06-2022,26-06-2022,IndiGo,6E-6513,08:55,17:55,09h 00m,1-stop,19685,22,24-06-2022 22:00,Night,2,540,Kolkata -> Bangalore
6231,Kolkata,Bangalore,24-06-2022,26-06-2022,Vistara,UK-772,10:25,17:45,07h 20m,1-stop,19737,22,24-06-2022 22:00,Night,2,440,Kolkata -> Bangalore
6238,Kolkata,Bangalore,24-06-2022,26-06-2022,Vistara,UK-708,20:20,21:45,25h 25m,1-stop,20615,5,24-06-2022 05:00,Morning,2,1525,Kolkata -> Bangalore
6241,Kolkata,Bangalore,24-06-2022,26-06-2022,Vistara,UK-706,10:15,23:20,13h 05m,1-stop,21207,23,24-06-2022 23:00,Night,2,785,Kolkata -> Bangalore
6242,Kolkata,Bangalore,24-06-2022,26-06-2022,IndiGo,6E-6021,14:00,19:20,05h 20m,1-stop,21890,19,24-06-2022 19:00,Evening,2,320,Kolkata -> Bangalore
6243,Kolkata,Bangalore,24-06-2022,26-06-2022,Vistara,UK-706,10:15,22:40,12h 25m,1-stop,21942,4,24-06-2022 04:00,Night,2,745,Kolkata -> Bangalore
6244,Kolkata,Bangalore,24-06-2022,26-06-2022,Vistara,UK-708,20:20,09:00,12h 40m,1-stop,22047,19,24-06-2022 19:00,Evening,2,760,Kolkata -> Bangalore
6245,Kolkata,Bangalore,24-06-2022,26-06-2022,Vistara,UK-738,18:45,21:45,27h 00m,1-stop,22599,11,24-06-2022 11:00,Morning,2,1620,Kolkata -> Bangalore
6246,Kolkata,Bangalore,24-06-2022,26-06-2022,Vistara,UK-706,10:15,21:45,35h 30m,1-stop,22599,0,24-06-2022 00:00,Night,2,2130,Kolkata -> Bangalore
6247,Kolkata,Bangalore,24-06-2022,26-06-2022,Vistara,UK-738,18:45,09:00,14h 15m,1-stop,22992,7,24-06-2022 07:00,Morning,2,855,Kolkata -> Bangalore
6249,Kolkata,Bangalore,24-06-2022,26-06-2022,Air Asia,I5-830,23:35,10:40,11h 05m,1-stop,24939,0,24-06-2022 00:00,Night,2,665,Kolkata -> Bangalore
6251,Kolkata,Bangalore,24-06-2022,26-06-2022,Vistara,UK-720,07:10,18:50,11h 40m,1-stop,26770,4,24-06-2022 04:00,Night,2,700,Kolkata -> Bangalore
6252,Kolkata,Bangalore,24-06-2022,26-06-2022,Vistara,UK-720,07:10,20:25,13h 15m,1-stop,26770,21,24-06-2022 21:00,Night,2,795,Kolkata -> Bangalore
6255,Kolkata,Bangalore,24-06-2022,26-06-2022,Vistara,UK-706,10:15,18:50,08h 35m,1-stop,28032,5,24-06-2022 05:00,Morning,2,515,Kolkata -> Bangalore
6256,Kolkata,Bangalore,24-06-2022,26-06-2022,Vistara,UK-706,10:15,20:25,10h 10m,1-stop,28032,20,24-06-2022 20:00,Evening,2,610,Kolkata -> Bangalore
6257,Kolkata,Bangalore,24-06-2022,26-06-2022,Vistara,UK-720,07:10,16:50,09h 40m,1-stop,29080,2,24-06-2022 02:00,Night,2,580,Kolkata -> Bangalore
6258,Kolkata,Bangalore,24-06-2022,26-06-2022,Vistara,UK-706,10:15,16:50,06h 35m,1-stop,30342,14,24-06-2022 14:00,Afternoon,2,395,Kolkata -> Bangalore
6259,Kolkata,Bangalore,24-06-2022,26-06-2022,Vistara,UK-720,07:10,15:55,08h 45m,1-stop,34645,4,24-06-2022 04:00,Night,2,525,Kolkata -> Bangalore
6260,Kolkata,Bangalore,24-06-2022,27-06-2022,SpiceJet,SG- 516,06:00,08:25,02h 25m,non-stop,9132,23,24-06-2022 23:00,Night,3,145,Kolkata -> Bangalore
6261,Kolkata,Bangalore,24-06-2022,27-06-2022,IndiGo,6E- 264,18:45,21:05,02h 20m,non-stop,9132,13,24-06-2022 13:00,Afternoon,3,140,Kolkata -> Bangalore
6262,Kolkata,Bangalore,24-06-2022,27-06-2022,IndiGo,6E-6438,04:30,06:55,02h 25m,non-stop,9132,17,24-06-2022 17:00,Evening,3,145,Kolkata -> Bangalore
6263,Kolkata,Bangalore,24-06-2022,27-06-2022,IndiGo,6E- 771,05:40,08:05,02h 25m,non-stop,9132,15,24-06-2022 15:00,Afternoon,3,145,Kolkata -> Bangalore
6264,Kolkata,Bangalore,24-06-2022,27-06-2022,IndiGo,6E- 496,06:45,09:15,02h 30m,non-stop,9132,5,24-06-2022 05:00,Morning,3,150,Kolkata -> Bangalore
6265,Kolkata,Bangalore,24-06-2022,27-06-2022,IndiGo,6E- 757,16:45,19:15,02h 30m,non-stop,9132,23,24-06-2022 23:00,Night,3,150,Kolkata -> Bangalore
6266,Kolkata,Bangalore,24-06-2022,27-06-2022,IndiGo,6E-6314,19:55,22:25,02h 30m,non-stop,9132,13,24-06-2022 13:00,Afternoon,3,150,Kolkata -> Bangalore
6267,Kolkata,Bangalore,24-06-2022,27-06-2022,IndiGo,6E- 573,21:20,23:50,02h 30m,non-stop,9132,23,24-06-2022 23:00,Night,3,150,Kolkata -> Bangalore
6268,Kolkata,Bangalore,24-06-2022,27-06-2022,IndiGo,6E- 764,08:35,11:10,02h 35m,non-stop,9132,7,24-06-2022 07:00,Morning,3,155,Kolkata -> Bangalore
6269,Kolkata,Bangalore,24-06-2022,27-06-2022,Air Asia,I5-1426,09:30,12:10,02h 40m,non-stop,9132,6,24-06-2022 06:00,Morning,3,160,Kolkata -> Bangalore
6270,Kolkata,Bangalore,24-06-2022,27-06-2022,GO FIRST,G8- 519,20:10,07:40,11h 30m,1-stop,9132,7,24-06-2022 07:00,Morning,3,690,Kolkata -> Bangalore
6280,Kolkata,Bangalore,24-06-2022,27-06-2022,IndiGo,6E- 139,07:25,12:05,04h 40m,1-stop,9447,12,24-06-2022 12:00,Afternoon,3,280,Kolkata -> Bangalore
6281,Kolkata,Bangalore,24-06-2022,27-06-2022,IndiGo,6E- 892,14:35,19:55,05h 20m,1-stop,9447,5,24-06-2022 05:00,Morning,3,320,Kolkata -> Bangalore
6282,Kolkata,Bangalore,24-06-2022,27-06-2022,IndiGo,6E-6908,18:00,23:40,05h 40m,1-stop,9447,17,24-06-2022 17:00,Evening,3,340,Kolkata -> Bangalore
6283,Kolkata,Bangalore,24-06-2022,27-06-2022,IndiGo,6E- 563,08:15,14:00,05h 45m,1-stop,9447,1,24-06-2022 01:00,Night,3,345,Kolkata -> Bangalore
6284,Kolkata,Bangalore,24-06-2022,27-06-2022,IndiGo,6E- 833,10:30,17:15,06h 45m,1-stop,9447,7,24-06-2022 07:00,Morning,3,405,Kolkata -> Bangalore
6285,Kolkata,Bangalore,24-06-2022,27-06-2022,IndiGo,6E-6926,14:40,21:25,06h 45m,1-stop,9447,10,24-06-2022 10:00,Morning,3,405,Kolkata -> Bangalore
6286,Kolkata,Bangalore,24-06-2022,27-06-2022,IndiGo,6E- 512,13:20,20:25,07h 05m,1-stop,9447,0,24-06-2022 00:00,Night,3,425,Kolkata -> Bangalore
6287,Kolkata,Bangalore,24-06-2022,27-06-2022,IndiGo,6E-7177,11:10,19:00,07h 50m,1-stop,9447,21,24-06-2022 21:00,Night,3,470,Kolkata -> Bangalore
6288,Kolkata,Bangalore,24-06-2022,27-06-2022,IndiGo,6E- 892,14:35,22:35,08h 00m,1-stop,9447,5,24-06-2022 05:00,Morning,3,480,Kolkata -> Bangalore
6289,Kolkata,Bangalore,24-06-2022,27-06-2022,IndiGo,6E- 946,23:55,08:40,08h 45m,1-stop,9447,15,24-06-2022 15:00,Afternoon,3,525,Kolkata -> Bangalore
6290,Kolkata,Bangalore,24-06-2022,27-06-2022,IndiGo,6E- 563,08:15,17:15,09h 00m,1-stop,9447,19,24-06-2022 19:00,Evening,3,540,Kolkata -> Bangalore
6291,Kolkata,Bangalore,24-06-2022,27-06-2022,IndiGo,6E-6513,08:55,17:55,09h 00m,1-stop,9447,11,24-06-2022 11:00,Morning,3,540,Kolkata -> Bangalore
6292,Kolkata,Bangalore,24-06-2022,27-06-2022,IndiGo,6E- 775,23:10,08:15,09h 05m,1-stop,9447,10,24-06-2022 10:00,Morning,3,545,Kolkata -> Bangalore
6293,Kolkata,Bangalore,24-06-2022,27-06-2022,IndiGo,6E- 966,09:40,19:00,09h 20m,1-stop,9447,9,24-06-2022 09:00,Morning,3,560,Kolkata -> Bangalore
6294,Kolkata,Bangalore,24-06-2022,27-06-2022,IndiGo,6E- 833,10:30,19:55,09h 25m,1-stop,9447,2,24-06-2022 02:00,Night,3,565,Kolkata -> Bangalore
6295,Kolkata,Bangalore,24-06-2022,27-06-2022,IndiGo,6E- 775,23:10,09:30,10h 20m,1-stop,9447,12,24-06-2022 12:00,Afternoon,3,620,Kolkata -> Bangalore
6296,Kolkata,Bangalore,24-06-2022,27-06-2022,IndiGo,6E-6513,08:55,19:20,10h 25m,1-stop,9447,2,24-06-2022 02:00,Night,3,625,Kolkata -> Bangalore
6297,Kolkata,Bangalore,24-06-2022,27-06-2022,IndiGo,6E-7305,08:00,19:00,11h 00m,1-stop,9447,14,24-06-2022 14:00,Afternoon,3,660,Kolkata -> Bangalore
6298,Kolkata,Bangalore,24-06-2022,27-06-2022,Air Asia,I5-319,13:15,22:30,09h 15m,1-stop,9448,15,24-06-2022 15:00,Afternoon,3,555,Kolkata -> Bangalore
6299,Kolkata,Bangalore,24-06-2022,27-06-2022,IndiGo,6E-7177,11:10,21:05,09h 55m,1-stop,9788,12,24-06-2022 12:00,Afternoon,3,595,Kolkata -> Bangalore
6300,Kolkata,Bangalore,24-06-2022,27-06-2022,IndiGo,6E- 966,09:40,21:05,11h 25m,1-stop,9788,16,24-06-2022 16:00,Afternoon,3,685,Kolkata -> Bangalore
6301,Kolkata,Bangalore,24-06-2022,27-06-2022,IndiGo,6E-7305,08:00,21:05,13h 05m,1-stop,9788,2,24-06-2022 02:00,Night,3,785,Kolkata -> Bangalore
6302,Kolkata,Bangalore,24-06-2022,27-06-2022,IndiGo,6E- 455,12:05,14:40,02h 35m,non-stop,9867,19,24-06-2022 19:00,Evening,3,155,Kolkata -> Bangalore
6303,Kolkata,Bangalore,24-06-2022,27-06-2022,IndiGo,6E-7583,16:25,01:30,09h 05m,1-stop,10130,10,24-06-2022 10:00,Morning,3,545,Kolkata -> Bangalore
6304,Kolkata,Bangalore,24-06-2022,27-06-2022,IndiGo,6E-6021,14:00,21:35,07h 35m,1-stop,10471,20,24-06-2022 20:00,Evening,3,455,Kolkata -> Bangalore
6305,Kolkata,Bangalore,24-06-2022,27-06-2022,IndiGo,6E- 634,11:50,22:20,10h 30m,1-stop,10471,18,24-06-2022 18:00,Evening,3,630,Kolkata -> Bangalore
6306,Kolkata,Bangalore,24-06-2022,27-06-2022,IndiGo,6E- 958,14:00,16:35,02h 35m,non-stop,10602,21,24-06-2022 21:00,Night,3,155,Kolkata -> Bangalore
6307,Kolkata,Bangalore,24-06-2022,27-06-2022,Air Asia,I5-510,04:50,15:30,10h 40m,1-stop,10615,10,24-06-2022 10:00,Morning,3,640,Kolkata -> Bangalore
6308,Kolkata,Bangalore,24-06-2022,27-06-2022,IndiGo,6E-6021,14:00,19:20,05h 20m,1-stop,11153,15,24-06-2022 15:00,Afternoon,3,320,Kolkata -> Bangalore
6309,Kolkata,Bangalore,24-06-2022,27-06-2022,IndiGo,6E-6021,14:00,23:40,09h 40m,1-stop,11153,20,24-06-2022 20:00,Evening,3,580,Kolkata -> Bangalore
6310,Kolkata,Bangalore,24-06-2022,27-06-2022,Air Asia,I5-319,13:15,20:45,07h 30m,1-stop,11426,2,24-06-2022 02:00,Night,3,450,Kolkata -> Bangalore
6311,Kolkata,Bangalore,24-06-2022,27-06-2022,Air Asia,I5-1563,18:40,22:30,03h 50m,1-stop,11968,21,24-06-2022 21:00,Night,3,230,Kolkata -> Bangalore
6312,Kolkata,Bangalore,24-06-2022,27-06-2022,Vistara,UK-776,17:35,23:10,05h 35m,1-stop,12046,5,24-06-2022 05:00,Morning,3,335,Kolkata -> Bangalore
6313,Kolkata,Bangalore,24-06-2022,27-06-2022,Vistara,UK-772,10:25,17:45,07h 20m,1-stop,12046,13,24-06-2022 13:00,Afternoon,3,440,Kolkata -> Bangalore
6314,Kolkata,Bangalore,24-06-2022,27-06-2022,Vistara,UK-772,10:25,18:15,07h 50m,1-stop,12046,23,24-06-2022 23:00,Night,3,470,Kolkata -> Bangalore
6315,Kolkata,Bangalore,24-06-2022,27-06-2022,Vistara,UK-772,10:25,19:15,08h 50m,1-stop,12046,17,24-06-2022 17:00,Evening,3,530,Kolkata -> Bangalore
6316,Kolkata,Bangalore,24-06-2022,27-06-2022,Vistara,UK-772,10:25,20:55,10h 30m,1-stop,12046,16,24-06-2022 16:00,Afternoon,3,630,Kolkata -> Bangalore
6317,Kolkata,Bangalore,24-06-2022,27-06-2022,Vistara,UK-774,20:35,07:50,11h 15m,1-stop,12046,3,24-06-2022 03:00,Night,3,675,Kolkata -> Bangalore
6318,Kolkata,Bangalore,24-06-2022,27-06-2022,Vistara,UK-774,20:35,08:50,12h 15m,1-stop,12046,22,24-06-2022 22:00,Night,3,735,Kolkata -> Bangalore
6319,Kolkata,Bangalore,24-06-2022,27-06-2022,Vistara,UK-772,10:25,23:10,12h 45m,1-stop,12046,14,24-06-2022 14:00,Afternoon,3,765,Kolkata -> Bangalore
6320,Kolkata,Bangalore,24-06-2022,27-06-2022,Vistara,UK-776,17:35,07:50,14h 15m,1-stop,12046,10,24-06-2022 10:00,Morning,3,855,Kolkata -> Bangalore
6321,Kolkata,Bangalore,24-06-2022,27-06-2022,Vistara,UK-776,17:35,08:50,15h 15m,1-stop,12046,2,24-06-2022 02:00,Night,3,915,Kolkata -> Bangalore
6322,Kolkata,Bangalore,24-06-2022,27-06-2022,Vistara,UK-774,20:35,17:45,21h 10m,1-stop,12046,2,24-06-2022 02:00,Night,3,1270,Kolkata -> Bangalore
6323,Kolkata,Bangalore,24-06-2022,27-06-2022,Vistara,UK-772,10:25,07:50,21h 25m,1-stop,12046,15,24-06-2022 15:00,Afternoon,3,1285,Kolkata -> Bangalore
6324,Kolkata,Bangalore,24-06-2022,27-06-2022,Vistara,UK-774,20:35,18:15,21h 40m,1-stop,12046,4,24-06-2022 04:00,Night,3,1300,Kolkata -> Bangalore
6325,Kolkata,Bangalore,24-06-2022,27-06-2022,Vistara,UK-772,10:25,08:50,22h 25m,1-stop,12046,20,24-06-2022 20:00,Evening,3,1345,Kolkata -> Bangalore
6326,Kolkata,Bangalore,24-06-2022,27-06-2022,Vistara,UK-774,20:35,19:15,22h 40m,1-stop,12046,9,24-06-2022 09:00,Morning,3,1360,Kolkata -> Bangalore
6327,Kolkata,Bangalore,24-06-2022,27-06-2022,Vistara,UK-776,17:35,17:45,24h 10m,1-stop,12046,18,24-06-2022 18:00,Evening,3,1450,Kolkata -> Bangalore
6328,Kolkata,Bangalore,24-06-2022,27-06-2022,Vistara,UK-774,20:35,20:55,24h 20m,1-stop,12046,3,24-06-2022 03:00,Night,3,1460,Kolkata -> Bangalore
6329,Kolkata,Bangalore,24-06-2022,27-06-2022,Vistara,UK-776,17:35,18:15,24h 40m,1-stop,12046,18,24-06-2022 18:00,Evening,3,1480,Kolkata -> Bangalore
6330,Kolkata,Bangalore,24-06-2022,27-06-2022,Vistara,UK-774,20:35,10:45,14h 10m,1-stop,12490,10,24-06-2022 10:00,Morning,3,850,Kolkata -> Bangalore
6331,Kolkata,Bangalore,24-06-2022,27-06-2022,Vistara,UK-776,17:35,10:45,17h 10m,1-stop,12490,1,24-06-2022 01:00,Night,3,1030,Kolkata -> Bangalore
6332,Kolkata,Bangalore,24-06-2022,27-06-2022,Vistara,UK-778,15:20,22:40,07h 20m,1-stop,13075,9,24-06-2022 09:00,Morning,3,440,Kolkata -> Bangalore
6333,Kolkata,Bangalore,24-06-2022,27-06-2022,Vistara,UK-778,15:20,23:20,08h 00m,1-stop,13075,10,24-06-2022 10:00,Morning,3,480,Kolkata -> Bangalore
6334,Kolkata,Bangalore,24-06-2022,27-06-2022,Vistara,UK-708,20:20,09:00,12h 40m,1-stop,13075,19,24-06-2022 19:00,Evening,3,760,Kolkata -> Bangalore
6335,Kolkata,Bangalore,24-06-2022,27-06-2022,Vistara,UK-706,10:15,18:50,08h 35m,1-stop,13519,15,24-06-2022 15:00,Afternoon,3,515,Kolkata -> Bangalore
6336,Kolkata,Bangalore,24-06-2022,27-06-2022,IndiGo,6E-7623,07:40,14:50,07h 10m,1-stop,14907,18,24-06-2022 18:00,Evening,3,430,Kolkata -> Bangalore
6337,Kolkata,Bangalore,24-06-2022,27-06-2022,IndiGo,6E-6324,06:55,14:20,07h 25m,1-stop,14907,22,24-06-2022 22:00,Night,3,445,Kolkata -> Bangalore
6338,Kolkata,Bangalore,24-06-2022,27-06-2022,GO FIRST,G8- 102,14:35,23:20,08h 45m,1-stop,18029,23,24-06-2022 23:00,Night,3,525,Kolkata -> Bangalore
6339,Kolkata,Bangalore,24-06-2022,27-06-2022,Vistara,UK-774,20:35,15:55,19h 20m,1-stop,16438,10,24-06-2022 10:00,Morning,3,1160,Kolkata -> Bangalore
6340,Kolkata,Bangalore,24-06-2022,27-06-2022,Vistara,UK-776,17:35,15:55,22h 20m,1-stop,16438,13,24-06-2022 13:00,Afternoon,3,1340,Kolkata -> Bangalore
6341,Kolkata,Bangalore,24-06-2022,27-06-2022,Vistara,UK-772,10:25,15:55,29h 30m,1-stop,16438,1,24-06-2022 01:00,Night,3,1770,Kolkata -> Bangalore
6342,Kolkata,Bangalore,24-06-2022,27-06-2022,Vistara,UK-776,17:35,08:45,15h 10m,1-stop,16800,22,24-06-2022 22:00,Night,3,910,Kolkata -> Bangalore
6343,Kolkata,Bangalore,24-06-2022,27-06-2022,Vistara,UK-772,10:25,08:45,22h 20m,1-stop,16800,4,24-06-2022 04:00,Night,3,1340,Kolkata -> Bangalore
6346,Kolkata,Bangalore,24-06-2022,27-06-2022,Vistara,UK-774,20:35,21:45,25h 10m,1-stop,17084,4,24-06-2022 04:00,Night,3,1510,Kolkata -> Bangalore
6347,Kolkata,Bangalore,24-06-2022,27-06-2022,Vistara,UK-776,17:35,21:45,28h 10m,1-stop,17084,18,24-06-2022 18:00,Evening,3,1690,Kolkata -> Bangalore
6348,Kolkata,Bangalore,24-06-2022,27-06-2022,Vistara,UK-772,10:25,21:45,35h 20m,1-stop,17084,20,24-06-2022 20:00,Evening,3,2120,Kolkata -> Bangalore
6349,Kolkata,Bangalore,24-06-2022,27-06-2022,GO FIRST,G8- 393,10:30,21:40,11h 10m,1-stop,17133,11,24-06-2022 11:00,Morning,3,670,Kolkata -> Bangalore
6350,Kolkata,Bangalore,24-06-2022,27-06-2022,GO FIRST,G8- 393,10:30,00:20,13h 50m,1-stop,17133,17,24-06-2022 17:00,Evening,3,830,Kolkata -> Bangalore
6359,Kolkata,Bangalore,24-06-2022,27-06-2022,Vistara,UK-706,10:15,19:30,09h 15m,1-stop,18494,3,24-06-2022 03:00,Night,3,555,Kolkata -> Bangalore
6363,Kolkata,Bangalore,24-06-2022,27-06-2022,Vistara,UK-706,10:15,19:15,09h 00m,1-stop,19649,21,24-06-2022 21:00,Night,3,540,Kolkata -> Bangalore
6364,Kolkata,Bangalore,24-06-2022,27-06-2022,Vistara,UK-708,20:20,21:45,25h 25m,1-stop,20024,16,24-06-2022 16:00,Afternoon,3,1525,Kolkata -> Bangalore
6365,Kolkata,Bangalore,24-06-2022,27-06-2022,Vistara,UK-738,18:45,21:45,27h 00m,2+-stop,20024,9,24-06-2022 09:00,Morning,3,1620,Kolkata -> Bangalore
6366,Kolkata,Bangalore,24-06-2022,27-06-2022,Vistara,UK-778,15:20,21:45,30h 25m,1-stop,20024,19,24-06-2022 19:00,Evening,3,1825,Kolkata -> Bangalore
6367,Kolkata,Bangalore,24-06-2022,27-06-2022,Vistara,UK-706,10:15,21:50,11h 35m,1-stop,20090,5,24-06-2022 05:00,Morning,3,695,Kolkata -> Bangalore
6368,Kolkata,Bangalore,24-06-2022,27-06-2022,Vistara,UK-720,07:10,21:45,14h 35m,2+-stop,20615,13,24-06-2022 13:00,Afternoon,3,875,Kolkata -> Bangalore
6369,Kolkata,Bangalore,24-06-2022,27-06-2022,Vistara,UK-720,07:10,09:30,26h 20m,2+-stop,20615,10,24-06-2022 10:00,Morning,3,1580,Kolkata -> Bangalore
6370,Kolkata,Bangalore,24-06-2022,27-06-2022,Vistara,UK-706,10:15,21:45,35h 30m,1-stop,20615,10,24-06-2022 10:00,Morning,3,2130,Kolkata -> Bangalore
6372,Kolkata,Bangalore,24-06-2022,27-06-2022,Vistara,UK-720,07:10,15:55,08h 45m,2+-stop,22612,17,24-06-2022 17:00,Evening,3,525,Kolkata -> Bangalore
6373,Kolkata,Bangalore,24-06-2022,27-06-2022,Vistara,UK-706,10:15,16:20,30h 05m,1-stop,23686,22,24-06-2022 22:00,Night,3,1805,Kolkata -> Bangalore
6374,Kolkata,Bangalore,24-06-2022,27-06-2022,Vistara,UK-720,07:10,16:20,33h 10m,2+-stop,23686,21,24-06-2022 21:00,Night,3,1990,Kolkata -> Bangalore
6376,Kolkata,Bangalore,24-06-2022,28-06-2022,SpiceJet,SG- 516,06:00,08:25,02h 25m,non-stop,9132,17,24-06-2022 17:00,Evening,4,145,Kolkata -> Bangalore
6377,Kolkata,Bangalore,24-06-2022,28-06-2022,Air Asia,I5-1563,18:40,22:30,03h 50m,1-stop,9028,23,24-06-2022 23:00,Night,4,230,Kolkata -> Bangalore
6378,Kolkata,Bangalore,24-06-2022,28-06-2022,IndiGo,6E- 264,18:45,21:05,02h 20m,non-stop,9132,22,24-06-2022 22:00,Night,4,140,Kolkata -> Bangalore
6379,Kolkata,Bangalore,24-06-2022,28-06-2022,IndiGo,6E- 771,05:40,08:05,02h 25m,non-stop,9132,10,24-06-2022 10:00,Morning,4,145,Kolkata -> Bangalore
6380,Kolkata,Bangalore,24-06-2022,28-06-2022,Air Asia,I5-991,16:40,19:05,02h 25m,non-stop,9132,20,24-06-2022 20:00,Evening,4,145,Kolkata -> Bangalore
6381,Kolkata,Bangalore,24-06-2022,28-06-2022,IndiGo,6E- 496,06:45,09:15,02h 30m,non-stop,9132,11,24-06-2022 11:00,Morning,4,150,Kolkata -> Bangalore
6382,Kolkata,Bangalore,24-06-2022,28-06-2022,IndiGo,6E- 757,16:45,19:15,02h 30m,non-stop,9132,4,24-06-2022 04:00,Night,4,150,Kolkata -> Bangalore
6383,Kolkata,Bangalore,24-06-2022,28-06-2022,IndiGo,6E-6314,19:55,22:25,02h 30m,non-stop,9132,22,24-06-2022 22:00,Night,4,150,Kolkata -> Bangalore
6384,Kolkata,Bangalore,24-06-2022,28-06-2022,IndiGo,6E- 573,21:20,23:50,02h 30m,non-stop,9132,8,24-06-2022 08:00,Morning,4,150,Kolkata -> Bangalore
6385,Kolkata,Bangalore,24-06-2022,28-06-2022,IndiGo,6E- 764,08:35,11:10,02h 35m,non-stop,9132,8,24-06-2022 08:00,Morning,4,155,Kolkata -> Bangalore
6386,Kolkata,Bangalore,24-06-2022,28-06-2022,IndiGo,6E- 455,12:05,14:40,02h 35m,non-stop,9132,21,24-06-2022 21:00,Night,4,155,Kolkata -> Bangalore
6387,Kolkata,Bangalore,24-06-2022,28-06-2022,IndiGo,6E- 958,14:00,16:35,02h 35m,non-stop,9132,9,24-06-2022 09:00,Morning,4,155,Kolkata -> Bangalore
6388,Kolkata,Bangalore,24-06-2022,28-06-2022,Air Asia,I5-1426,09:30,12:10,02h 40m,non-stop,9132,21,24-06-2022 21:00,Night,4,160,Kolkata -> Bangalore
6389,Kolkata,Bangalore,24-06-2022,28-06-2022,Air Asia,I5-319,13:15,20:45,07h 30m,2+-stop,9132,18,24-06-2022 18:00,Evening,4,450,Kolkata -> Bangalore
6390,Kolkata,Bangalore,24-06-2022,28-06-2022,GO FIRST,G8- 102,14:35,23:20,08h 45m,1-stop,9132,0,24-06-2022 00:00,Night,4,525,Kolkata -> Bangalore
6391,Kolkata,Bangalore,24-06-2022,28-06-2022,Air Asia,I5-319,13:15,22:30,09h 15m,2+-stop,9132,6,24-06-2022 06:00,Morning,4,555,Kolkata -> Bangalore
6392,Kolkata,Bangalore,24-06-2022,28-06-2022,Air Asia,I5-510,04:50,15:30,10h 40m,1-stop,9132,3,24-06-2022 03:00,Night,4,640,Kolkata -> Bangalore
6393,Kolkata,Bangalore,24-06-2022,28-06-2022,GO FIRST,G8- 393,10:30,21:40,11h 10m,1-stop,9132,0,24-06-2022 00:00,Night,4,670,Kolkata -> Bangalore
6394,Kolkata,Bangalore,24-06-2022,28-06-2022,GO FIRST,G8- 519,20:10,07:40,11h 30m,1-stop,9132,14,24-06-2022 14:00,Afternoon,4,690,Kolkata -> Bangalore
6395,Kolkata,Bangalore,24-06-2022,28-06-2022,GO FIRST,G8- 393,10:30,00:20,13h 50m,1-stop,9132,7,24-06-2022 07:00,Morning,4,830,Kolkata -> Bangalore
6404,Kolkata,Bangalore,24-06-2022,28-06-2022,IndiGo,6E-6021,14:00,19:20,05h 20m,1-stop,9447,11,24-06-2022 11:00,Morning,4,320,Kolkata -> Bangalore
6405,Kolkata,Bangalore,24-06-2022,28-06-2022,IndiGo,6E- 417,15:00,20:30,05h 30m,1-stop,9447,21,24-06-2022 21:00,Night,4,330,Kolkata -> Bangalore
6406,Kolkata,Bangalore,24-06-2022,28-06-2022,IndiGo,6E-6908,18:00,23:40,05h 40m,1-stop,9447,21,24-06-2022 21:00,Night,4,340,Kolkata -> Bangalore
6407,Kolkata,Bangalore,24-06-2022,28-06-2022,IndiGo,6E- 563,08:15,14:00,05h 45m,1-stop,9447,17,24-06-2022 17:00,Evening,4,345,Kolkata -> Bangalore
6408,Kolkata,Bangalore,24-06-2022,28-06-2022,IndiGo,6E- 833,10:30,17:15,06h 45m,1-stop,9447,14,24-06-2022 14:00,Afternoon,4,405,Kolkata -> Bangalore
6409,Kolkata,Bangalore,24-06-2022,28-06-2022,IndiGo,6E- 512,13:20,20:25,07h 05m,1-stop,9447,16,24-06-2022 16:00,Afternoon,4,425,Kolkata -> Bangalore
6410,Kolkata,Bangalore,24-06-2022,28-06-2022,IndiGo,6E-6324,06:55,14:20,07h 25m,1-stop,9447,13,24-06-2022 13:00,Afternoon,4,445,Kolkata -> Bangalore
6411,Kolkata,Bangalore,24-06-2022,28-06-2022,IndiGo,6E- 989,04:40,12:10,07h 30m,1-stop,9447,13,24-06-2022 13:00,Afternoon,4,450,Kolkata -> Bangalore
6412,Kolkata,Bangalore,24-06-2022,28-06-2022,IndiGo,6E- 892,14:35,22:35,08h 00m,1-stop,9447,17,24-06-2022 17:00,Evening,4,480,Kolkata -> Bangalore
6413,Kolkata,Bangalore,24-06-2022,28-06-2022,IndiGo,6E- 378,14:15,22:20,08h 05m,1-stop,9447,19,24-06-2022 19:00,Evening,4,485,Kolkata -> Bangalore
6414,Kolkata,Bangalore,24-06-2022,28-06-2022,IndiGo,6E- 946,23:55,08:40,08h 45m,1-stop,9447,17,24-06-2022 17:00,Evening,4,525,Kolkata -> Bangalore
6415,Kolkata,Bangalore,24-06-2022,28-06-2022,IndiGo,6E- 563,08:15,17:15,09h 00m,1-stop,9447,15,24-06-2022 15:00,Afternoon,4,540,Kolkata -> Bangalore
6416,Kolkata,Bangalore,24-06-2022,28-06-2022,IndiGo,6E-6513,08:55,17:55,09h 00m,1-stop,9447,0,24-06-2022 00:00,Night,4,540,Kolkata -> Bangalore
6417,Kolkata,Bangalore,24-06-2022,28-06-2022,IndiGo,6E-7583,16:25,01:30,09h 05m,1-stop,9447,22,24-06-2022 22:00,Night,4,545,Kolkata -> Bangalore
6418,Kolkata,Bangalore,24-06-2022,28-06-2022,IndiGo,6E- 775,23:10,08:15,09h 05m,1-stop,9447,10,24-06-2022 10:00,Morning,4,545,Kolkata -> Bangalore
6419,Kolkata,Bangalore,24-06-2022,28-06-2022,IndiGo,6E- 989,04:40,14:00,09h 20m,1-stop,9447,14,24-06-2022 14:00,Afternoon,4,560,Kolkata -> Bangalore
6420,Kolkata,Bangalore,24-06-2022,28-06-2022,IndiGo,6E- 966,09:40,19:00,09h 20m,1-stop,9447,11,24-06-2022 11:00,Morning,4,560,Kolkata -> Bangalore
6421,Kolkata,Bangalore,24-06-2022,28-06-2022,IndiGo,6E-6021,14:00,23:40,09h 40m,1-stop,9447,7,24-06-2022 07:00,Morning,4,580,Kolkata -> Bangalore
6422,Kolkata,Bangalore,24-06-2022,28-06-2022,IndiGo,6E- 775,23:10,09:30,10h 20m,1-stop,9447,21,24-06-2022 21:00,Night,4,620,Kolkata -> Bangalore
6423,Kolkata,Bangalore,24-06-2022,28-06-2022,IndiGo,6E-6513,08:55,19:20,10h 25m,1-stop,9447,19,24-06-2022 19:00,Evening,4,625,Kolkata -> Bangalore
6424,Kolkata,Bangalore,24-06-2022,28-06-2022,IndiGo,6E- 634,11:50,22:20,10h 30m,1-stop,9447,5,24-06-2022 05:00,Morning,4,630,Kolkata -> Bangalore
6425,Kolkata,Bangalore,24-06-2022,28-06-2022,IndiGo,6E-6021,14:00,21:35,07h 35m,1-stop,10812,2,24-06-2022 02:00,Night,4,455,Kolkata -> Bangalore
6426,Kolkata,Bangalore,24-06-2022,28-06-2022,IndiGo,6E- 966,09:40,21:05,11h 25m,1-stop,10812,23,24-06-2022 23:00,Night,4,685,Kolkata -> Bangalore
6427,Kolkata,Bangalore,24-06-2022,28-06-2022,IndiGo,6E- 833,10:30,19:55,09h 25m,1-stop,11153,12,24-06-2022 12:00,Afternoon,4,565,Kolkata -> Bangalore
6428,Kolkata,Bangalore,24-06-2022,28-06-2022,IndiGo,6E- 892,14:35,19:55,05h 20m,1-stop,11495,12,24-06-2022 12:00,Afternoon,4,320,Kolkata -> Bangalore
6429,Kolkata,Bangalore,24-06-2022,28-06-2022,Vistara,UK-776,17:35,23:10,05h 35m,1-stop,12046,1,24-06-2022 01:00,Night,4,335,Kolkata -> Bangalore
6430,Kolkata,Bangalore,24-06-2022,28-06-2022,Vistara,UK-772,10:25,17:45,07h 20m,1-stop,12046,4,24-06-2022 04:00,Night,4,440,Kolkata -> Bangalore
6431,Kolkata,Bangalore,24-06-2022,28-06-2022,Vistara,UK-772,10:25,18:15,07h 50m,1-stop,12046,16,24-06-2022 16:00,Afternoon,4,470,Kolkata -> Bangalore
6432,Kolkata,Bangalore,24-06-2022,28-06-2022,Vistara,UK-772,10:25,19:15,08h 50m,1-stop,12046,5,24-06-2022 05:00,Morning,4,530,Kolkata -> Bangalore
6433,Kolkata,Bangalore,24-06-2022,28-06-2022,Vistara,UK-772,10:25,20:55,10h 30m,1-stop,12046,1,24-06-2022 01:00,Night,4,630,Kolkata -> Bangalore
6434,Kolkata,Bangalore,24-06-2022,28-06-2022,Vistara,UK-774,20:35,07:50,11h 15m,1-stop,12046,3,24-06-2022 03:00,Night,4,675,Kolkata -> Bangalore
6435,Kolkata,Bangalore,24-06-2022,28-06-2022,Vistara,UK-774,20:35,08:50,12h 15m,1-stop,12046,21,24-06-2022 21:00,Night,4,735,Kolkata -> Bangalore
6436,Kolkata,Bangalore,24-06-2022,28-06-2022,Vistara,UK-772,10:25,23:10,12h 45m,1-stop,12046,10,24-06-2022 10:00,Morning,4,765,Kolkata -> Bangalore
6437,Kolkata,Bangalore,24-06-2022,28-06-2022,Vistara,UK-776,17:35,07:50,14h 15m,1-stop,12046,7,24-06-2022 07:00,Morning,4,855,Kolkata -> Bangalore
6438,Kolkata,Bangalore,24-06-2022,28-06-2022,Vistara,UK-776,17:35,08:50,15h 15m,1-stop,12046,11,24-06-2022 11:00,Morning,4,915,Kolkata -> Bangalore
6439,Kolkata,Bangalore,24-06-2022,28-06-2022,Vistara,UK-774,20:35,17:45,21h 10m,1-stop,12046,7,24-06-2022 07:00,Morning,4,1270,Kolkata -> Bangalore
6440,Kolkata,Bangalore,24-06-2022,28-06-2022,Vistara,UK-772,10:25,07:50,21h 25m,1-stop,12046,10,24-06-2022 10:00,Morning,4,1285,Kolkata -> Bangalore
6441,Kolkata,Bangalore,24-06-2022,28-06-2022,Vistara,UK-774,20:35,18:15,21h 40m,1-stop,12046,21,24-06-2022 21:00,Night,4,1300,Kolkata -> Bangalore
6442,Kolkata,Bangalore,24-06-2022,28-06-2022,Vistara,UK-772,10:25,08:50,22h 25m,1-stop,12046,19,24-06-2022 19:00,Evening,4,1345,Kolkata -> Bangalore
6443,Kolkata,Bangalore,24-06-2022,28-06-2022,Vistara,UK-774,20:35,19:15,22h 40m,1-stop,12046,7,24-06-2022 07:00,Morning,4,1360,Kolkata -> Bangalore
6444,Kolkata,Bangalore,24-06-2022,28-06-2022,Vistara,UK-776,17:35,17:45,24h 10m,1-stop,12046,7,24-06-2022 07:00,Morning,4,1450,Kolkata -> Bangalore
6445,Kolkata,Bangalore,24-06-2022,28-06-2022,Vistara,UK-776,17:35,18:15,24h 40m,1-stop,12046,16,24-06-2022 16:00,Afternoon,4,1480,Kolkata -> Bangalore
6446,Kolkata,Bangalore,24-06-2022,28-06-2022,Vistara,UK-776,17:35,19:15,25h 40m,1-stop,12046,19,24-06-2022 19:00,Evening,4,1540,Kolkata -> Bangalore
6447,Kolkata,Bangalore,24-06-2022,28-06-2022,Vistara,UK-774,20:35,23:10,26h 35m,1-stop,12046,19,24-06-2022 19:00,Evening,4,1595,Kolkata -> Bangalore
6448,Kolkata,Bangalore,24-06-2022,28-06-2022,Vistara,UK-774,20:35,10:45,14h 10m,1-stop,12490,22,24-06-2022 22:00,Night,4,850,Kolkata -> Bangalore
6449,Kolkata,Bangalore,24-06-2022,28-06-2022,Vistara,UK-776,17:35,10:45,17h 10m,1-stop,12490,15,24-06-2022 15:00,Afternoon,4,1030,Kolkata -> Bangalore
6450,Kolkata,Bangalore,24-06-2022,28-06-2022,Vistara,UK-706,10:15,16:50,06h 35m,1-stop,13075,13,24-06-2022 13:00,Afternoon,4,395,Kolkata -> Bangalore
6451,Kolkata,Bangalore,24-06-2022,28-06-2022,Vistara,UK-720,07:10,16:50,09h 40m,1-stop,13075,10,24-06-2022 10:00,Morning,4,580,Kolkata -> Bangalore
6452,Kolkata,Bangalore,24-06-2022,28-06-2022,Vistara,UK-774,20:35,20:55,24h 20m,1-stop,13078,6,24-06-2022 06:00,Morning,4,1460,Kolkata -> Bangalore
6453,Kolkata,Bangalore,24-06-2022,28-06-2022,Vistara,UK-776,17:35,08:45,15h 10m,1-stop,16800,15,24-06-2022 15:00,Afternoon,4,910,Kolkata -> Bangalore
6454,Kolkata,Bangalore,24-06-2022,28-06-2022,Vistara,UK-772,10:25,08:45,22h 20m,1-stop,16800,12,24-06-2022 12:00,Afternoon,4,1340,Kolkata -> Bangalore
6458,Kolkata,Bangalore,24-06-2022,28-06-2022,Vistara,UK-774,20:35,21:45,25h 10m,1-stop,17084,14,24-06-2022 14:00,Afternoon,4,1510,Kolkata -> Bangalore
6459,Kolkata,Bangalore,24-06-2022,28-06-2022,Vistara,UK-776,17:35,21:45,28h 10m,1-stop,17084,23,24-06-2022 23:00,Night,4,1690,Kolkata -> Bangalore
6460,Kolkata,Bangalore,24-06-2022,28-06-2022,Vistara,UK-772,10:25,21:45,35h 20m,1-stop,17084,15,24-06-2022 15:00,Afternoon,4,2120,Kolkata -> Bangalore
6461,Kolkata,Bangalore,24-06-2022,28-06-2022,Vistara,UK-706,10:15,19:30,09h 15m,1-stop,18050,20,24-06-2022 20:00,Evening,4,555,Kolkata -> Bangalore
6468,Kolkata,Bangalore,24-06-2022,28-06-2022,Vistara,UK-720,07:10,15:55,08h 45m,1-stop,18638,22,24-06-2022 22:00,Night,4,525,Kolkata -> Bangalore
6469,Kolkata,Bangalore,24-06-2022,28-06-2022,Vistara,UK-706,10:15,19:15,09h 00m,1-stop,19205,23,24-06-2022 23:00,Night,4,540,Kolkata -> Bangalore
6475,Kolkata,Bangalore,24-06-2022,28-06-2022,Vistara,UK-720,07:10,21:45,14h 35m,1-stop,20024,8,24-06-2022 08:00,Morning,4,875,Kolkata -> Bangalore
6476,Kolkata,Bangalore,24-06-2022,28-06-2022,Vistara,UK-708,20:20,21:45,25h 25m,2+-stop,20024,2,24-06-2022 02:00,Night,4,1525,Kolkata -> Bangalore
6477,Kolkata,Bangalore,24-06-2022,28-06-2022,Vistara,UK-720,07:10,09:30,26h 20m,1-stop,20024,18,24-06-2022 18:00,Evening,4,1580,Kolkata -> Bangalore
6478,Kolkata,Bangalore,24-06-2022,28-06-2022,Vistara,UK-738,18:45,21:45,27h 00m,2+-stop,20024,19,24-06-2022 19:00,Evening,4,1620,Kolkata -> Bangalore
6479,Kolkata,Bangalore,24-06-2022,28-06-2022,Vistara,UK-778,15:20,21:45,30h 25m,2+-stop,20024,4,24-06-2022 04:00,Night,4,1825,Kolkata -> Bangalore
6480,Kolkata,Bangalore,24-06-2022,28-06-2022,Vistara,UK-706,10:15,21:45,35h 30m,1-stop,20024,9,24-06-2022 09:00,Morning,4,2130,Kolkata -> Bangalore
6481,Kolkata,Bangalore,24-06-2022,28-06-2022,Vistara,UK-708,20:20,16:20,20h 00m,2+-stop,23242,16,24-06-2022 16:00,Afternoon,4,1200,Kolkata -> Bangalore
6482,Kolkata,Bangalore,24-06-2022,28-06-2022,Vistara,UK-738,18:45,16:20,21h 35m,2+-stop,23242,14,24-06-2022 14:00,Afternoon,4,1295,Kolkata -> Bangalore
6483,Kolkata,Bangalore,24-06-2022,28-06-2022,Vistara,UK-778,15:20,16:20,25h 00m,2+-stop,23242,22,24-06-2022 22:00,Night,4,1500,Kolkata -> Bangalore
6484,Kolkata,Bangalore,24-06-2022,28-06-2022,Vistara,UK-706,10:15,16:20,30h 05m,1-stop,23242,7,24-06-2022 07:00,Morning,4,1805,Kolkata -> Bangalore
6485,Kolkata,Bangalore,24-06-2022,28-06-2022,Vistara,UK-706,10:15,16:20,30h 05m,1-stop,23242,14,24-06-2022 14:00,Afternoon,4,1805,Kolkata -> Bangalore
6486,Kolkata,Bangalore,24-06-2022,28-06-2022,Vistara,UK-720,07:10,16:20,33h 10m,1-stop,23242,20,24-06-2022 20:00,Evening,4,1990,Kolkata -> Bangalore
6489,Kolkata,Bangalore,24-06-2022,29-06-2022,SpiceJet,SG- 516,06:00,08:25,02h 25m,non-stop,9132,13,24-06-2022 13:00,Afternoon,5,145,Kolkata -> Bangalore
6490,Kolkata,Bangalore,24-06-2022,29-06-2022,IndiGo,6E- 264,18:45,21:05,02h 20m,non-stop,9132,19,24-06-2022 19:00,Evening,5,140,Kolkata -> Bangalore
6491,Kolkata,Bangalore,24-06-2022,29-06-2022,IndiGo,6E- 771,05:40,08:05,02h 25m,non-stop,9132,6,24-06-2022 06:00,Morning,5,145,Kolkata -> Bangalore
6492,Kolkata,Bangalore,24-06-2022,29-06-2022,IndiGo,6E- 496,06:45,09:15,02h 30m,non-stop,9132,20,24-06-2022 20:00,Evening,5,150,Kolkata -> Bangalore
6493,Kolkata,Bangalore,24-06-2022,29-06-2022,IndiGo,6E-6314,19:55,22:25,02h 30m,non-stop,9132,22,24-06-2022 22:00,Night,5,150,Kolkata -> Bangalore
6494,Kolkata,Bangalore,24-06-2022,29-06-2022,IndiGo,6E- 573,21:20,23:50,02h 30m,non-stop,9132,11,24-06-2022 11:00,Morning,5,150,Kolkata -> Bangalore
6495,Kolkata,Bangalore,24-06-2022,29-06-2022,IndiGo,6E- 764,08:35,11:10,02h 35m,non-stop,9132,16,24-06-2022 16:00,Afternoon,5,155,Kolkata -> Bangalore
6496,Kolkata,Bangalore,24-06-2022,29-06-2022,IndiGo,6E- 455,12:05,14:40,02h 35m,non-stop,9132,16,24-06-2022 16:00,Afternoon,5,155,Kolkata -> Bangalore
6497,Kolkata,Bangalore,24-06-2022,29-06-2022,Air Asia,I5-1426,09:30,12:10,02h 40m,non-stop,9132,9,24-06-2022 09:00,Morning,5,160,Kolkata -> Bangalore
6498,Kolkata,Bangalore,24-06-2022,29-06-2022,GO FIRST,G8- 102,14:35,23:20,08h 45m,1-stop,9132,18,24-06-2022 18:00,Evening,5,525,Kolkata -> Bangalore
6499,Kolkata,Bangalore,24-06-2022,29-06-2022,Air Asia,I5-319,13:15,22:30,09h 15m,1-stop,9132,13,24-06-2022 13:00,Afternoon,5,555,Kolkata -> Bangalore
6500,Kolkata,Bangalore,24-06-2022,29-06-2022,GO FIRST,G8- 393,10:30,21:40,11h 10m,1-stop,9132,10,24-06-2022 10:00,Morning,5,670,Kolkata -> Bangalore
6501,Kolkata,Bangalore,24-06-2022,29-06-2022,GO FIRST,G8- 519,20:10,07:40,11h 30m,1-stop,9132,1,24-06-2022 01:00,Night,5,690,Kolkata -> Bangalore
6502,Kolkata,Bangalore,24-06-2022,29-06-2022,GO FIRST,G8- 393,10:30,00:20,13h 50m,1-stop,9132,17,24-06-2022 17:00,Evening,5,830,Kolkata -> Bangalore
6512,Kolkata,Bangalore,24-06-2022,29-06-2022,IndiGo,6E-6021,14:00,19:20,05h 20m,1-stop,9447,6,24-06-2022 06:00,Morning,5,320,Kolkata -> Bangalore
6513,Kolkata,Bangalore,24-06-2022,29-06-2022,IndiGo,6E- 892,14:35,19:55,05h 20m,1-stop,9447,11,24-06-2022 11:00,Morning,5,320,Kolkata -> Bangalore
6514,Kolkata,Bangalore,24-06-2022,29-06-2022,IndiGo,6E- 725,19:55,01:15,05h 20m,1-stop,9447,1,24-06-2022 01:00,Night,5,320,Kolkata -> Bangalore
6515,Kolkata,Bangalore,24-06-2022,29-06-2022,IndiGo,6E- 417,15:00,20:30,05h 30m,1-stop,9447,19,24-06-2022 19:00,Evening,5,330,Kolkata -> Bangalore
6516,Kolkata,Bangalore,24-06-2022,29-06-2022,IndiGo,6E-6908,18:00,23:40,05h 40m,1-stop,9447,17,24-06-2022 17:00,Evening,5,340,Kolkata -> Bangalore
6517,Kolkata,Bangalore,24-06-2022,29-06-2022,IndiGo,6E- 563,08:15,14:00,05h 45m,1-stop,9447,5,24-06-2022 05:00,Morning,5,345,Kolkata -> Bangalore
6518,Kolkata,Bangalore,24-06-2022,29-06-2022,IndiGo,6E- 833,10:30,17:15,06h 45m,1-stop,9447,23,24-06-2022 23:00,Night,5,405,Kolkata -> Bangalore
6519,Kolkata,Bangalore,24-06-2022,29-06-2022,IndiGo,6E-6926,14:40,21:25,06h 45m,1-stop,9447,9,24-06-2022 09:00,Morning,5,405,Kolkata -> Bangalore
6520,Kolkata,Bangalore,24-06-2022,29-06-2022,IndiGo,6E- 512,13:20,20:25,07h 05m,1-stop,9447,19,24-06-2022 19:00,Evening,5,425,Kolkata -> Bangalore
6521,Kolkata,Bangalore,24-06-2022,29-06-2022,IndiGo,6E-7623,07:40,14:50,07h 10m,1-stop,9447,14,24-06-2022 14:00,Afternoon,5,430,Kolkata -> Bangalore
6522,Kolkata,Bangalore,24-06-2022,29-06-2022,IndiGo,6E-6908,18:00,01:15,07h 15m,1-stop,9447,4,24-06-2022 04:00,Night,5,435,Kolkata -> Bangalore
6523,Kolkata,Bangalore,24-06-2022,29-06-2022,IndiGo,6E-6324,06:55,14:20,07h 25m,1-stop,9447,19,24-06-2022 19:00,Evening,5,445,Kolkata -> Bangalore
6524,Kolkata,Bangalore,24-06-2022,29-06-2022,IndiGo,6E- 989,04:40,12:10,07h 30m,1-stop,9447,2,24-06-2022 02:00,Night,5,450,Kolkata -> Bangalore
6525,Kolkata,Bangalore,24-06-2022,29-06-2022,IndiGo,6E-7177,11:10,19:00,07h 50m,1-stop,9447,4,24-06-2022 04:00,Night,5,470,Kolkata -> Bangalore
6526,Kolkata,Bangalore,24-06-2022,29-06-2022,IndiGo,6E- 892,14:35,22:35,08h 00m,1-stop,9447,7,24-06-2022 07:00,Morning,5,480,Kolkata -> Bangalore
6527,Kolkata,Bangalore,24-06-2022,29-06-2022,IndiGo,6E- 946,23:55,08:40,08h 45m,1-stop,9447,7,24-06-2022 07:00,Morning,5,525,Kolkata -> Bangalore
6528,Kolkata,Bangalore,24-06-2022,29-06-2022,IndiGo,6E- 563,08:15,17:15,09h 00m,1-stop,9447,7,24-06-2022 07:00,Morning,5,540,Kolkata -> Bangalore
6529,Kolkata,Bangalore,24-06-2022,29-06-2022,IndiGo,6E-6513,08:55,17:55,09h 00m,1-stop,9447,11,24-06-2022 11:00,Morning,5,540,Kolkata -> Bangalore
6530,Kolkata,Bangalore,24-06-2022,29-06-2022,IndiGo,6E- 775,23:10,08:15,09h 05m,1-stop,9447,23,24-06-2022 23:00,Night,5,545,Kolkata -> Bangalore
6531,Kolkata,Bangalore,24-06-2022,29-06-2022,IndiGo,6E- 989,04:40,14:00,09h 20m,1-stop,9447,22,24-06-2022 22:00,Night,5,560,Kolkata -> Bangalore
6532,Kolkata,Bangalore,24-06-2022,29-06-2022,IndiGo,6E- 966,09:40,19:00,09h 20m,1-stop,9447,7,24-06-2022 07:00,Morning,5,560,Kolkata -> Bangalore
6533,Kolkata,Bangalore,24-06-2022,29-06-2022,IndiGo,6E- 833,10:30,19:55,09h 25m,1-stop,9447,10,24-06-2022 10:00,Morning,5,565,Kolkata -> Bangalore
6534,Kolkata,Bangalore,24-06-2022,29-06-2022,IndiGo,6E-6021,14:00,23:40,09h 40m,1-stop,9447,13,24-06-2022 13:00,Afternoon,5,580,Kolkata -> Bangalore
6535,Kolkata,Bangalore,24-06-2022,29-06-2022,IndiGo,6E- 946,23:55,09:55,10h 00m,1-stop,9447,7,24-06-2022 07:00,Morning,5,600,Kolkata -> Bangalore
6536,Kolkata,Bangalore,24-06-2022,29-06-2022,IndiGo,6E- 775,23:10,09:30,10h 20m,1-stop,9447,23,24-06-2022 23:00,Night,5,620,Kolkata -> Bangalore
6537,Kolkata,Bangalore,24-06-2022,29-06-2022,IndiGo,6E-6513,08:55,19:20,10h 25m,1-stop,9447,9,24-06-2022 09:00,Morning,5,625,Kolkata -> Bangalore
6538,Kolkata,Bangalore,24-06-2022,29-06-2022,IndiGo,6E- 634,11:50,22:20,10h 30m,1-stop,9447,6,24-06-2022 06:00,Morning,5,630,Kolkata -> Bangalore
6539,Kolkata,Bangalore,24-06-2022,29-06-2022,Air Asia,I5-510,04:50,15:30,10h 40m,1-stop,9448,16,24-06-2022 16:00,Afternoon,5,640,Kolkata -> Bangalore
6540,Kolkata,Bangalore,24-06-2022,29-06-2022,Air Asia,I5-991,16:40,19:05,02h 25m,non-stop,9658,3,24-06-2022 03:00,Night,5,145,Kolkata -> Bangalore
6541,Kolkata,Bangalore,24-06-2022,29-06-2022,IndiGo,6E- 757,16:45,19:05,02h 20m,non-stop,9867,12,24-06-2022 12:00,Afternoon,5,140,Kolkata -> Bangalore
6542,Kolkata,Bangalore,24-06-2022,29-06-2022,IndiGo,6E-7583,16:25,01:30,09h 05m,1-stop,10130,3,24-06-2022 03:00,Night,5,545,Kolkata -> Bangalore
6543,Kolkata,Bangalore,24-06-2022,29-06-2022,IndiGo,6E-6021,14:00,21:35,07h 35m,1-stop,10471,4,24-06-2022 04:00,Night,5,455,Kolkata -> Bangalore
6544,Kolkata,Bangalore,24-06-2022,29-06-2022,IndiGo,6E- 958,14:00,16:35,02h 35m,non-stop,10602,21,24-06-2022 21:00,Night,5,155,Kolkata -> Bangalore
6545,Kolkata,Bangalore,24-06-2022,29-06-2022,Air Asia,I5-319,13:15,20:45,07h 30m,1-stop,10615,3,24-06-2022 03:00,Night,5,450,Kolkata -> Bangalore
6546,Kolkata,Bangalore,24-06-2022,29-06-2022,IndiGo,6E-7177,11:10,21:05,09h 55m,1-stop,11153,17,24-06-2022 17:00,Evening,5,595,Kolkata -> Bangalore
6547,Kolkata,Bangalore,24-06-2022,29-06-2022,Vistara,UK-776,17:35,23:10,05h 35m,1-stop,12046,5,24-06-2022 05:00,Morning,5,335,Kolkata -> Bangalore
6548,Kolkata,Bangalore,24-06-2022,29-06-2022,Vistara,UK-774,20:35,07:50,11h 15m,1-stop,12046,23,24-06-2022 23:00,Night,5,675,Kolkata -> Bangalore
6549,Kolkata,Bangalore,24-06-2022,29-06-2022,Vistara,UK-774,20:35,08:50,12h 15m,1-stop,12046,23,24-06-2022 23:00,Night,5,735,Kolkata -> Bangalore
6550,Kolkata,Bangalore,24-06-2022,29-06-2022,Vistara,UK-774,20:35,10:45,14h 10m,1-stop,12046,22,24-06-2022 22:00,Night,5,850,Kolkata -> Bangalore
6551,Kolkata,Bangalore,24-06-2022,29-06-2022,Vistara,UK-776,17:35,07:50,14h 15m,1-stop,12046,21,24-06-2022 21:00,Night,5,855,Kolkata -> Bangalore
6552,Kolkata,Bangalore,24-06-2022,29-06-2022,Vistara,UK-776,17:35,08:50,15h 15m,1-stop,12046,1,24-06-2022 01:00,Night,5,915,Kolkata -> Bangalore
6553,Kolkata,Bangalore,24-06-2022,29-06-2022,Vistara,UK-776,17:35,10:45,17h 10m,1-stop,12046,22,24-06-2022 22:00,Night,5,1030,Kolkata -> Bangalore
6554,Kolkata,Bangalore,24-06-2022,29-06-2022,Vistara,UK-774,20:35,17:45,21h 10m,1-stop,12046,10,24-06-2022 10:00,Morning,5,1270,Kolkata -> Bangalore
6555,Kolkata,Bangalore,24-06-2022,29-06-2022,Vistara,UK-774,20:35,18:15,21h 40m,1-stop,12046,13,24-06-2022 13:00,Afternoon,5,1300,Kolkata -> Bangalore
6556,Kolkata,Bangalore,24-06-2022,29-06-2022,Vistara,UK-774,20:35,19:15,22h 40m,1-stop,12046,4,24-06-2022 04:00,Night,5,1360,Kolkata -> Bangalore
6557,Kolkata,Bangalore,24-06-2022,29-06-2022,Vistara,UK-776,17:35,17:45,24h 10m,1-stop,12046,5,24-06-2022 05:00,Morning,5,1450,Kolkata -> Bangalore
6558,Kolkata,Bangalore,24-06-2022,29-06-2022,Vistara,UK-776,17:35,18:15,24h 40m,1-stop,12046,9,24-06-2022 09:00,Morning,5,1480,Kolkata -> Bangalore
6559,Kolkata,Bangalore,24-06-2022,29-06-2022,Vistara,UK-776,17:35,19:15,25h 40m,1-stop,12046,7,24-06-2022 07:00,Morning,5,1540,Kolkata -> Bangalore
6560,Kolkata,Bangalore,24-06-2022,29-06-2022,Vistara,UK-772,10:25,17:45,07h 20m,1-stop,12490,13,24-06-2022 13:00,Afternoon,5,440,Kolkata -> Bangalore
6561,Kolkata,Bangalore,24-06-2022,29-06-2022,Vistara,UK-772,10:25,18:15,07h 50m,1-stop,12490,23,24-06-2022 23:00,Night,5,470,Kolkata -> Bangalore
6562,Kolkata,Bangalore,24-06-2022,29-06-2022,Vistara,UK-772,10:25,19:15,08h 50m,1-stop,12490,2,24-06-2022 02:00,Night,5,530,Kolkata -> Bangalore
6563,Kolkata,Bangalore,24-06-2022,29-06-2022,Vistara,UK-772,10:25,23:10,12h 45m,1-stop,12490,11,24-06-2022 11:00,Morning,5,765,Kolkata -> Bangalore
6564,Kolkata,Bangalore,24-06-2022,29-06-2022,Vistara,UK-772,10:25,07:50,21h 25m,1-stop,12490,15,24-06-2022 15:00,Afternoon,5,1285,Kolkata -> Bangalore
6565,Kolkata,Bangalore,24-06-2022,29-06-2022,Vistara,UK-772,10:25,08:50,22h 25m,1-stop,12490,22,24-06-2022 22:00,Night,5,1345,Kolkata -> Bangalore
6566,Kolkata,Bangalore,24-06-2022,29-06-2022,Vistara,UK-708,20:20,09:00,12h 40m,1-stop,13075,16,24-06-2022 16:00,Afternoon,5,760,Kolkata -> Bangalore
6567,Kolkata,Bangalore,24-06-2022,29-06-2022,Vistara,UK-738,18:45,09:00,14h 15m,1-stop,13075,0,24-06-2022 00:00,Night,5,855,Kolkata -> Bangalore
6568,Kolkata,Bangalore,24-06-2022,29-06-2022,Vistara,UK-778,15:20,09:00,17h 40m,1-stop,13075,22,24-06-2022 22:00,Night,5,1060,Kolkata -> Bangalore
6569,Kolkata,Bangalore,24-06-2022,29-06-2022,Vistara,UK-708,20:20,14:30,18h 10m,1-stop,13075,9,24-06-2022 09:00,Morning,5,1090,Kolkata -> Bangalore
6570,Kolkata,Bangalore,24-06-2022,29-06-2022,Vistara,UK-738,18:45,14:30,19h 45m,1-stop,13075,22,24-06-2022 22:00,Night,5,1185,Kolkata -> Bangalore
6571,Kolkata,Bangalore,24-06-2022,29-06-2022,Vistara,UK-772,10:25,20:55,10h 30m,1-stop,13078,9,24-06-2022 09:00,Morning,5,630,Kolkata -> Bangalore
6572,Kolkata,Bangalore,24-06-2022,29-06-2022,Vistara,UK-778,15:20,23:20,08h 00m,1-stop,13519,20,24-06-2022 20:00,Evening,5,480,Kolkata -> Bangalore
6573,Kolkata,Bangalore,24-06-2022,29-06-2022,Vistara,UK-706,10:15,18:50,08h 35m,1-stop,14842,23,24-06-2022 23:00,Night,5,515,Kolkata -> Bangalore
6574,Kolkata,Bangalore,24-06-2022,29-06-2022,Vistara,UK-776,17:35,08:45,15h 10m,1-stop,16800,1,24-06-2022 01:00,Night,5,910,Kolkata -> Bangalore
6580,Kolkata,Bangalore,24-06-2022,29-06-2022,Vistara,UK-706,10:15,19:30,09h 15m,1-stop,18050,8,24-06-2022 08:00,Morning,5,555,Kolkata -> Bangalore
6581,Kolkata,Bangalore,24-06-2022,29-06-2022,Vistara,UK-774,20:35,21:45,25h 10m,1-stop,18116,21,24-06-2022 21:00,Night,5,1510,Kolkata -> Bangalore
6582,Kolkata,Bangalore,24-06-2022,29-06-2022,Vistara,UK-776,17:35,21:45,28h 10m,1-stop,18116,12,24-06-2022 12:00,Afternoon,5,1690,Kolkata -> Bangalore
6583,Kolkata,Bangalore,24-06-2022,29-06-2022,Vistara,UK-772,10:25,21:45,35h 20m,1-stop,18116,15,24-06-2022 15:00,Afternoon,5,2120,Kolkata -> Bangalore
6590,Kolkata,Bangalore,24-06-2022,29-06-2022,Vistara,UK-706,10:15,19:15,09h 00m,1-stop,19205,17,24-06-2022 17:00,Evening,5,540,Kolkata -> Bangalore
6596,Kolkata,Bangalore,24-06-2022,29-06-2022,Vistara,UK-706,10:15,16:50,06h 35m,1-stop,19945,18,24-06-2022 18:00,Evening,5,395,Kolkata -> Bangalore
6597,Kolkata,Bangalore,24-06-2022,29-06-2022,Vistara,UK-778,15:20,22:40,07h 20m,1-stop,19945,11,24-06-2022 11:00,Morning,5,440,Kolkata -> Bangalore
6598,Kolkata,Bangalore,24-06-2022,29-06-2022,Vistara,UK-720,07:10,16:50,09h 40m,1-stop,19945,7,24-06-2022 07:00,Morning,5,580,Kolkata -> Bangalore
6599,Kolkata,Bangalore,24-06-2022,29-06-2022,Vistara,UK-706,10:15,20:25,10h 10m,1-stop,19945,16,24-06-2022 16:00,Afternoon,5,610,Kolkata -> Bangalore
6600,Kolkata,Bangalore,24-06-2022,29-06-2022,Vistara,UK-720,07:10,21:45,14h 35m,1-stop,20024,14,24-06-2022 14:00,Afternoon,5,875,Kolkata -> Bangalore
6601,Kolkata,Bangalore,24-06-2022,29-06-2022,Vistara,UK-708,20:20,21:45,25h 25m,1-stop,20024,9,24-06-2022 09:00,Morning,5,1525,Kolkata -> Bangalore
6602,Kolkata,Bangalore,24-06-2022,29-06-2022,Vistara,UK-720,07:10,09:30,26h 20m,1-stop,20024,14,24-06-2022 14:00,Afternoon,5,1580,Kolkata -> Bangalore
6603,Kolkata,Bangalore,24-06-2022,29-06-2022,Vistara,UK-738,18:45,21:45,27h 00m,1-stop,20024,14,24-06-2022 14:00,Afternoon,5,1620,Kolkata -> Bangalore
6604,Kolkata,Bangalore,24-06-2022,29-06-2022,Vistara,UK-778,15:20,21:45,30h 25m,1-stop,20024,22,24-06-2022 22:00,Night,5,1825,Kolkata -> Bangalore
6605,Kolkata,Bangalore,24-06-2022,29-06-2022,Vistara,UK-706,10:15,21:45,35h 30m,1-stop,20024,6,24-06-2022 06:00,Morning,5,2130,Kolkata -> Bangalore
6606,Kolkata,Bangalore,24-06-2022,29-06-2022,Vistara,UK-720,07:10,15:55,08h 45m,1-stop,20405,12,24-06-2022 12:00,Afternoon,5,525,Kolkata -> Bangalore
6607,Kolkata,Bangalore,24-06-2022,29-06-2022,Vistara,UK-706,10:15,16:20,30h 05m,1-stop,23242,16,24-06-2022 16:00,Afternoon,5,1805,Kolkata -> Bangalore
6608,Kolkata,Bangalore,24-06-2022,29-06-2022,Vistara,UK-720,07:10,16:20,33h 10m,1-stop,23242,8,24-06-2022 08:00,Morning,5,1990,Kolkata -> Bangalore
6609,Kolkata,Bangalore,24-06-2022,30-06-2022,SpiceJet,SG- 516,06:00,08:25,02h 25m,non-stop,9132,7,24-06-2022 07:00,Morning,6,145,Kolkata -> Bangalore
6610,Kolkata,Bangalore,24-06-2022,30-06-2022,Air Asia,I5-1563,18:40,22:30,03h 50m,1-stop,9028,19,24-06-2022 19:00,Evening,6,230,Kolkata -> Bangalore
6611,Kolkata,Bangalore,24-06-2022,30-06-2022,IndiGo,6E- 771,05:40,08:05,02h 25m,non-stop,9132,20,24-06-2022 20:00,Evening,6,145,Kolkata -> Bangalore
6612,Kolkata,Bangalore,24-06-2022,30-06-2022,IndiGo,6E- 496,06:45,09:15,02h 30m,non-stop,9132,17,24-06-2022 17:00,Evening,6,150,Kolkata -> Bangalore
6613,Kolkata,Bangalore,24-06-2022,30-06-2022,IndiGo,6E-6314,19:55,22:25,02h 30m,non-stop,9132,12,24-06-2022 12:00,Afternoon,6,150,Kolkata -> Bangalore
6614,Kolkata,Bangalore,24-06-2022,30-06-2022,IndiGo,6E- 573,21:20,23:50,02h 30m,non-stop,9132,15,24-06-2022 15:00,Afternoon,6,150,Kolkata -> Bangalore
6615,Kolkata,Bangalore,24-06-2022,30-06-2022,IndiGo,6E- 764,08:35,11:10,02h 35m,non-stop,9132,8,24-06-2022 08:00,Morning,6,155,Kolkata -> Bangalore
6616,Kolkata,Bangalore,24-06-2022,30-06-2022,IndiGo,6E- 455,12:05,14:40,02h 35m,non-stop,9132,11,24-06-2022 11:00,Morning,6,155,Kolkata -> Bangalore
6617,Kolkata,Bangalore,24-06-2022,30-06-2022,Air Asia,I5-1426,09:30,12:10,02h 40m,non-stop,9132,11,24-06-2022 11:00,Morning,6,160,Kolkata -> Bangalore
6618,Kolkata,Bangalore,24-06-2022,30-06-2022,GO FIRST,G8- 102,14:35,23:20,08h 45m,1-stop,9132,5,24-06-2022 05:00,Morning,6,525,Kolkata -> Bangalore
6619,Kolkata,Bangalore,24-06-2022,30-06-2022,Air Asia,I5-510,04:50,15:30,10h 40m,1-stop,9132,18,24-06-2022 18:00,Evening,6,640,Kolkata -> Bangalore
6620,Kolkata,Bangalore,24-06-2022,30-06-2022,GO FIRST,G8- 393,10:30,21:40,11h 10m,1-stop,9132,6,24-06-2022 06:00,Morning,6,670,Kolkata -> Bangalore
6621,Kolkata,Bangalore,24-06-2022,30-06-2022,GO FIRST,G8- 519,20:10,07:55,11h 45m,1-stop,9132,2,24-06-2022 02:00,Night,6,705,Kolkata -> Bangalore
6622,Kolkata,Bangalore,24-06-2022,30-06-2022,GO FIRST,G8- 393,10:30,00:20,13h 50m,1-stop,9132,15,24-06-2022 15:00,Afternoon,6,830,Kolkata -> Bangalore
6631,Kolkata,Bangalore,24-06-2022,30-06-2022,IndiGo,6E- 139,07:25,12:05,04h 40m,1-stop,9447,17,24-06-2022 17:00,Evening,6,280,Kolkata -> Bangalore
6632,Kolkata,Bangalore,24-06-2022,30-06-2022,IndiGo,6E- 989,04:40,09:55,05h 15m,1-stop,9447,15,24-06-2022 15:00,Afternoon,6,315,Kolkata -> Bangalore
6633,Kolkata,Bangalore,24-06-2022,30-06-2022,IndiGo,6E-6021,14:00,19:20,05h 20m,1-stop,9447,22,24-06-2022 22:00,Night,6,320,Kolkata -> Bangalore
6634,Kolkata,Bangalore,24-06-2022,30-06-2022,IndiGo,6E- 725,19:55,01:15,05h 20m,1-stop,9447,6,24-06-2022 06:00,Morning,6,320,Kolkata -> Bangalore
6635,Kolkata,Bangalore,24-06-2022,30-06-2022,IndiGo,6E- 417,15:00,20:30,05h 30m,1-stop,9447,3,24-06-2022 03:00,Night,6,330,Kolkata -> Bangalore
6636,Kolkata,Bangalore,24-06-2022,30-06-2022,IndiGo,6E-6908,18:00,23:40,05h 40m,1-stop,9447,7,24-06-2022 07:00,Morning,6,340,Kolkata -> Bangalore
6637,Kolkata,Bangalore,24-06-2022,30-06-2022,IndiGo,6E- 563,08:15,14:00,05h 45m,1-stop,9447,12,24-06-2022 12:00,Afternoon,6,345,Kolkata -> Bangalore
6638,Kolkata,Bangalore,24-06-2022,30-06-2022,IndiGo,6E- 833,10:30,17:15,06h 45m,1-stop,9447,12,24-06-2022 12:00,Afternoon,6,405,Kolkata -> Bangalore
6639,Kolkata,Bangalore,24-06-2022,30-06-2022,IndiGo,6E- 512,13:20,20:25,07h 05m,1-stop,9447,16,24-06-2022 16:00,Afternoon,6,425,Kolkata -> Bangalore
6640,Kolkata,Bangalore,24-06-2022,30-06-2022,IndiGo,6E-7623,07:40,14:50,07h 10m,1-stop,9447,16,24-06-2022 16:00,Afternoon,6,430,Kolkata -> Bangalore
6641,Kolkata,Bangalore,24-06-2022,30-06-2022,IndiGo,6E-6908,18:00,01:15,07h 15m,1-stop,9447,4,24-06-2022 04:00,Night,6,435,Kolkata -> Bangalore
6642,Kolkata,Bangalore,24-06-2022,30-06-2022,IndiGo,6E- 989,04:40,12:10,07h 30m,1-stop,9447,5,24-06-2022 05:00,Morning,6,450,Kolkata -> Bangalore
6643,Kolkata,Bangalore,24-06-2022,30-06-2022,IndiGo,6E- 378,14:15,22:20,08h 05m,1-stop,9447,18,24-06-2022 18:00,Evening,6,485,Kolkata -> Bangalore
6644,Kolkata,Bangalore,24-06-2022,30-06-2022,IndiGo,6E- 563,08:15,17:15,09h 00m,1-stop,9447,12,24-06-2022 12:00,Afternoon,6,540,Kolkata -> Bangalore
6645,Kolkata,Bangalore,24-06-2022,30-06-2022,IndiGo,6E-7583,16:25,01:30,09h 05m,1-stop,9447,13,24-06-2022 13:00,Afternoon,6,545,Kolkata -> Bangalore
6646,Kolkata,Bangalore,24-06-2022,30-06-2022,IndiGo,6E- 775,23:10,08:15,09h 05m,1-stop,9447,21,24-06-2022 21:00,Night,6,545,Kolkata -> Bangalore
6647,Kolkata,Bangalore,24-06-2022,30-06-2022,IndiGo,6E- 989,04:40,14:00,09h 20m,1-stop,9447,3,24-06-2022 03:00,Night,6,560,Kolkata -> Bangalore
6648,Kolkata,Bangalore,24-06-2022,30-06-2022,IndiGo,6E- 966,09:40,19:00,09h 20m,1-stop,9447,6,24-06-2022 06:00,Morning,6,560,Kolkata -> Bangalore
6649,Kolkata,Bangalore,24-06-2022,30-06-2022,IndiGo,6E-6021,14:00,23:40,09h 40m,1-stop,9447,7,24-06-2022 07:00,Morning,6,580,Kolkata -> Bangalore
6650,Kolkata,Bangalore,24-06-2022,30-06-2022,IndiGo,6E- 723,22:25,08:40,10h 15m,1-stop,9447,12,24-06-2022 12:00,Afternoon,6,615,Kolkata -> Bangalore
6651,Kolkata,Bangalore,24-06-2022,30-06-2022,IndiGo,6E- 775,23:10,09:30,10h 20m,1-stop,9447,5,24-06-2022 05:00,Morning,6,620,Kolkata -> Bangalore
6652,Kolkata,Bangalore,24-06-2022,30-06-2022,IndiGo,6E-6513,08:55,19:20,10h 25m,1-stop,9447,5,24-06-2022 05:00,Morning,6,625,Kolkata -> Bangalore
6653,Kolkata,Bangalore,24-06-2022,30-06-2022,IndiGo,6E- 634,11:50,22:20,10h 30m,1-stop,9447,23,24-06-2022 23:00,Night,6,630,Kolkata -> Bangalore
6654,Kolkata,Bangalore,24-06-2022,30-06-2022,IndiGo,6E-6021,14:00,01:15,11h 15m,1-stop,9447,20,24-06-2022 20:00,Evening,6,675,Kolkata -> Bangalore
6655,Kolkata,Bangalore,24-06-2022,30-06-2022,Air Asia,I5-319,13:15,22:30,09h 15m,1-stop,9448,2,24-06-2022 02:00,Night,6,555,Kolkata -> Bangalore
6656,Kolkata,Bangalore,24-06-2022,30-06-2022,Air Asia,I5-991,16:40,19:05,02h 25m,non-stop,9658,2,24-06-2022 02:00,Night,6,145,Kolkata -> Bangalore
6657,Kolkata,Bangalore,24-06-2022,30-06-2022,IndiGo,6E-6513,08:55,17:55,09h 00m,1-stop,9788,12,24-06-2022 12:00,Afternoon,6,540,Kolkata -> Bangalore
6658,Kolkata,Bangalore,24-06-2022,30-06-2022,IndiGo,6E- 264,18:45,21:05,02h 20m,non-stop,9867,21,24-06-2022 21:00,Night,6,140,Kolkata -> Bangalore
6659,Kolkata,Bangalore,24-06-2022,30-06-2022,IndiGo,6E- 757,16:45,19:15,02h 30m,non-stop,9867,1,24-06-2022 01:00,Night,6,150,Kolkata -> Bangalore
6660,Kolkata,Bangalore,24-06-2022,30-06-2022,IndiGo,6E- 892,14:35,22:35,08h 00m,1-stop,10130,15,24-06-2022 15:00,Afternoon,6,480,Kolkata -> Bangalore
6661,Kolkata,Bangalore,24-06-2022,30-06-2022,IndiGo,6E- 958,14:00,16:35,02h 35m,non-stop,10602,21,24-06-2022 21:00,Night,6,155,Kolkata -> Bangalore
6662,Kolkata,Bangalore,24-06-2022,30-06-2022,IndiGo,6E- 833,10:30,19:55,09h 25m,1-stop,10812,5,24-06-2022 05:00,Morning,6,565,Kolkata -> Bangalore
6663,Kolkata,Bangalore,24-06-2022,30-06-2022,IndiGo,6E-6021,14:00,21:35,07h 35m,1-stop,11153,7,24-06-2022 07:00,Morning,6,455,Kolkata -> Bangalore
6664,Kolkata,Bangalore,24-06-2022,30-06-2022,Vistara,UK-774,20:35,07:50,11h 15m,1-stop,12046,22,24-06-2022 22:00,Night,6,675,Kolkata -> Bangalore
6665,Kolkata,Bangalore,24-06-2022,30-06-2022,Vistara,UK-774,20:35,08:50,12h 15m,1-stop,12046,7,24-06-2022 07:00,Morning,6,735,Kolkata -> Bangalore
6666,Kolkata,Bangalore,24-06-2022,30-06-2022,Vistara,UK-776,17:35,07:50,14h 15m,1-stop,12046,5,24-06-2022 05:00,Morning,6,855,Kolkata -> Bangalore
6667,Kolkata,Bangalore,24-06-2022,30-06-2022,Vistara,UK-776,17:35,08:50,15h 15m,1-stop,12046,13,24-06-2022 13:00,Afternoon,6,915,Kolkata -> Bangalore
6668,Kolkata,Bangalore,24-06-2022,30-06-2022,Vistara,UK-774,20:35,17:45,21h 10m,1-stop,12046,2,24-06-2022 02:00,Night,6,1270,Kolkata -> Bangalore
6669,Kolkata,Bangalore,24-06-2022,30-06-2022,Vistara,UK-776,17:35,17:45,24h 10m,1-stop,12046,9,24-06-2022 09:00,Morning,6,1450,Kolkata -> Bangalore
6670,Kolkata,Bangalore,24-06-2022,30-06-2022,Vistara,UK-776,17:35,23:10,05h 35m,1-stop,12490,2,24-06-2022 02:00,Night,6,335,Kolkata -> Bangalore
6671,Kolkata,Bangalore,24-06-2022,30-06-2022,Vistara,UK-774,20:35,10:45,14h 10m,1-stop,12490,11,24-06-2022 11:00,Morning,6,850,Kolkata -> Bangalore
6672,Kolkata,Bangalore,24-06-2022,30-06-2022,Vistara,UK-776,17:35,10:45,17h 10m,1-stop,12490,16,24-06-2022 16:00,Afternoon,6,1030,Kolkata -> Bangalore
6673,Kolkata,Bangalore,24-06-2022,30-06-2022,Vistara,UK-774,20:35,18:15,21h 40m,1-stop,12490,4,24-06-2022 04:00,Night,6,1300,Kolkata -> Bangalore
6674,Kolkata,Bangalore,24-06-2022,30-06-2022,Vistara,UK-776,17:35,18:15,24h 40m,1-stop,12490,19,24-06-2022 19:00,Evening,6,1480,Kolkata -> Bangalore
6675,Kolkata,Bangalore,24-06-2022,30-06-2022,IndiGo,6E-6324,06:55,14:20,07h 25m,1-stop,12518,8,24-06-2022 08:00,Morning,6,445,Kolkata -> Bangalore
6676,Kolkata,Bangalore,24-06-2022,30-06-2022,Vistara,UK-720,07:10,14:30,07h 20m,1-stop,13075,20,24-06-2022 20:00,Evening,6,440,Kolkata -> Bangalore
6677,Kolkata,Bangalore,24-06-2022,30-06-2022,Vistara,UK-708,20:20,10:50,14h 30m,1-stop,13075,19,24-06-2022 19:00,Evening,6,870,Kolkata -> Bangalore
6678,Kolkata,Bangalore,24-06-2022,30-06-2022,Vistara,UK-738,18:45,10:50,16h 05m,1-stop,13075,6,24-06-2022 06:00,Morning,6,965,Kolkata -> Bangalore
6679,Kolkata,Bangalore,24-06-2022,30-06-2022,Vistara,UK-772,10:25,17:45,07h 20m,1-stop,13078,21,24-06-2022 21:00,Night,6,440,Kolkata -> Bangalore
6680,Kolkata,Bangalore,24-06-2022,30-06-2022,Vistara,UK-772,10:25,18:15,07h 50m,1-stop,13078,3,24-06-2022 03:00,Night,6,470,Kolkata -> Bangalore
6681,Kolkata,Bangalore,24-06-2022,30-06-2022,Vistara,UK-772,10:25,19:15,08h 50m,1-stop,13078,12,24-06-2022 12:00,Afternoon,6,530,Kolkata -> Bangalore
6682,Kolkata,Bangalore,24-06-2022,30-06-2022,Vistara,UK-772,10:25,20:55,10h 30m,1-stop,13078,12,24-06-2022 12:00,Afternoon,6,630,Kolkata -> Bangalore
6683,Kolkata,Bangalore,24-06-2022,30-06-2022,Vistara,UK-772,10:25,23:10,12h 45m,1-stop,13078,9,24-06-2022 09:00,Morning,6,765,Kolkata -> Bangalore
6684,Kolkata,Bangalore,24-06-2022,30-06-2022,Vistara,UK-708,20:20,09:00,12h 40m,1-stop,13519,17,24-06-2022 17:00,Evening,6,760,Kolkata -> Bangalore
6685,Kolkata,Bangalore,24-06-2022,30-06-2022,Vistara,UK-738,18:45,09:00,14h 15m,1-stop,13519,16,24-06-2022 16:00,Afternoon,6,855,Kolkata -> Bangalore
6686,Kolkata,Bangalore,24-06-2022,30-06-2022,Vistara,UK-778,15:20,23:20,08h 00m,1-stop,14107,19,24-06-2022 19:00,Evening,6,480,Kolkata -> Bangalore
6687,Kolkata,Bangalore,24-06-2022,30-06-2022,Vistara,UK-706,10:15,23:20,13h 05m,1-stop,14107,19,24-06-2022 19:00,Evening,6,785,Kolkata -> Bangalore
6688,Kolkata,Bangalore,24-06-2022,30-06-2022,Vistara,UK-720,07:10,23:20,16h 10m,1-stop,14107,12,24-06-2022 12:00,Afternoon,6,970,Kolkata -> Bangalore
6689,Kolkata,Bangalore,24-06-2022,30-06-2022,IndiGo,6E- 892,14:35,19:55,05h 20m,1-stop,14566,16,24-06-2022 16:00,Afternoon,6,320,Kolkata -> Bangalore
6690,Kolkata,Bangalore,24-06-2022,30-06-2022,Vistara,UK-706,10:15,16:50,06h 35m,1-stop,14842,21,24-06-2022 21:00,Night,6,395,Kolkata -> Bangalore
6691,Kolkata,Bangalore,24-06-2022,30-06-2022,Vistara,UK-778,15:20,22:40,07h 20m,1-stop,14842,3,24-06-2022 03:00,Night,6,440,Kolkata -> Bangalore
6692,Kolkata,Bangalore,24-06-2022,30-06-2022,Vistara,UK-720,07:10,16:50,09h 40m,1-stop,14842,0,24-06-2022 00:00,Night,6,580,Kolkata -> Bangalore
6693,Kolkata,Bangalore,24-06-2022,30-06-2022,Vistara,UK-720,07:10,18:50,11h 40m,1-stop,14842,0,24-06-2022 00:00,Night,6,700,Kolkata -> Bangalore
6694,Kolkata,Bangalore,24-06-2022,30-06-2022,Vistara,UK-706,10:15,22:40,12h 25m,1-stop,14842,14,24-06-2022 14:00,Afternoon,6,745,Kolkata -> Bangalore
6695,Kolkata,Bangalore,24-06-2022,30-06-2022,Vistara,UK-720,07:10,22:40,15h 30m,1-stop,14842,12,24-06-2022 12:00,Afternoon,6,930,Kolkata -> Bangalore
6697,Kolkata,Bangalore,24-06-2022,30-06-2022,Vistara,UK-776,17:35,08:45,15h 10m,1-stop,16800,16,24-06-2022 16:00,Afternoon,6,910,Kolkata -> Bangalore
6703,Kolkata,Bangalore,24-06-2022,30-06-2022,Vistara,UK-706,10:15,19:30,09h 15m,1-stop,18050,23,24-06-2022 23:00,Night,6,555,Kolkata -> Bangalore
6712,Kolkata,Bangalore,24-06-2022,30-06-2022,Vistara,UK-706,10:15,19:15,09h 00m,1-stop,19205,7,24-06-2022 07:00,Morning,6,540,Kolkata -> Bangalore
6715,Kolkata,Bangalore,24-06-2022,30-06-2022,Vistara,UK-706,10:15,21:50,11h 35m,1-stop,19646,17,24-06-2022 17:00,Evening,6,695,Kolkata -> Bangalore
6717,Kolkata,Bangalore,24-06-2022,30-06-2022,Vistara,UK-706,10:15,20:25,10h 10m,1-stop,19945,12,24-06-2022 12:00,Afternoon,6,610,Kolkata -> Bangalore
6718,Kolkata,Bangalore,24-06-2022,30-06-2022,Vistara,UK-720,07:10,20:25,13h 15m,1-stop,19945,22,24-06-2022 22:00,Night,6,795,Kolkata -> Bangalore
6719,Kolkata,Bangalore,24-06-2022,30-06-2022,Vistara,UK-720,07:10,21:45,14h 35m,1-stop,20024,13,24-06-2022 13:00,Afternoon,6,875,Kolkata -> Bangalore
6720,Kolkata,Bangalore,24-06-2022,30-06-2022,Vistara,UK-720,07:10,09:30,26h 20m,1-stop,20024,7,24-06-2022 07:00,Morning,6,1580,Kolkata -> Bangalore
6721,Kolkata,Bangalore,24-06-2022,30-06-2022,Vistara,UK-708,20:20,11:50,15h 30m,1-stop,20680,7,24-06-2022 07:00,Morning,6,930,Kolkata -> Bangalore
6722,Kolkata,Bangalore,24-06-2022,30-06-2022,Vistara,UK-738,18:45,11:50,17h 05m,1-stop,20680,14,24-06-2022 14:00,Afternoon,6,1025,Kolkata -> Bangalore
6723,Kolkata,Bangalore,24-06-2022,30-06-2022,Vistara,UK-706,10:15,16:20,30h 05m,1-stop,23769,12,24-06-2022 12:00,Afternoon,6,1805,Kolkata -> Bangalore
6724,Kolkata,Bangalore,24-06-2022,30-06-2022,Vistara,UK-720,07:10,16:20,33h 10m,1-stop,23769,6,24-06-2022 06:00,Morning,6,1990,Kolkata -> Bangalore
6725,Kolkata,Bangalore,24-06-2022,30-06-2022,Vistara,UK-708,20:20,16:20,20h 00m,1-stop,24213,4,24-06-2022 04:00,Night,6,1200,Kolkata -> Bangalore
6726,Kolkata,Bangalore,24-06-2022,30-06-2022,Vistara,UK-738,18:45,16:20,21h 35m,1-stop,24213,16,24-06-2022 16:00,Afternoon,6,1295,Kolkata -> Bangalore
6727,Kolkata,Bangalore,24-06-2022,30-06-2022,Vistara,UK-778,15:20,16:20,25h 00m,1-stop,24213,15,24-06-2022 15:00,Afternoon,6,1500,Kolkata -> Bangalore
6728,Kolkata,Bangalore,24-06-2022,30-06-2022,Vistara,UK-706,10:15,16:20,30h 05m,1-stop,24213,22,24-06-2022 22:00,Night,6,1805,Kolkata -> Bangalore
6729,Kolkata,Bangalore,24-06-2022,30-06-2022,Vistara,UK-720,07:10,15:55,08h 45m,1-stop,25508,1,24-06-2022 01:00,Night,6,525,Kolkata -> Bangalore
6730,Bangalore,Kolkata,24-06-2022,24-06-2022,IndiGo,6E- 538,22:05,00:35,02h 30m,non-stop,7789,21,24-06-2022 21:00,Night,0,150,Bangalore -> Kolkata
6731,Bangalore,Kolkata,24-06-2022,24-06-2022,IndiGo,6E- 952,23:25,02:00,02h 35m,non-stop,7789,17,24-06-2022 17:00,Evening,0,155,Bangalore -> Kolkata
6732,Bangalore,Kolkata,24-06-2022,24-06-2022,Air Asia,I5-992,23:30,02:05,02h 35m,non-stop,8839,16,24-06-2022 16:00,Afternoon,0,155,Bangalore -> Kolkata
6733,Bangalore,Kolkata,24-06-2022,24-06-2022,Air Asia,I5-974,22:15,03:15,05h 00m,1-stop,13847,6,24-06-2022 06:00,Morning,0,300,Bangalore -> Kolkata
6734,Bangalore,Kolkata,24-06-2022,24-06-2022,Vistara,UK-866,21:40,09:40,12h 00m,1-stop,19442,12,24-06-2022 12:00,Afternoon,0,720,Bangalore -> Kolkata
6735,Bangalore,Kolkata,24-06-2022,24-06-2022,Vistara,UK-866,21:40,19:55,22h 15m,1-stop,19442,17,24-06-2022 17:00,Evening,0,1335,Bangalore -> Kolkata
6739,Bangalore,Kolkata,24-06-2022,24-06-2022,Vistara,UK-866,21:40,16:55,19h 15m,1-stop,20704,13,24-06-2022 13:00,Afternoon,0,1155,Bangalore -> Kolkata
6740,Bangalore,Kolkata,24-06-2022,24-06-2022,Vistara,UK-866,21:40,18:05,20h 25m,1-stop,21959,17,24-06-2022 17:00,Evening,0,1225,Bangalore -> Kolkata
6741,Bangalore,Kolkata,24-06-2022,24-06-2022,Vistara,UK-866,21:40,18:05,20h 25m,1-stop,21959,12,24-06-2022 12:00,Afternoon,0,1225,Bangalore -> Kolkata
6742,Bangalore,Kolkata,24-06-2022,24-06-2022,Vistara,UK-866,21:40,18:05,20h 25m,1-stop,21959,10,24-06-2022 10:00,Morning,0,1225,Bangalore -> Kolkata
6743,Bangalore,Kolkata,24-06-2022,24-06-2022,Vistara,UK-866,21:40,18:05,20h 25m,1-stop,21959,20,24-06-2022 20:00,Evening,0,1225,Bangalore -> Kolkata
6744,Bangalore,Kolkata,24-06-2022,24-06-2022,Vistara,UK-866,21:40,22:45,25h 05m,1-stop,22403,20,24-06-2022 20:00,Evening,0,1505,Bangalore -> Kolkata
6745,Bangalore,Kolkata,24-06-2022,24-06-2022,Vistara,UK-866,21:40,22:45,25h 05m,1-stop,22403,15,24-06-2022 15:00,Afternoon,0,1505,Bangalore -> Kolkata
6746,Bangalore,Kolkata,24-06-2022,24-06-2022,Vistara,UK-866,21:40,22:45,25h 05m,1-stop,22403,22,24-06-2022 22:00,Night,0,1505,Bangalore -> Kolkata
6747,Bangalore,Kolkata,24-06-2022,24-06-2022,Vistara,UK-866,21:40,22:45,25h 05m,1-stop,22403,16,24-06-2022 16:00,Afternoon,0,1505,Bangalore -> Kolkata
6748,Bangalore,Kolkata,24-06-2022,24-06-2022,Vistara,UK-866,21:40,22:45,25h 05m,1-stop,22403,7,24-06-2022 07:00,Morning,0,1505,Bangalore -> Kolkata
6749,Bangalore,Kolkata,24-06-2022,24-06-2022,Vistara,UK-866,21:40,22:45,25h 05m,1-stop,22403,18,24-06-2022 18:00,Evening,0,1505,Bangalore -> Kolkata
6750,Bangalore,Kolkata,24-06-2022,24-06-2022,Vistara,UK-866,21:40,22:45,25h 05m,1-stop,22403,19,24-06-2022 19:00,Evening,0,1505,Bangalore -> Kolkata
6751,Bangalore,Kolkata,24-06-2022,24-06-2022,Vistara,UK-866,21:40,18:05,20h 25m,1-stop,22991,14,24-06-2022 14:00,Afternoon,0,1225,Bangalore -> Kolkata
6752,Bangalore,Kolkata,24-06-2022,24-06-2022,Vistara,UK-866,21:40,18:05,20h 25m,1-stop,22991,8,24-06-2022 08:00,Morning,0,1225,Bangalore -> Kolkata
6753,Bangalore,Kolkata,24-06-2022,24-06-2022,Vistara,UK-866,21:40,19:35,21h 55m,1-stop,22991,19,24-06-2022 19:00,Evening,0,1315,Bangalore -> Kolkata
6754,Bangalore,Kolkata,24-06-2022,25-06-2022,IndiGo,6E- 217,18:10,20:35,02h 25m,non-stop,7789,9,24-06-2022 09:00,Morning,1,145,Bangalore -> Kolkata
6755,Bangalore,Kolkata,24-06-2022,25-06-2022,Air Asia,I5-592,17:55,20:25,02h 30m,non-stop,7789,11,24-06-2022 11:00,Morning,1,150,Bangalore -> Kolkata
6756,Bangalore,Kolkata,24-06-2022,25-06-2022,IndiGo,6E- 538,22:05,00:35,02h 30m,non-stop,7789,20,24-06-2022 20:00,Evening,1,150,Bangalore -> Kolkata
6757,Bangalore,Kolkata,24-06-2022,25-06-2022,IndiGo,6E- 676,19:55,22:30,02h 35m,non-stop,7789,22,24-06-2022 22:00,Night,1,155,Bangalore -> Kolkata
6758,Bangalore,Kolkata,24-06-2022,25-06-2022,IndiGo,6E- 952,23:25,02:00,02h 35m,non-stop,7789,19,24-06-2022 19:00,Evening,1,155,Bangalore -> Kolkata
6759,Bangalore,Kolkata,24-06-2022,25-06-2022,Air Asia,I5-992,23:30,02:05,02h 35m,non-stop,7789,0,24-06-2022 00:00,Night,1,155,Bangalore -> Kolkata
6760,Bangalore,Kolkata,24-06-2022,25-06-2022,Air Asia,I5-974,22:15,03:15,05h 00m,1-stop,7789,19,24-06-2022 19:00,Evening,1,300,Bangalore -> Kolkata
6761,Bangalore,Kolkata,24-06-2022,25-06-2022,Air Asia,I5-1731,18:15,00:50,06h 35m,1-stop,7789,8,24-06-2022 08:00,Morning,1,395,Bangalore -> Kolkata
6762,Bangalore,Kolkata,24-06-2022,25-06-2022,Air Asia,I5-1780,05:10,12:05,06h 55m,1-stop,7789,21,24-06-2022 21:00,Night,1,415,Bangalore -> Kolkata
6763,Bangalore,Kolkata,24-06-2022,25-06-2022,Air Asia,I5-1780,05:10,14:50,09h 40m,1-stop,7789,14,24-06-2022 14:00,Afternoon,1,580,Bangalore -> Kolkata
6764,Bangalore,Kolkata,24-06-2022,25-06-2022,Air Asia,I5-1567,06:50,18:05,11h 15m,1-stop,7789,0,24-06-2022 00:00,Night,1,675,Bangalore -> Kolkata
6765,Bangalore,Kolkata,24-06-2022,25-06-2022,Air Asia,I5-1532,19:50,08:30,12h 40m,1-stop,7789,11,24-06-2022 11:00,Morning,1,760,Bangalore -> Kolkata
6766,Bangalore,Kolkata,24-06-2022,25-06-2022,Air Asia,I5-1622,10:55,00:50,13h 55m,2+-stop,7789,2,24-06-2022 02:00,Night,1,835,Bangalore -> Kolkata
6767,Bangalore,Kolkata,24-06-2022,25-06-2022,Air Asia,I5-1451,05:40,00:50,19h 10m,2+-stop,7789,10,24-06-2022 10:00,Morning,1,1150,Bangalore -> Kolkata
6771,Bangalore,Kolkata,24-06-2022,25-06-2022,IndiGo,6E-6366,12:30,16:35,04h 05m,1-stop,8104,1,24-06-2022 01:00,Night,1,245,Bangalore -> Kolkata
6772,Bangalore,Kolkata,24-06-2022,25-06-2022,IndiGo,6E- 356,17:25,23:15,05h 50m,1-stop,8104,15,24-06-2022 15:00,Afternoon,1,350,Bangalore -> Kolkata
6773,Bangalore,Kolkata,24-06-2022,25-06-2022,IndiGo,6E- 978,16:10,22:40,06h 30m,1-stop,8104,8,24-06-2022 08:00,Morning,1,390,Bangalore -> Kolkata
6774,Bangalore,Kolkata,24-06-2022,25-06-2022,IndiGo,6E- 841,14:50,21:50,07h 00m,1-stop,8104,14,24-06-2022 14:00,Afternoon,1,420,Bangalore -> Kolkata
6775,Bangalore,Kolkata,24-06-2022,25-06-2022,IndiGo,6E- 841,14:50,23:15,08h 25m,1-stop,8104,11,24-06-2022 11:00,Morning,1,505,Bangalore -> Kolkata
6776,Bangalore,Kolkata,24-06-2022,25-06-2022,IndiGo,6E-6491,12:35,22:30,09h 55m,1-stop,8104,0,24-06-2022 00:00,Night,1,595,Bangalore -> Kolkata
6777,Bangalore,Kolkata,24-06-2022,25-06-2022,IndiGo,6E- 411,20:55,06:50,09h 55m,1-stop,8104,12,24-06-2022 12:00,Afternoon,1,595,Bangalore -> Kolkata
6778,Bangalore,Kolkata,24-06-2022,25-06-2022,IndiGo,6E- 684,22:10,08:20,10h 10m,1-stop,8104,13,24-06-2022 13:00,Afternoon,1,610,Bangalore -> Kolkata
6779,Bangalore,Kolkata,24-06-2022,25-06-2022,Air Asia,I5-1455,17:10,19:50,02h 40m,non-stop,8315,7,24-06-2022 07:00,Morning,1,160,Bangalore -> Kolkata
6780,Bangalore,Kolkata,24-06-2022,25-06-2022,IndiGo,6E- 227,06:30,09:05,02h 35m,non-stop,8419,7,24-06-2022 07:00,Morning,1,155,Bangalore -> Kolkata
6781,Bangalore,Kolkata,24-06-2022,25-06-2022,IndiGo,6E- 442,09:15,11:50,02h 35m,non-stop,8419,11,24-06-2022 11:00,Morning,1,155,Bangalore -> Kolkata
6782,Bangalore,Kolkata,24-06-2022,25-06-2022,IndiGo,6E-6825,08:05,15:30,07h 25m,1-stop,8424,0,24-06-2022 00:00,Night,1,445,Bangalore -> Kolkata
6783,Bangalore,Kolkata,24-06-2022,25-06-2022,IndiGo,6E-6269,07:00,15:30,08h 30m,1-stop,8424,10,24-06-2022 10:00,Morning,1,510,Bangalore -> Kolkata
6784,Bangalore,Kolkata,24-06-2022,25-06-2022,IndiGo,6E-6067,15:45,22:30,06h 45m,1-stop,8745,7,24-06-2022 07:00,Morning,1,405,Bangalore -> Kolkata
6785,Bangalore,Kolkata,24-06-2022,25-06-2022,Air Asia,I5-2472,06:30,08:50,02h 20m,non-stop,8839,9,24-06-2022 09:00,Morning,1,140,Bangalore -> Kolkata
6786,Bangalore,Kolkata,24-06-2022,25-06-2022,IndiGo,6E- 172,13:40,16:05,02h 25m,non-stop,9049,18,24-06-2022 18:00,Evening,1,145,Bangalore -> Kolkata
6787,Bangalore,Kolkata,24-06-2022,25-06-2022,IndiGo,6E-6439,07:45,10:20,02h 35m,non-stop,9049,10,24-06-2022 10:00,Morning,1,155,Bangalore -> Kolkata
6788,Bangalore,Kolkata,24-06-2022,25-06-2022,IndiGo,6E-6572,15:25,18:00,02h 35m,non-stop,9049,6,24-06-2022 06:00,Morning,1,155,Bangalore -> Kolkata
6789,Bangalore,Kolkata,24-06-2022,25-06-2022,Air Asia,I5-611,08:25,11:15,02h 50m,non-stop,9365,10,24-06-2022 10:00,Morning,1,170,Bangalore -> Kolkata
6790,Bangalore,Kolkata,24-06-2022,25-06-2022,IndiGo,6E- 537,10:15,19:15,09h 00m,1-stop,9385,16,24-06-2022 16:00,Afternoon,1,540,Bangalore -> Kolkata
6791,Bangalore,Kolkata,24-06-2022,25-06-2022,IndiGo,6E- 503,11:55,14:20,02h 25m,non-stop,9679,0,24-06-2022 00:00,Night,1,145,Bangalore -> Kolkata
6792,Bangalore,Kolkata,24-06-2022,25-06-2022,IndiGo,6E- 537,10:15,17:15,07h 00m,1-stop,9705,20,24-06-2022 20:00,Evening,1,420,Bangalore -> Kolkata
6793,Bangalore,Kolkata,24-06-2022,25-06-2022,Air Asia,I5-1576,07:35,14:15,06h 40m,1-stop,9845,20,24-06-2022 20:00,Evening,1,400,Bangalore -> Kolkata
6794,Bangalore,Kolkata,24-06-2022,25-06-2022,IndiGo,6E-6491,12:35,19:15,06h 40m,1-stop,10026,7,24-06-2022 07:00,Morning,1,400,Bangalore -> Kolkata
6795,Bangalore,Kolkata,24-06-2022,25-06-2022,IndiGo,6E- 541,09:35,18:20,08h 45m,1-stop,10346,22,24-06-2022 22:00,Night,1,525,Bangalore -> Kolkata
6796,Bangalore,Kolkata,24-06-2022,25-06-2022,IndiGo,6E-6212,11:10,15:30,04h 20m,1-stop,10666,23,24-06-2022 23:00,Night,1,260,Bangalore -> Kolkata
6797,Bangalore,Kolkata,24-06-2022,25-06-2022,IndiGo,6E-6212,11:10,18:20,07h 10m,1-stop,10666,5,24-06-2022 05:00,Morning,1,430,Bangalore -> Kolkata
6798,Bangalore,Kolkata,24-06-2022,25-06-2022,IndiGo,6E- 484,07:10,17:15,10h 05m,1-stop,10666,21,24-06-2022 21:00,Night,1,605,Bangalore -> Kolkata
6799,Bangalore,Kolkata,24-06-2022,25-06-2022,IndiGo,6E- 541,09:35,19:45,10h 10m,1-stop,10666,17,24-06-2022 17:00,Evening,1,610,Bangalore -> Kolkata
6800,Bangalore,Kolkata,24-06-2022,25-06-2022,IndiGo,6E- 841,14:50,19:45,04h 55m,1-stop,10986,5,24-06-2022 05:00,Morning,1,295,Bangalore -> Kolkata
6801,Bangalore,Kolkata,24-06-2022,25-06-2022,IndiGo,6E- 541,09:35,15:30,05h 55m,1-stop,10986,4,24-06-2022 04:00,Night,1,355,Bangalore -> Kolkata
6802,Bangalore,Kolkata,24-06-2022,25-06-2022,IndiGo,6E-7102,09:40,16:35,06h 55m,2+-stop,11039,12,24-06-2022 12:00,Afternoon,1,415,Bangalore -> Kolkata
6803,Bangalore,Kolkata,24-06-2022,25-06-2022,Air Asia,I5-1562,14:20,22:00,07h 40m,1-stop,11133,18,24-06-2022 18:00,Evening,1,460,Bangalore -> Kolkata
6804,Bangalore,Kolkata,24-06-2022,25-06-2022,IndiGo,6E-6212,11:10,19:45,08h 35m,1-stop,11307,21,24-06-2022 21:00,Night,1,515,Bangalore -> Kolkata
6805,Bangalore,Kolkata,24-06-2022,25-06-2022,Air Asia,I5-1562,14:20,18:05,03h 45m,1-stop,11359,7,24-06-2022 07:00,Morning,1,225,Bangalore -> Kolkata
6806,Bangalore,Kolkata,24-06-2022,25-06-2022,Vistara,UK-864,18:55,09:40,14h 45m,1-stop,11753,8,24-06-2022 08:00,Morning,1,885,Bangalore -> Kolkata
6807,Bangalore,Kolkata,24-06-2022,25-06-2022,Vistara,UK-854,18:25,09:40,15h 15m,1-stop,11753,16,24-06-2022 16:00,Afternoon,1,915,Bangalore -> Kolkata
6808,Bangalore,Kolkata,24-06-2022,25-06-2022,Vistara,UK-544,10:15,19:55,09h 40m,1-stop,12197,2,24-06-2022 02:00,Night,1,580,Bangalore -> Kolkata
6809,Bangalore,Kolkata,24-06-2022,25-06-2022,Vistara,UK-852,09:30,19:55,10h 25m,1-stop,12197,18,24-06-2022 18:00,Evening,1,625,Bangalore -> Kolkata
6810,Bangalore,Kolkata,24-06-2022,25-06-2022,Vistara,UK-846,08:30,19:55,11h 25m,1-stop,12197,10,24-06-2022 10:00,Morning,1,685,Bangalore -> Kolkata
6811,Bangalore,Kolkata,24-06-2022,25-06-2022,Vistara,UK-866,21:40,09:40,12h 00m,1-stop,12197,23,24-06-2022 23:00,Night,1,720,Bangalore -> Kolkata
6812,Bangalore,Kolkata,24-06-2022,25-06-2022,Vistara,UK-858,06:40,19:55,13h 15m,1-stop,12197,16,24-06-2022 16:00,Afternoon,1,795,Bangalore -> Kolkata
6813,Bangalore,Kolkata,24-06-2022,25-06-2022,Vistara,UK-850,19:55,09:40,13h 45m,1-stop,12197,20,24-06-2022 20:00,Evening,1,825,Bangalore -> Kolkata
6814,Bangalore,Kolkata,24-06-2022,25-06-2022,Vistara,UK-544,10:15,09:40,23h 25m,1-stop,12197,18,24-06-2022 18:00,Evening,1,1405,Bangalore -> Kolkata
6815,Bangalore,Kolkata,24-06-2022,25-06-2022,Vistara,UK-852,09:30,09:40,24h 10m,1-stop,12197,1,24-06-2022 01:00,Night,1,1450,Bangalore -> Kolkata
6816,Bangalore,Kolkata,24-06-2022,25-06-2022,Vistara,UK-846,08:30,09:40,25h 10m,1-stop,12197,7,24-06-2022 07:00,Morning,1,1510,Bangalore -> Kolkata
6817,Bangalore,Kolkata,24-06-2022,25-06-2022,Vistara,UK-858,06:40,09:40,27h 00m,1-stop,12197,18,24-06-2022 18:00,Evening,1,1620,Bangalore -> Kolkata
6818,Bangalore,Kolkata,24-06-2022,25-06-2022,IndiGo,6E-6257,05:15,13:20,08h 05m,1-stop,12267,6,24-06-2022 06:00,Morning,1,485,Bangalore -> Kolkata
6819,Bangalore,Kolkata,24-06-2022,25-06-2022,Vistara,UK-814,21:15,08:20,11h 05m,1-stop,12782,16,24-06-2022 16:00,Afternoon,1,665,Bangalore -> Kolkata
6820,Bangalore,Kolkata,24-06-2022,25-06-2022,Vistara,UK-814,21:15,09:35,12h 20m,1-stop,12782,5,24-06-2022 05:00,Morning,1,740,Bangalore -> Kolkata
6821,Bangalore,Kolkata,24-06-2022,25-06-2022,Vistara,UK-818,19:40,08:20,12h 40m,1-stop,12782,18,24-06-2022 18:00,Evening,1,760,Bangalore -> Kolkata
6822,Bangalore,Kolkata,24-06-2022,25-06-2022,Vistara,UK-818,19:40,09:35,13h 55m,1-stop,12782,23,24-06-2022 23:00,Night,1,835,Bangalore -> Kolkata
6823,Bangalore,Kolkata,24-06-2022,25-06-2022,IndiGo,6E- 255,08:35,17:30,08h 55m,1-stop,12908,5,24-06-2022 05:00,Morning,1,535,Bangalore -> Kolkata
6824,Bangalore,Kolkata,24-06-2022,25-06-2022,Vistara,UK-810,07:00,18:05,11h 05m,1-stop,13226,1,24-06-2022 01:00,Night,1,665,Bangalore -> Kolkata
6825,Bangalore,Kolkata,24-06-2022,25-06-2022,Vistara,UK-810,07:00,22:45,15h 45m,1-stop,13226,5,24-06-2022 05:00,Morning,1,945,Bangalore -> Kolkata
6826,Bangalore,Kolkata,24-06-2022,25-06-2022,Vistara,UK-814,21:15,18:05,20h 50m,1-stop,13226,22,24-06-2022 22:00,Night,1,1250,Bangalore -> Kolkata
6827,Bangalore,Kolkata,24-06-2022,25-06-2022,Vistara,UK-544,10:15,16:55,06h 40m,1-stop,13520,4,24-06-2022 04:00,Night,1,400,Bangalore -> Kolkata
6828,Bangalore,Kolkata,24-06-2022,25-06-2022,Vistara,UK-852,09:30,16:55,07h 25m,1-stop,13520,18,24-06-2022 18:00,Evening,1,445,Bangalore -> Kolkata
6829,Bangalore,Kolkata,24-06-2022,25-06-2022,Vistara,UK-846,08:30,16:55,08h 25m,1-stop,13520,19,24-06-2022 19:00,Evening,1,505,Bangalore -> Kolkata
6830,Bangalore,Kolkata,24-06-2022,25-06-2022,Vistara,UK-858,06:40,16:55,10h 15m,1-stop,13520,3,24-06-2022 03:00,Night,1,615,Bangalore -> Kolkata
6831,Bangalore,Kolkata,24-06-2022,25-06-2022,IndiGo,6E- 484,07:10,13:20,06h 10m,1-stop,13722,21,24-06-2022 21:00,Night,1,370,Bangalore -> Kolkata
6832,Bangalore,Kolkata,24-06-2022,25-06-2022,Vistara,UK-810,07:00,19:35,12h 35m,1-stop,13814,16,24-06-2022 16:00,Afternoon,1,755,Bangalore -> Kolkata
6833,Bangalore,Kolkata,24-06-2022,25-06-2022,IndiGo,6E- 886,08:55,17:15,08h 20m,1-stop,13869,10,24-06-2022 10:00,Morning,1,500,Bangalore -> Kolkata
6834,Bangalore,Kolkata,24-06-2022,25-06-2022,IndiGo,6E- 524,10:05,20:00,09h 55m,1-stop,13869,3,24-06-2022 03:00,Night,1,595,Bangalore -> Kolkata
6835,Bangalore,Kolkata,24-06-2022,25-06-2022,GO FIRST,G8- 320,17:45,00:30,06h 45m,1-stop,16261,12,24-06-2022 12:00,Afternoon,1,405,Bangalore -> Kolkata
6836,Bangalore,Kolkata,24-06-2022,25-06-2022,GO FIRST,G8- 395,08:15,00:30,16h 15m,1-stop,16261,19,24-06-2022 19:00,Evening,1,975,Bangalore -> Kolkata
6837,Bangalore,Kolkata,24-06-2022,25-06-2022,SpiceJet,SG- 536,21:50,09:05,11h 15m,1-stop,15821,16,24-06-2022 16:00,Afternoon,1,675,Bangalore -> Kolkata
6838,Bangalore,Kolkata,24-06-2022,25-06-2022,SpiceJet,SG- 536,21:50,21:55,24h 05m,1-stop,15821,8,24-06-2022 08:00,Morning,1,1445,Bangalore -> Kolkata
6839,Bangalore,Kolkata,24-06-2022,25-06-2022,SpiceJet,SG- 536,21:50,21:00,23h 10m,1-stop,15821,3,24-06-2022 03:00,Night,1,1390,Bangalore -> Kolkata
6845,Bangalore,Kolkata,24-06-2022,25-06-2022,GO FIRST,G8- 803,17:15,08:35,15h 20m,1-stop,16896,22,24-06-2022 22:00,Night,1,920,Bangalore -> Kolkata
6850,Bangalore,Kolkata,24-06-2022,25-06-2022,Vistara,UK-897,07:45,09:40,25h 55m,2+-stop,16951,13,24-06-2022 13:00,Afternoon,1,1555,Bangalore -> Kolkata
6851,Bangalore,Kolkata,24-06-2022,25-06-2022,IndiGo,6E-6535,09:40,15:50,06h 10m,1-stop,16977,18,24-06-2022 18:00,Evening,1,370,Bangalore -> Kolkata
6852,Bangalore,Kolkata,24-06-2022,25-06-2022,GO FIRST,G8- 118,21:30,07:50,10h 20m,1-stop,17736,2,24-06-2022 02:00,Night,1,620,Bangalore -> Kolkata
6854,Bangalore,Kolkata,24-06-2022,25-06-2022,Vistara,UK-864,18:55,16:55,22h 00m,1-stop,18182,13,24-06-2022 13:00,Afternoon,1,1320,Bangalore -> Kolkata
6855,Bangalore,Kolkata,24-06-2022,25-06-2022,Vistara,UK-854,18:25,16:55,22h 30m,1-stop,18182,7,24-06-2022 07:00,Morning,1,1350,Bangalore -> Kolkata
6857,Bangalore,Kolkata,24-06-2022,25-06-2022,Vistara,UK-866,21:40,16:55,19h 15m,1-stop,18499,23,24-06-2022 23:00,Night,1,1155,Bangalore -> Kolkata
6858,Bangalore,Kolkata,24-06-2022,25-06-2022,Vistara,UK-850,19:55,16:55,21h 00m,1-stop,18499,0,24-06-2022 00:00,Night,1,1260,Bangalore -> Kolkata
6859,Bangalore,Kolkata,24-06-2022,25-06-2022,IndiGo,6E- 524,10:05,18:40,08h 35m,1-stop,18657,9,24-06-2022 09:00,Morning,1,515,Bangalore -> Kolkata
6860,Bangalore,Kolkata,24-06-2022,25-06-2022,Vistara,UK-511,07:10,19:55,12h 45m,2+-stop,19083,17,24-06-2022 17:00,Evening,1,765,Bangalore -> Kolkata
6862,Bangalore,Kolkata,24-06-2022,25-06-2022,Vistara,UK-915,17:30,08:20,14h 50m,2+-stop,19353,15,24-06-2022 15:00,Afternoon,1,890,Bangalore -> Kolkata
6863,Bangalore,Kolkata,24-06-2022,25-06-2022,Vistara,UK-915,17:30,09:35,16h 05m,2+-stop,19353,7,24-06-2022 07:00,Morning,1,965,Bangalore -> Kolkata
6866,Bangalore,Kolkata,24-06-2022,25-06-2022,Vistara,UK-802,18:45,08:20,13h 35m,1-stop,19652,0,24-06-2022 00:00,Night,1,815,Bangalore -> Kolkata
6867,Bangalore,Kolkata,24-06-2022,25-06-2022,Vistara,UK-802,18:45,09:35,14h 50m,1-stop,19652,11,24-06-2022 11:00,Morning,1,890,Bangalore -> Kolkata
6868,Bangalore,Kolkata,24-06-2022,25-06-2022,Vistara,UK-846,08:30,18:05,09h 35m,1-stop,19673,7,24-06-2022 07:00,Morning,1,575,Bangalore -> Kolkata
6869,Bangalore,Kolkata,24-06-2022,25-06-2022,Vistara,UK-802,18:45,18:05,23h 20m,1-stop,19969,23,24-06-2022 23:00,Night,1,1400,Bangalore -> Kolkata
6871,Bangalore,Kolkata,24-06-2022,25-06-2022,Vistara,UK-852,09:30,18:05,08h 35m,1-stop,20261,15,24-06-2022 15:00,Afternoon,1,515,Bangalore -> Kolkata
6872,Bangalore,Kolkata,24-06-2022,25-06-2022,Vistara,UK-846,08:30,18:05,09h 35m,1-stop,20261,17,24-06-2022 17:00,Evening,1,575,Bangalore -> Kolkata
6873,Bangalore,Kolkata,24-06-2022,25-06-2022,Vistara,UK-820,17:45,08:20,14h 35m,1-stop,20387,3,24-06-2022 03:00,Night,1,875,Bangalore -> Kolkata
6874,Bangalore,Kolkata,24-06-2022,25-06-2022,Vistara,UK-820,17:45,09:35,15h 50m,1-stop,20387,5,24-06-2022 05:00,Morning,1,950,Bangalore -> Kolkata
6875,Bangalore,Kolkata,24-06-2022,25-06-2022,Vistara,UK-802,18:45,19:35,24h 50m,1-stop,20389,11,24-06-2022 11:00,Morning,1,1490,Bangalore -> Kolkata
6876,Bangalore,Kolkata,24-06-2022,25-06-2022,Vistara,UK-820,17:45,18:05,24h 20m,1-stop,20704,8,24-06-2022 08:00,Morning,1,1460,Bangalore -> Kolkata
6877,Bangalore,Kolkata,24-06-2022,25-06-2022,Vistara,UK-820,17:45,19:35,25h 50m,1-stop,21124,14,24-06-2022 14:00,Afternoon,1,1550,Bangalore -> Kolkata
6878,Bangalore,Kolkata,24-06-2022,25-06-2022,Vistara,UK-806,09:45,18:05,08h 20m,1-stop,21437,15,24-06-2022 15:00,Afternoon,1,500,Bangalore -> Kolkata
6879,Bangalore,Kolkata,24-06-2022,25-06-2022,Vistara,UK-806,09:45,22:45,13h 00m,1-stop,21754,23,24-06-2022 23:00,Night,1,780,Bangalore -> Kolkata
6881,Bangalore,Kolkata,24-06-2022,25-06-2022,Vistara,UK-806,09:45,19:35,09h 50m,1-stop,22174,11,24-06-2022 11:00,Morning,1,590,Bangalore -> Kolkata
6886,Bangalore,Kolkata,24-06-2022,25-06-2022,Vistara,UK-816,11:30,18:05,06h 35m,1-stop,26477,23,24-06-2022 23:00,Night,1,395,Bangalore -> Kolkata
6887,Bangalore,Kolkata,24-06-2022,25-06-2022,Vistara,UK-816,11:30,22:45,11h 15m,1-stop,26794,22,24-06-2022 22:00,Night,1,675,Bangalore -> Kolkata
6888,Bangalore,Kolkata,24-06-2022,25-06-2022,Vistara,UK-816,11:30,19:35,08h 05m,1-stop,27214,13,24-06-2022 13:00,Afternoon,1,485,Bangalore -> Kolkata
6889,Bangalore,Kolkata,24-06-2022,25-06-2022,Air Asia,I5-741,11:15,00:50,13h 35m,1-stop,27659,12,24-06-2022 12:00,Afternoon,1,815,Bangalore -> Kolkata
6891,Bangalore,Kolkata,24-06-2022,25-06-2022,Vistara,UK-657,11:30,19:35,08h 05m,1-stop,47584,1,24-06-2022 01:00,Night,1,485,Bangalore -> Kolkata
6892,Bangalore,Kolkata,24-06-2022,26-06-2022,Air Asia,I5-2472,06:30,08:50,02h 20m,non-stop,7789,2,24-06-2022 02:00,Night,2,140,Bangalore -> Kolkata
6893,Bangalore,Kolkata,24-06-2022,26-06-2022,Air Asia,I5-592,17:55,20:25,02h 30m,non-stop,7789,23,24-06-2022 23:00,Night,2,150,Bangalore -> Kolkata
6894,Bangalore,Kolkata,24-06-2022,26-06-2022,IndiGo,6E- 538,22:05,00:35,02h 30m,non-stop,7789,21,24-06-2022 21:00,Night,2,150,Bangalore -> Kolkata
6895,Bangalore,Kolkata,24-06-2022,26-06-2022,IndiGo,6E- 227,06:30,09:05,02h 35m,non-stop,7789,9,24-06-2022 09:00,Morning,2,155,Bangalore -> Kolkata
6896,Bangalore,Kolkata,24-06-2022,26-06-2022,IndiGo,6E-6439,07:45,10:20,02h 35m,non-stop,7789,8,24-06-2022 08:00,Morning,2,155,Bangalore -> Kolkata
6897,Bangalore,Kolkata,24-06-2022,26-06-2022,IndiGo,6E- 676,19:55,22:30,02h 35m,non-stop,7789,19,24-06-2022 19:00,Evening,2,155,Bangalore -> Kolkata
6898,Bangalore,Kolkata,24-06-2022,26-06-2022,IndiGo,6E- 952,23:25,02:00,02h 35m,non-stop,7789,7,24-06-2022 07:00,Morning,2,155,Bangalore -> Kolkata
6899,Bangalore,Kolkata,24-06-2022,26-06-2022,Air Asia,I5-992,23:30,02:05,02h 35m,non-stop,7789,9,24-06-2022 09:00,Morning,2,155,Bangalore -> Kolkata
6900,Bangalore,Kolkata,24-06-2022,26-06-2022,Air Asia,I5-1455,17:10,19:50,02h 40m,non-stop,7789,18,24-06-2022 18:00,Evening,2,160,Bangalore -> Kolkata
6901,Bangalore,Kolkata,24-06-2022,26-06-2022,Air Asia,I5-974,22:15,03:15,05h 00m,1-stop,7789,2,24-06-2022 02:00,Night,2,300,Bangalore -> Kolkata
6902,Bangalore,Kolkata,24-06-2022,26-06-2022,Air Asia,I5-1576,07:35,14:15,06h 40m,1-stop,7789,23,24-06-2022 23:00,Night,2,400,Bangalore -> Kolkata
6903,Bangalore,Kolkata,24-06-2022,26-06-2022,Air Asia,I5-1780,05:10,12:05,06h 55m,1-stop,7789,4,24-06-2022 04:00,Night,2,415,Bangalore -> Kolkata
6904,Bangalore,Kolkata,24-06-2022,26-06-2022,Air Asia,I5-1780,05:10,14:50,09h 40m,1-stop,7789,2,24-06-2022 02:00,Night,2,580,Bangalore -> Kolkata
6905,Bangalore,Kolkata,24-06-2022,26-06-2022,Air Asia,I5-1567,06:50,18:05,11h 15m,1-stop,7789,15,24-06-2022 15:00,Afternoon,2,675,Bangalore -> Kolkata
6906,Bangalore,Kolkata,24-06-2022,26-06-2022,Air Asia,I5-1426,12:50,03:15,14h 25m,1-stop,7789,16,24-06-2022 16:00,Afternoon,2,865,Bangalore -> Kolkata
6907,Bangalore,Kolkata,24-06-2022,26-06-2022,Air Asia,I5-1528,06:10,23:00,16h 50m,1-stop,7789,14,24-06-2022 14:00,Afternoon,2,1010,Bangalore -> Kolkata
6912,Bangalore,Kolkata,24-06-2022,26-06-2022,IndiGo,6E-6366,12:30,16:50,04h 20m,1-stop,8104,2,24-06-2022 02:00,Night,2,260,Bangalore -> Kolkata
6913,Bangalore,Kolkata,24-06-2022,26-06-2022,IndiGo,6E- 978,16:10,22:40,06h 30m,1-stop,8104,11,24-06-2022 11:00,Morning,2,390,Bangalore -> Kolkata
6914,Bangalore,Kolkata,24-06-2022,26-06-2022,IndiGo,6E-6212,11:10,18:20,07h 10m,1-stop,8104,8,24-06-2022 08:00,Morning,2,430,Bangalore -> Kolkata
6915,Bangalore,Kolkata,24-06-2022,26-06-2022,IndiGo,6E- 886,08:55,17:15,08h 20m,1-stop,8104,20,24-06-2022 20:00,Evening,2,500,Bangalore -> Kolkata
6916,Bangalore,Kolkata,24-06-2022,26-06-2022,IndiGo,6E- 541,09:35,18:20,08h 45m,1-stop,8104,11,24-06-2022 11:00,Morning,2,525,Bangalore -> Kolkata
6917,Bangalore,Kolkata,24-06-2022,26-06-2022,IndiGo,6E- 411,20:55,06:50,09h 55m,1-stop,8104,14,24-06-2022 14:00,Afternoon,2,595,Bangalore -> Kolkata
6918,Bangalore,Kolkata,24-06-2022,26-06-2022,IndiGo,6E- 484,07:10,17:15,10h 05m,1-stop,8104,1,24-06-2022 01:00,Night,2,605,Bangalore -> Kolkata
6919,Bangalore,Kolkata,24-06-2022,26-06-2022,IndiGo,6E- 541,09:35,19:45,10h 10m,1-stop,8104,22,24-06-2022 22:00,Night,2,610,Bangalore -> Kolkata
6920,Bangalore,Kolkata,24-06-2022,26-06-2022,IndiGo,6E- 684,22:10,08:20,10h 10m,1-stop,8104,17,24-06-2022 17:00,Evening,2,610,Bangalore -> Kolkata
6921,Bangalore,Kolkata,24-06-2022,26-06-2022,IndiGo,6E-6825,08:05,18:20,10h 15m,1-stop,8104,19,24-06-2022 19:00,Evening,2,615,Bangalore -> Kolkata
6922,Bangalore,Kolkata,24-06-2022,26-06-2022,IndiGo,6E- 886,08:55,19:15,10h 20m,1-stop,8104,11,24-06-2022 11:00,Morning,2,620,Bangalore -> Kolkata
6924,Bangalore,Kolkata,24-06-2022,26-06-2022,Air Asia,I5-611,08:25,11:15,02h 50m,non-stop,8315,22,24-06-2022 22:00,Night,2,170,Bangalore -> Kolkata
6925,Bangalore,Kolkata,24-06-2022,26-06-2022,IndiGo,6E- 503,11:55,14:20,02h 25m,non-stop,8419,3,24-06-2022 03:00,Night,2,145,Bangalore -> Kolkata
6926,Bangalore,Kolkata,24-06-2022,26-06-2022,IndiGo,6E- 217,18:10,20:35,02h 25m,non-stop,8419,22,24-06-2022 22:00,Night,2,145,Bangalore -> Kolkata
6927,Bangalore,Kolkata,24-06-2022,26-06-2022,IndiGo,6E-6572,15:25,18:00,02h 35m,non-stop,8419,15,24-06-2022 15:00,Afternoon,2,155,Bangalore -> Kolkata
6928,Bangalore,Kolkata,24-06-2022,26-06-2022,IndiGo,6E- 541,09:35,15:30,05h 55m,1-stop,8745,22,24-06-2022 22:00,Night,2,355,Bangalore -> Kolkata
6929,Bangalore,Kolkata,24-06-2022,26-06-2022,IndiGo,6E-6825,08:05,15:30,07h 25m,1-stop,8745,15,24-06-2022 15:00,Afternoon,2,445,Bangalore -> Kolkata
6930,Bangalore,Kolkata,24-06-2022,26-06-2022,IndiGo,6E-6212,11:10,19:45,08h 35m,1-stop,8745,0,24-06-2022 00:00,Night,2,515,Bangalore -> Kolkata
6931,Bangalore,Kolkata,24-06-2022,26-06-2022,IndiGo,6E- 172,13:40,16:05,02h 25m,non-stop,9049,21,24-06-2022 21:00,Night,2,145,Bangalore -> Kolkata
6932,Bangalore,Kolkata,24-06-2022,26-06-2022,IndiGo,6E-6067,15:45,22:30,06h 45m,1-stop,9385,1,24-06-2022 01:00,Night,2,405,Bangalore -> Kolkata
6933,Bangalore,Kolkata,24-06-2022,26-06-2022,IndiGo,6E- 442,09:15,11:50,02h 35m,non-stop,9679,2,24-06-2022 02:00,Night,2,155,Bangalore -> Kolkata
6934,Bangalore,Kolkata,24-06-2022,26-06-2022,IndiGo,6E-6491,12:35,19:15,06h 40m,1-stop,10026,20,24-06-2022 20:00,Evening,2,400,Bangalore -> Kolkata
6935,Bangalore,Kolkata,24-06-2022,26-06-2022,IndiGo,6E- 484,07:10,13:20,06h 10m,1-stop,10346,19,24-06-2022 19:00,Evening,2,370,Bangalore -> Kolkata
6936,Bangalore,Kolkata,24-06-2022,26-06-2022,IndiGo,6E-6257,05:15,13:20,08h 05m,1-stop,10346,16,24-06-2022 16:00,Afternoon,2,485,Bangalore -> Kolkata
6937,Bangalore,Kolkata,24-06-2022,26-06-2022,IndiGo,6E- 537,10:15,19:15,09h 00m,1-stop,10346,19,24-06-2022 19:00,Evening,2,540,Bangalore -> Kolkata
6938,Bangalore,Kolkata,24-06-2022,26-06-2022,IndiGo,6E-6491,12:35,22:30,09h 55m,1-stop,10346,21,24-06-2022 21:00,Night,2,595,Bangalore -> Kolkata
6939,Bangalore,Kolkata,24-06-2022,26-06-2022,IndiGo,6E-6212,11:10,15:30,04h 20m,1-stop,10666,20,24-06-2022 20:00,Evening,2,260,Bangalore -> Kolkata
6940,Bangalore,Kolkata,24-06-2022,26-06-2022,Vistara,UK-544,10:15,09:40,23h 25m,1-stop,11753,0,24-06-2022 00:00,Night,2,1405,Bangalore -> Kolkata
6941,Bangalore,Kolkata,24-06-2022,26-06-2022,Vistara,UK-852,09:30,09:40,24h 10m,1-stop,11753,19,24-06-2022 19:00,Evening,2,1450,Bangalore -> Kolkata
6942,Bangalore,Kolkata,24-06-2022,26-06-2022,Vistara,UK-858,06:40,09:40,27h 00m,1-stop,11753,5,24-06-2022 05:00,Morning,2,1620,Bangalore -> Kolkata
6943,Bangalore,Kolkata,24-06-2022,26-06-2022,Vistara,UK-864,18:55,09:40,14h 45m,1-stop,12197,14,24-06-2022 14:00,Afternoon,2,885,Bangalore -> Kolkata
6944,Bangalore,Kolkata,24-06-2022,26-06-2022,Vistara,UK-854,18:25,09:40,15h 15m,1-stop,12197,13,24-06-2022 13:00,Afternoon,2,915,Bangalore -> Kolkata
6945,Bangalore,Kolkata,24-06-2022,26-06-2022,Vistara,UK-864,18:55,16:55,22h 00m,1-stop,12197,19,24-06-2022 19:00,Evening,2,1320,Bangalore -> Kolkata
6946,Bangalore,Kolkata,24-06-2022,26-06-2022,Vistara,UK-854,18:25,16:55,22h 30m,1-stop,12197,14,24-06-2022 14:00,Afternoon,2,1350,Bangalore -> Kolkata
6947,Bangalore,Kolkata,24-06-2022,26-06-2022,Vistara,UK-864,18:55,19:55,25h 00m,1-stop,12197,13,24-06-2022 13:00,Afternoon,2,1500,Bangalore -> Kolkata
6948,Bangalore,Kolkata,24-06-2022,26-06-2022,Vistara,UK-854,18:25,19:55,25h 30m,1-stop,12197,20,24-06-2022 20:00,Evening,2,1530,Bangalore -> Kolkata
6949,Bangalore,Kolkata,24-06-2022,26-06-2022,IndiGo,6E- 841,14:50,19:45,04h 55m,1-stop,12267,23,24-06-2022 23:00,Night,2,295,Bangalore -> Kolkata
6950,Bangalore,Kolkata,24-06-2022,26-06-2022,IndiGo,6E- 537,10:15,17:15,07h 00m,1-stop,12267,4,24-06-2022 04:00,Night,2,420,Bangalore -> Kolkata
6951,Bangalore,Kolkata,24-06-2022,26-06-2022,Vistara,UK-850,19:55,09:40,13h 45m,1-stop,12785,5,24-06-2022 05:00,Morning,2,825,Bangalore -> Kolkata
6952,Bangalore,Kolkata,24-06-2022,26-06-2022,Vistara,UK-850,19:55,16:55,21h 00m,1-stop,12785,16,24-06-2022 16:00,Afternoon,2,1260,Bangalore -> Kolkata
6953,Bangalore,Kolkata,24-06-2022,26-06-2022,Vistara,UK-850,19:55,19:55,24h 00m,1-stop,12785,10,24-06-2022 10:00,Morning,2,1440,Bangalore -> Kolkata
6954,Bangalore,Kolkata,24-06-2022,26-06-2022,IndiGo,6E- 342,15:40,20:55,05h 15m,1-stop,12908,15,24-06-2022 15:00,Afternoon,2,315,Bangalore -> Kolkata
6955,Bangalore,Kolkata,24-06-2022,26-06-2022,IndiGo,6E- 524,10:05,20:00,09h 55m,1-stop,12908,11,24-06-2022 11:00,Morning,2,595,Bangalore -> Kolkata
6956,Bangalore,Kolkata,24-06-2022,26-06-2022,Vistara,UK-544,10:15,19:55,09h 40m,1-stop,13520,14,24-06-2022 14:00,Afternoon,2,580,Bangalore -> Kolkata
6957,Bangalore,Kolkata,24-06-2022,26-06-2022,Vistara,UK-852,09:30,19:55,10h 25m,1-stop,13520,22,24-06-2022 22:00,Night,2,625,Bangalore -> Kolkata
6958,Bangalore,Kolkata,24-06-2022,26-06-2022,Vistara,UK-858,06:40,19:55,13h 15m,1-stop,13520,3,24-06-2022 03:00,Night,2,795,Bangalore -> Kolkata
6959,Bangalore,Kolkata,24-06-2022,26-06-2022,Vistara,UK-810,07:00,18:05,11h 05m,1-stop,13814,17,24-06-2022 17:00,Evening,2,665,Bangalore -> Kolkata
6960,Bangalore,Kolkata,24-06-2022,26-06-2022,Vistara,UK-810,07:00,19:35,12h 35m,1-stop,13814,20,24-06-2022 20:00,Evening,2,755,Bangalore -> Kolkata
6961,Bangalore,Kolkata,24-06-2022,26-06-2022,Vistara,UK-810,07:00,22:45,15h 45m,1-stop,13814,2,24-06-2022 02:00,Night,2,945,Bangalore -> Kolkata
6962,Bangalore,Kolkata,24-06-2022,26-06-2022,Vistara,UK-810,07:00,08:20,25h 20m,1-stop,13814,21,24-06-2022 21:00,Night,2,1520,Bangalore -> Kolkata
6963,Bangalore,Kolkata,24-06-2022,26-06-2022,Vistara,UK-810,07:00,09:35,26h 35m,1-stop,13814,7,24-06-2022 07:00,Morning,2,1595,Bangalore -> Kolkata
6964,Bangalore,Kolkata,24-06-2022,26-06-2022,Air Asia,I5-1426,12:50,22:00,09h 10m,1-stop,13847,22,24-06-2022 22:00,Night,2,550,Bangalore -> Kolkata
6965,Bangalore,Kolkata,24-06-2022,26-06-2022,IndiGo,6E- 457,08:20,18:40,10h 20m,2+-stop,14189,2,24-06-2022 02:00,Night,2,620,Bangalore -> Kolkata
6966,Bangalore,Kolkata,24-06-2022,26-06-2022,Air Asia,I5-1562,14:20,18:05,03h 45m,1-stop,14509,7,24-06-2022 07:00,Morning,2,225,Bangalore -> Kolkata
6967,Bangalore,Kolkata,24-06-2022,26-06-2022,Vistara,UK-808,08:00,18:05,10h 05m,1-stop,14549,17,24-06-2022 17:00,Evening,2,605,Bangalore -> Kolkata
6968,Bangalore,Kolkata,24-06-2022,26-06-2022,Vistara,UK-808,08:00,19:35,11h 35m,1-stop,14549,9,24-06-2022 09:00,Morning,2,695,Bangalore -> Kolkata
6969,Bangalore,Kolkata,24-06-2022,26-06-2022,Vistara,UK-808,08:00,22:45,14h 45m,1-stop,14549,19,24-06-2022 19:00,Evening,2,885,Bangalore -> Kolkata
6970,Bangalore,Kolkata,24-06-2022,26-06-2022,Vistara,UK-808,08:00,08:20,24h 20m,1-stop,14549,16,24-06-2022 16:00,Afternoon,2,1460,Bangalore -> Kolkata
6971,Bangalore,Kolkata,24-06-2022,26-06-2022,GO FIRST,G8- 395,08:15,00:30,16h 15m,1-stop,16261,7,24-06-2022 07:00,Morning,2,975,Bangalore -> Kolkata
6972,Bangalore,Kolkata,24-06-2022,26-06-2022,Air Asia,I5-1562,14:20,22:00,07h 40m,1-stop,15006,22,24-06-2022 22:00,Night,2,460,Bangalore -> Kolkata
6976,Bangalore,Kolkata,24-06-2022,26-06-2022,GO FIRST,G8- 320,17:45,00:30,06h 45m,1-stop,16261,10,24-06-2022 10:00,Morning,2,405,Bangalore -> Kolkata
6977,Bangalore,Kolkata,24-06-2022,26-06-2022,Vistara,UK-893,20:10,19:55,23h 45m,2+-stop,16507,4,24-06-2022 04:00,Night,2,1425,Bangalore -> Kolkata
6981,Bangalore,Kolkata,24-06-2022,26-06-2022,IndiGo,6E- 255,08:35,17:30,08h 55m,1-stop,16819,12,24-06-2022 12:00,Afternoon,2,535,Bangalore -> Kolkata
6986,Bangalore,Kolkata,24-06-2022,26-06-2022,Vistara,UK-513,19:25,19:55,24h 30m,2+-stop,17316,20,24-06-2022 20:00,Evening,2,1470,Bangalore -> Kolkata
6987,Bangalore,Kolkata,24-06-2022,26-06-2022,GO FIRST,G8- 283,05:25,16:05,10h 40m,1-stop,17660,22,24-06-2022 22:00,Night,2,640,Bangalore -> Kolkata
6988,Bangalore,Kolkata,24-06-2022,26-06-2022,GO FIRST,G8- 118,21:30,07:50,10h 20m,1-stop,17736,4,24-06-2022 04:00,Night,2,620,Bangalore -> Kolkata
6989,Bangalore,Kolkata,24-06-2022,26-06-2022,IndiGo,6E- 524,10:05,18:40,08h 35m,1-stop,18027,23,24-06-2022 23:00,Night,2,515,Bangalore -> Kolkata
6990,Bangalore,Kolkata,24-06-2022,26-06-2022,Vistara,UK-544,10:15,16:55,06h 40m,1-stop,18182,12,24-06-2022 12:00,Afternoon,2,400,Bangalore -> Kolkata
6991,Bangalore,Kolkata,24-06-2022,26-06-2022,Vistara,UK-852,09:30,16:55,07h 25m,1-stop,18182,5,24-06-2022 05:00,Morning,2,445,Bangalore -> Kolkata
6992,Bangalore,Kolkata,24-06-2022,26-06-2022,Vistara,UK-858,06:40,16:55,10h 15m,1-stop,18182,4,24-06-2022 04:00,Night,2,615,Bangalore -> Kolkata
6993,Bangalore,Kolkata,24-06-2022,26-06-2022,Vistara,UK-897,07:45,18:05,10h 20m,2+-stop,18201,8,24-06-2022 08:00,Morning,2,620,Bangalore -> Kolkata
6994,Bangalore,Kolkata,24-06-2022,26-06-2022,Vistara,UK-915,17:30,19:55,26h 25m,2+-stop,18526,15,24-06-2022 15:00,Afternoon,2,1585,Bangalore -> Kolkata
6997,Bangalore,Kolkata,24-06-2022,26-06-2022,Vistara,UK-657,11:30,19:35,08h 05m,1-stop,21015,1,24-06-2022 01:00,Night,2,485,Bangalore -> Kolkata
6998,Bangalore,Kolkata,24-06-2022,26-06-2022,Vistara,UK-915,17:30,18:05,24h 35m,2+-stop,19353,0,24-06-2022 00:00,Night,2,1475,Bangalore -> Kolkata
6999,Bangalore,Kolkata,24-06-2022,26-06-2022,Vistara,UK-866,21:40,09:40,12h 00m,1-stop,19442,7,24-06-2022 07:00,Morning,2,720,Bangalore -> Kolkata
7000,Bangalore,Kolkata,24-06-2022,26-06-2022,Vistara,UK-866,21:40,16:55,19h 15m,1-stop,19442,18,24-06-2022 18:00,Evening,2,1155,Bangalore -> Kolkata
7001,Bangalore,Kolkata,24-06-2022,26-06-2022,Vistara,UK-866,21:40,19:55,22h 15m,1-stop,19442,10,24-06-2022 10:00,Morning,2,1335,Bangalore -> Kolkata
7002,Bangalore,Kolkata,24-06-2022,26-06-2022,Vistara,UK-852,09:30,18:05,08h 35m,1-stop,19944,11,24-06-2022 11:00,Morning,2,515,Bangalore -> Kolkata
7006,Bangalore,Kolkata,24-06-2022,26-06-2022,Vistara,UK-915,17:30,08:20,14h 50m,2+-stop,20385,11,24-06-2022 11:00,Morning,2,890,Bangalore -> Kolkata
7007,Bangalore,Kolkata,24-06-2022,26-06-2022,Vistara,UK-814,21:15,08:20,11h 05m,1-stop,20387,6,24-06-2022 06:00,Morning,2,665,Bangalore -> Kolkata
7008,Bangalore,Kolkata,24-06-2022,26-06-2022,Vistara,UK-814,21:15,18:05,20h 50m,1-stop,20387,12,24-06-2022 12:00,Afternoon,2,1250,Bangalore -> Kolkata
7009,Bangalore,Kolkata,24-06-2022,26-06-2022,Vistara,UK-814,21:15,19:35,22h 20m,1-stop,20387,7,24-06-2022 07:00,Morning,2,1340,Bangalore -> Kolkata
7012,Bangalore,Kolkata,24-06-2022,26-06-2022,IndiGo,6E- 841,14:50,21:50,07h 00m,1-stop,20914,21,24-06-2022 21:00,Night,2,420,Bangalore -> Kolkata
7014,Bangalore,Kolkata,24-06-2022,26-06-2022,Vistara,UK-818,19:40,08:20,12h 40m,1-stop,22802,8,24-06-2022 08:00,Morning,2,760,Bangalore -> Kolkata
7015,Bangalore,Kolkata,24-06-2022,26-06-2022,Vistara,UK-818,19:40,09:35,13h 55m,1-stop,23119,6,24-06-2022 06:00,Morning,2,835,Bangalore -> Kolkata
7016,Bangalore,Kolkata,24-06-2022,26-06-2022,Vistara,UK-802,18:45,08:20,13h 35m,1-stop,26477,20,24-06-2022 20:00,Evening,2,815,Bangalore -> Kolkata
7017,Bangalore,Kolkata,24-06-2022,26-06-2022,Vistara,UK-816,11:30,18:05,06h 35m,1-stop,26794,23,24-06-2022 23:00,Night,2,395,Bangalore -> Kolkata
7018,Bangalore,Kolkata,24-06-2022,26-06-2022,Vistara,UK-816,11:30,22:45,11h 15m,1-stop,26794,14,24-06-2022 14:00,Afternoon,2,675,Bangalore -> Kolkata
7019,Bangalore,Kolkata,24-06-2022,26-06-2022,Vistara,UK-802,18:45,09:35,14h 50m,1-stop,26794,1,24-06-2022 01:00,Night,2,890,Bangalore -> Kolkata
7020,Bangalore,Kolkata,24-06-2022,26-06-2022,IndiGo,6E-6535,09:40,15:50,06h 10m,1-stop,26847,22,24-06-2022 22:00,Night,2,370,Bangalore -> Kolkata
7023,Bangalore,Kolkata,24-06-2022,26-06-2022,Vistara,UK-816,11:30,19:35,08h 05m,1-stop,27214,19,24-06-2022 19:00,Evening,2,485,Bangalore -> Kolkata
7024,Bangalore,Kolkata,24-06-2022,26-06-2022,Air Asia,I5-741,11:15,23:00,11h 45m,1-stop,27659,11,24-06-2022 11:00,Morning,2,705,Bangalore -> Kolkata
7026,Bangalore,Kolkata,24-06-2022,26-06-2022,Vistara,UK-820,17:45,08:20,14h 35m,1-stop,28787,0,24-06-2022 00:00,Night,2,875,Bangalore -> Kolkata
7027,Bangalore,Kolkata,24-06-2022,26-06-2022,Vistara,UK-820,17:45,09:35,15h 50m,1-stop,29104,22,24-06-2022 22:00,Night,2,950,Bangalore -> Kolkata
7032,Bangalore,Kolkata,24-06-2022,27-06-2022,SpiceJet,SG- 538,17:30,20:00,02h 30m,non-stop,7789,21,24-06-2022 21:00,Night,3,150,Bangalore -> Kolkata
7033,Bangalore,Kolkata,24-06-2022,27-06-2022,IndiGo,6E- 503,11:55,14:20,02h 25m,non-stop,7789,7,24-06-2022 07:00,Morning,3,145,Bangalore -> Kolkata
7034,Bangalore,Kolkata,24-06-2022,27-06-2022,IndiGo,6E- 172,13:40,16:05,02h 25m,non-stop,7789,4,24-06-2022 04:00,Night,3,145,Bangalore -> Kolkata
7035,Bangalore,Kolkata,24-06-2022,27-06-2022,IndiGo,6E- 217,18:10,20:35,02h 25m,non-stop,7789,14,24-06-2022 14:00,Afternoon,3,145,Bangalore -> Kolkata
7036,Bangalore,Kolkata,24-06-2022,27-06-2022,IndiGo,6E- 227,06:30,09:05,02h 35m,non-stop,7789,0,24-06-2022 00:00,Night,3,155,Bangalore -> Kolkata
7037,Bangalore,Kolkata,24-06-2022,27-06-2022,IndiGo,6E-6439,07:45,10:20,02h 35m,non-stop,7789,0,24-06-2022 00:00,Night,3,155,Bangalore -> Kolkata
7038,Bangalore,Kolkata,24-06-2022,27-06-2022,IndiGo,6E-6572,15:25,18:00,02h 35m,non-stop,7789,9,24-06-2022 09:00,Morning,3,155,Bangalore -> Kolkata
7039,Bangalore,Kolkata,24-06-2022,27-06-2022,IndiGo,6E- 676,19:55,22:30,02h 35m,non-stop,7789,21,24-06-2022 21:00,Night,3,155,Bangalore -> Kolkata
7040,Bangalore,Kolkata,24-06-2022,27-06-2022,IndiGo,6E- 952,23:25,02:00,02h 35m,non-stop,7789,9,24-06-2022 09:00,Morning,3,155,Bangalore -> Kolkata
7041,Bangalore,Kolkata,24-06-2022,27-06-2022,Air Asia,I5-992,23:30,02:05,02h 35m,non-stop,7789,20,24-06-2022 20:00,Evening,3,155,Bangalore -> Kolkata
7052,Bangalore,Kolkata,24-06-2022,27-06-2022,IndiGo,6E-6366,12:30,16:35,04h 05m,1-stop,8104,14,24-06-2022 14:00,Afternoon,3,245,Bangalore -> Kolkata
7053,Bangalore,Kolkata,24-06-2022,27-06-2022,IndiGo,6E- 841,14:50,19:45,04h 55m,1-stop,8104,16,24-06-2022 16:00,Afternoon,3,295,Bangalore -> Kolkata
7054,Bangalore,Kolkata,24-06-2022,27-06-2022,IndiGo,6E- 342,15:40,20:55,05h 15m,1-stop,8104,21,24-06-2022 21:00,Night,3,315,Bangalore -> Kolkata
7055,Bangalore,Kolkata,24-06-2022,27-06-2022,IndiGo,6E- 524,10:05,15:55,05h 50m,1-stop,8104,5,24-06-2022 05:00,Morning,3,350,Bangalore -> Kolkata
7056,Bangalore,Kolkata,24-06-2022,27-06-2022,IndiGo,6E- 484,07:10,13:20,06h 10m,1-stop,8104,2,24-06-2022 02:00,Night,3,370,Bangalore -> Kolkata
7057,Bangalore,Kolkata,24-06-2022,27-06-2022,IndiGo,6E- 978,16:10,22:40,06h 30m,1-stop,8104,12,24-06-2022 12:00,Afternoon,3,390,Bangalore -> Kolkata
7058,Bangalore,Kolkata,24-06-2022,27-06-2022,IndiGo,6E-6491,12:35,19:15,06h 40m,1-stop,8104,15,24-06-2022 15:00,Afternoon,3,400,Bangalore -> Kolkata
7059,Bangalore,Kolkata,24-06-2022,27-06-2022,IndiGo,6E-6067,15:45,22:30,06h 45m,1-stop,8104,7,24-06-2022 07:00,Morning,3,405,Bangalore -> Kolkata
7060,Bangalore,Kolkata,24-06-2022,27-06-2022,IndiGo,6E- 537,10:15,17:15,07h 00m,1-stop,8104,14,24-06-2022 14:00,Afternoon,3,420,Bangalore -> Kolkata
7061,Bangalore,Kolkata,24-06-2022,27-06-2022,IndiGo,6E- 841,14:50,21:50,07h 00m,1-stop,8104,16,24-06-2022 16:00,Afternoon,3,420,Bangalore -> Kolkata
7062,Bangalore,Kolkata,24-06-2022,27-06-2022,IndiGo,6E-6212,11:10,18:20,07h 10m,1-stop,8104,16,24-06-2022 16:00,Afternoon,3,430,Bangalore -> Kolkata
7063,Bangalore,Kolkata,24-06-2022,27-06-2022,IndiGo,6E- 524,10:05,18:40,08h 35m,1-stop,8104,21,24-06-2022 21:00,Night,3,515,Bangalore -> Kolkata
7064,Bangalore,Kolkata,24-06-2022,27-06-2022,IndiGo,6E-6212,11:10,19:45,08h 35m,1-stop,8104,12,24-06-2022 12:00,Afternoon,3,515,Bangalore -> Kolkata
7065,Bangalore,Kolkata,24-06-2022,27-06-2022,IndiGo,6E- 541,09:35,18:20,08h 45m,1-stop,8104,16,24-06-2022 16:00,Afternoon,3,525,Bangalore -> Kolkata
7066,Bangalore,Kolkata,24-06-2022,27-06-2022,IndiGo,6E- 255,08:35,17:30,08h 55m,1-stop,8104,5,24-06-2022 05:00,Morning,3,535,Bangalore -> Kolkata
7067,Bangalore,Kolkata,24-06-2022,27-06-2022,IndiGo,6E- 537,10:15,19:15,09h 00m,1-stop,8104,16,24-06-2022 16:00,Afternoon,3,540,Bangalore -> Kolkata
7068,Bangalore,Kolkata,24-06-2022,27-06-2022,IndiGo,6E- 524,10:05,20:00,09h 55m,1-stop,8104,15,24-06-2022 15:00,Afternoon,3,595,Bangalore -> Kolkata
7069,Bangalore,Kolkata,24-06-2022,27-06-2022,IndiGo,6E-6491,12:35,22:30,09h 55m,1-stop,8104,13,24-06-2022 13:00,Afternoon,3,595,Bangalore -> Kolkata
7070,Bangalore,Kolkata,24-06-2022,27-06-2022,IndiGo,6E- 411,20:55,06:50,09h 55m,1-stop,8104,12,24-06-2022 12:00,Afternoon,3,595,Bangalore -> Kolkata
7071,Bangalore,Kolkata,24-06-2022,27-06-2022,IndiGo,6E- 484,07:10,17:15,10h 05m,1-stop,8104,5,24-06-2022 05:00,Morning,3,605,Bangalore -> Kolkata
7072,Bangalore,Kolkata,24-06-2022,27-06-2022,IndiGo,6E- 541,09:35,19:45,10h 10m,1-stop,8104,2,24-06-2022 02:00,Night,3,610,Bangalore -> Kolkata
7073,Bangalore,Kolkata,24-06-2022,27-06-2022,IndiGo,6E- 684,22:10,08:20,10h 10m,1-stop,8104,13,24-06-2022 13:00,Afternoon,3,610,Bangalore -> Kolkata
7074,Bangalore,Kolkata,24-06-2022,27-06-2022,Air Asia,I5-2472,06:30,08:50,02h 20m,non-stop,8315,13,24-06-2022 13:00,Afternoon,3,140,Bangalore -> Kolkata
7075,Bangalore,Kolkata,24-06-2022,27-06-2022,IndiGo,6E-6257,05:15,13:20,08h 05m,1-stop,8424,14,24-06-2022 14:00,Afternoon,3,485,Bangalore -> Kolkata
7076,Bangalore,Kolkata,24-06-2022,27-06-2022,IndiGo,6E-6535,09:40,15:50,06h 10m,1-stop,8745,7,24-06-2022 07:00,Morning,3,370,Bangalore -> Kolkata
7077,Bangalore,Kolkata,24-06-2022,27-06-2022,IndiGo,6E- 442,09:15,11:50,02h 35m,non-stop,9049,14,24-06-2022 14:00,Afternoon,3,155,Bangalore -> Kolkata
7078,Bangalore,Kolkata,24-06-2022,27-06-2022,IndiGo,6E- 886,08:55,17:15,08h 20m,1-stop,10346,21,24-06-2022 21:00,Night,3,500,Bangalore -> Kolkata
7079,Bangalore,Kolkata,24-06-2022,27-06-2022,IndiGo,6E-6212,11:10,15:30,04h 20m,1-stop,10666,12,24-06-2022 12:00,Afternoon,3,260,Bangalore -> Kolkata
7080,Bangalore,Kolkata,24-06-2022,27-06-2022,IndiGo,6E-6825,08:05,18:20,10h 15m,1-stop,11627,16,24-06-2022 16:00,Afternoon,3,615,Bangalore -> Kolkata
7081,Bangalore,Kolkata,24-06-2022,27-06-2022,Vistara,UK-544,10:15,16:55,06h 40m,1-stop,11753,20,24-06-2022 20:00,Evening,3,400,Bangalore -> Kolkata
7082,Bangalore,Kolkata,24-06-2022,27-06-2022,Vistara,UK-852,09:30,16:55,07h 25m,1-stop,11753,23,24-06-2022 23:00,Night,3,445,Bangalore -> Kolkata
7083,Bangalore,Kolkata,24-06-2022,27-06-2022,Vistara,UK-544,10:15,19:55,09h 40m,1-stop,11753,2,24-06-2022 02:00,Night,3,580,Bangalore -> Kolkata
7084,Bangalore,Kolkata,24-06-2022,27-06-2022,Vistara,UK-852,09:30,19:55,10h 25m,1-stop,11753,5,24-06-2022 05:00,Morning,3,625,Bangalore -> Kolkata
7085,Bangalore,Kolkata,24-06-2022,27-06-2022,Vistara,UK-866,21:40,09:40,12h 00m,1-stop,11753,4,24-06-2022 04:00,Night,3,720,Bangalore -> Kolkata
7086,Bangalore,Kolkata,24-06-2022,27-06-2022,Vistara,UK-850,19:55,09:40,13h 45m,1-stop,11753,21,24-06-2022 21:00,Night,3,825,Bangalore -> Kolkata
7087,Bangalore,Kolkata,24-06-2022,27-06-2022,Vistara,UK-864,18:55,09:40,14h 45m,1-stop,11753,16,24-06-2022 16:00,Afternoon,3,885,Bangalore -> Kolkata
7088,Bangalore,Kolkata,24-06-2022,27-06-2022,Vistara,UK-854,18:25,09:40,15h 15m,1-stop,11753,22,24-06-2022 22:00,Night,3,915,Bangalore -> Kolkata
7089,Bangalore,Kolkata,24-06-2022,27-06-2022,Vistara,UK-866,21:40,16:55,19h 15m,1-stop,11753,1,24-06-2022 01:00,Night,3,1155,Bangalore -> Kolkata
7090,Bangalore,Kolkata,24-06-2022,27-06-2022,Vistara,UK-850,19:55,16:55,21h 00m,1-stop,11753,14,24-06-2022 14:00,Afternoon,3,1260,Bangalore -> Kolkata
7091,Bangalore,Kolkata,24-06-2022,27-06-2022,Vistara,UK-864,18:55,16:55,22h 00m,1-stop,11753,4,24-06-2022 04:00,Night,3,1320,Bangalore -> Kolkata
7092,Bangalore,Kolkata,24-06-2022,27-06-2022,Vistara,UK-866,21:40,19:55,22h 15m,1-stop,11753,19,24-06-2022 19:00,Evening,3,1335,Bangalore -> Kolkata
7093,Bangalore,Kolkata,24-06-2022,27-06-2022,Vistara,UK-854,18:25,16:55,22h 30m,1-stop,11753,5,24-06-2022 05:00,Morning,3,1350,Bangalore -> Kolkata
7094,Bangalore,Kolkata,24-06-2022,27-06-2022,Vistara,UK-544,10:15,09:40,23h 25m,1-stop,11753,5,24-06-2022 05:00,Morning,3,1405,Bangalore -> Kolkata
7095,Bangalore,Kolkata,24-06-2022,27-06-2022,Vistara,UK-850,19:55,19:55,24h 00m,1-stop,11753,17,24-06-2022 17:00,Evening,3,1440,Bangalore -> Kolkata
7096,Bangalore,Kolkata,24-06-2022,27-06-2022,Vistara,UK-852,09:30,09:40,24h 10m,1-stop,11753,17,24-06-2022 17:00,Evening,3,1450,Bangalore -> Kolkata
7097,Bangalore,Kolkata,24-06-2022,27-06-2022,Vistara,UK-864,18:55,19:55,25h 00m,1-stop,11753,3,24-06-2022 03:00,Night,3,1500,Bangalore -> Kolkata
7098,Bangalore,Kolkata,24-06-2022,27-06-2022,Vistara,UK-854,18:25,19:55,25h 30m,1-stop,11753,16,24-06-2022 16:00,Afternoon,3,1530,Bangalore -> Kolkata
7099,Bangalore,Kolkata,24-06-2022,27-06-2022,IndiGo,6E- 457,08:20,15:55,07h 35m,2+-stop,12267,13,24-06-2022 13:00,Afternoon,3,455,Bangalore -> Kolkata
7100,Bangalore,Kolkata,24-06-2022,27-06-2022,Air Asia,I5-1576,07:35,14:15,06h 40m,1-stop,12380,13,24-06-2022 13:00,Afternoon,3,400,Bangalore -> Kolkata
7101,Bangalore,Kolkata,24-06-2022,27-06-2022,Vistara,UK-814,21:15,08:20,11h 05m,1-stop,12782,12,24-06-2022 12:00,Afternoon,3,665,Bangalore -> Kolkata
7102,Bangalore,Kolkata,24-06-2022,27-06-2022,Vistara,UK-814,21:15,09:35,12h 20m,1-stop,12782,6,24-06-2022 06:00,Morning,3,740,Bangalore -> Kolkata
7103,Bangalore,Kolkata,24-06-2022,27-06-2022,Vistara,UK-818,19:40,08:20,12h 40m,1-stop,12782,11,24-06-2022 11:00,Morning,3,760,Bangalore -> Kolkata
7104,Bangalore,Kolkata,24-06-2022,27-06-2022,Vistara,UK-818,19:40,09:35,13h 55m,1-stop,12782,22,24-06-2022 22:00,Night,3,835,Bangalore -> Kolkata
7105,Bangalore,Kolkata,24-06-2022,27-06-2022,Air Asia,I5-1567,06:50,18:05,11h 15m,1-stop,13039,14,24-06-2022 14:00,Afternoon,3,675,Bangalore -> Kolkata
7106,Bangalore,Kolkata,24-06-2022,27-06-2022,Vistara,UK-806,09:45,18:05,08h 20m,1-stop,13814,18,24-06-2022 18:00,Evening,3,500,Bangalore -> Kolkata
7107,Bangalore,Kolkata,24-06-2022,27-06-2022,Vistara,UK-806,09:45,19:35,09h 50m,1-stop,13814,10,24-06-2022 10:00,Morning,3,590,Bangalore -> Kolkata
7108,Bangalore,Kolkata,24-06-2022,27-06-2022,IndiGo,6E- 541,09:35,15:30,05h 55m,1-stop,13869,14,24-06-2022 14:00,Afternoon,3,355,Bangalore -> Kolkata
7109,Bangalore,Kolkata,24-06-2022,27-06-2022,GO FIRST,G8- 320,17:45,00:30,06h 45m,1-stop,16261,11,24-06-2022 11:00,Morning,3,405,Bangalore -> Kolkata
7110,Bangalore,Kolkata,24-06-2022,27-06-2022,GO FIRST,G8- 395,08:15,00:30,16h 15m,1-stop,16261,2,24-06-2022 02:00,Night,3,975,Bangalore -> Kolkata
7111,Bangalore,Kolkata,24-06-2022,27-06-2022,GO FIRST,G8- 283,05:25,16:05,10h 40m,1-stop,16294,16,24-06-2022 16:00,Afternoon,3,640,Bangalore -> Kolkata
7112,Bangalore,Kolkata,24-06-2022,27-06-2022,Air Asia,I5-1426,12:50,22:00,09h 10m,2+-stop,15349,2,24-06-2022 02:00,Night,3,550,Bangalore -> Kolkata
7113,Bangalore,Kolkata,24-06-2022,27-06-2022,GO FIRST,G8- 803,17:15,08:35,15h 20m,1-stop,16896,18,24-06-2022 18:00,Evening,3,920,Bangalore -> Kolkata
7114,Bangalore,Kolkata,24-06-2022,27-06-2022,GO FIRST,G8- 118,21:30,07:50,10h 20m,1-stop,17736,19,24-06-2022 19:00,Evening,3,620,Bangalore -> Kolkata
7115,Bangalore,Kolkata,24-06-2022,27-06-2022,Vistara,UK-893,20:10,16:55,20h 45m,2+-stop,16507,3,24-06-2022 03:00,Night,3,1245,Bangalore -> Kolkata
7116,Bangalore,Kolkata,24-06-2022,27-06-2022,Vistara,UK-893,20:10,16:55,20h 45m,2+-stop,16507,2,24-06-2022 02:00,Night,3,1245,Bangalore -> Kolkata
7117,Bangalore,Kolkata,24-06-2022,27-06-2022,Vistara,UK-893,20:10,19:55,23h 45m,2+-stop,16507,15,24-06-2022 15:00,Afternoon,3,1425,Bangalore -> Kolkata
7121,Bangalore,Kolkata,24-06-2022,27-06-2022,Vistara,UK-867,12:45,19:55,31h 10m,2+-stop,16824,11,24-06-2022 11:00,Morning,3,1870,Bangalore -> Kolkata
7124,Bangalore,Kolkata,24-06-2022,27-06-2022,Vistara,UK-511,07:10,19:55,12h 45m,2+-stop,17316,7,24-06-2022 07:00,Morning,3,765,Bangalore -> Kolkata
7125,Bangalore,Kolkata,24-06-2022,27-06-2022,Vistara,UK-513,19:25,19:55,24h 30m,2+-stop,17316,23,24-06-2022 23:00,Night,3,1470,Bangalore -> Kolkata
7126,Bangalore,Kolkata,24-06-2022,27-06-2022,Vistara,UK-511,07:10,09:40,26h 30m,2+-stop,17316,16,24-06-2022 16:00,Afternoon,3,1590,Bangalore -> Kolkata
7127,Bangalore,Kolkata,24-06-2022,27-06-2022,Vistara,UK-511,07:10,16:55,33h 45m,2+-stop,17316,6,24-06-2022 06:00,Morning,3,2025,Bangalore -> Kolkata
7128,Bangalore,Kolkata,24-06-2022,27-06-2022,IndiGo,6E-6825,08:05,15:30,07h 25m,1-stop,17607,10,24-06-2022 10:00,Morning,3,445,Bangalore -> Kolkata
7129,Bangalore,Kolkata,24-06-2022,27-06-2022,GO FIRST,G8- 285,15:45,07:50,16h 05m,2+-stop,17736,17,24-06-2022 17:00,Evening,3,965,Bangalore -> Kolkata
7134,Bangalore,Kolkata,24-06-2022,27-06-2022,Vistara,UK-846,08:30,16:55,08h 25m,1-stop,18182,0,24-06-2022 00:00,Night,3,505,Bangalore -> Kolkata
7135,Bangalore,Kolkata,24-06-2022,27-06-2022,Vistara,UK-846,08:30,19:55,11h 25m,1-stop,18182,2,24-06-2022 02:00,Night,3,685,Bangalore -> Kolkata
7136,Bangalore,Kolkata,24-06-2022,27-06-2022,Vistara,UK-858,06:40,16:55,10h 15m,1-stop,18707,3,24-06-2022 03:00,Night,3,615,Bangalore -> Kolkata
7137,Bangalore,Kolkata,24-06-2022,27-06-2022,Vistara,UK-858,06:40,19:55,13h 15m,1-stop,18707,12,24-06-2022 12:00,Afternoon,3,795,Bangalore -> Kolkata
7138,Bangalore,Kolkata,24-06-2022,27-06-2022,Vistara,UK-852,09:30,18:05,08h 35m,1-stop,18912,5,24-06-2022 05:00,Morning,3,515,Bangalore -> Kolkata
7139,Bangalore,Kolkata,24-06-2022,27-06-2022,Vistara,UK-657,11:30,19:35,08h 05m,1-stop,21015,13,24-06-2022 13:00,Afternoon,3,485,Bangalore -> Kolkata
7147,Bangalore,Kolkata,24-06-2022,27-06-2022,Vistara,UK-816,11:30,18:05,06h 35m,1-stop,19652,4,24-06-2022 04:00,Night,3,395,Bangalore -> Kolkata
7148,Bangalore,Kolkata,24-06-2022,27-06-2022,Vistara,UK-816,11:30,19:35,08h 05m,1-stop,19652,15,24-06-2022 15:00,Afternoon,3,485,Bangalore -> Kolkata
7149,Bangalore,Kolkata,24-06-2022,27-06-2022,Vistara,UK-810,07:00,18:05,11h 05m,1-stop,19652,14,24-06-2022 14:00,Afternoon,3,665,Bangalore -> Kolkata
7150,Bangalore,Kolkata,24-06-2022,27-06-2022,Vistara,UK-816,11:30,22:45,11h 15m,1-stop,19652,14,24-06-2022 14:00,Afternoon,3,675,Bangalore -> Kolkata
7151,Bangalore,Kolkata,24-06-2022,27-06-2022,Vistara,UK-810,07:00,19:35,12h 35m,1-stop,19652,3,24-06-2022 03:00,Night,3,755,Bangalore -> Kolkata
7152,Bangalore,Kolkata,24-06-2022,27-06-2022,Vistara,UK-802,18:45,08:20,13h 35m,1-stop,19652,7,24-06-2022 07:00,Morning,3,815,Bangalore -> Kolkata
7153,Bangalore,Kolkata,24-06-2022,27-06-2022,Vistara,UK-802,18:45,09:35,14h 50m,1-stop,19652,15,24-06-2022 15:00,Afternoon,3,890,Bangalore -> Kolkata
7154,Bangalore,Kolkata,24-06-2022,27-06-2022,Vistara,UK-820,17:45,08:20,14h 35m,1-stop,20387,15,24-06-2022 15:00,Afternoon,3,875,Bangalore -> Kolkata
7158,Bangalore,Kolkata,24-06-2022,27-06-2022,Vistara,UK-808,08:00,18:05,10h 05m,1-stop,22802,3,24-06-2022 03:00,Night,3,605,Bangalore -> Kolkata
7159,Bangalore,Kolkata,24-06-2022,27-06-2022,Vistara,UK-808,08:00,19:35,11h 35m,1-stop,22802,12,24-06-2022 12:00,Afternoon,3,695,Bangalore -> Kolkata
7160,Bangalore,Kolkata,24-06-2022,27-06-2022,Vistara,UK-808,08:00,22:45,14h 45m,1-stop,22802,12,24-06-2022 12:00,Afternoon,3,885,Bangalore -> Kolkata
7161,Bangalore,Kolkata,24-06-2022,28-06-2022,SpiceJet,SG- 538,17:30,20:00,02h 30m,non-stop,7789,1,24-06-2022 01:00,Night,4,150,Bangalore -> Kolkata
7162,Bangalore,Kolkata,24-06-2022,28-06-2022,IndiGo,6E- 503,11:55,14:20,02h 25m,non-stop,7789,2,24-06-2022 02:00,Night,4,145,Bangalore -> Kolkata
7163,Bangalore,Kolkata,24-06-2022,28-06-2022,IndiGo,6E- 172,13:40,16:05,02h 25m,non-stop,7789,21,24-06-2022 21:00,Night,4,145,Bangalore -> Kolkata
7164,Bangalore,Kolkata,24-06-2022,28-06-2022,IndiGo,6E- 217,18:10,20:35,02h 25m,non-stop,7789,7,24-06-2022 07:00,Morning,4,145,Bangalore -> Kolkata
7165,Bangalore,Kolkata,24-06-2022,28-06-2022,IndiGo,6E- 227,06:30,09:05,02h 35m,non-stop,7789,23,24-06-2022 23:00,Night,4,155,Bangalore -> Kolkata
7166,Bangalore,Kolkata,24-06-2022,28-06-2022,IndiGo,6E-6439,07:45,10:20,02h 35m,non-stop,7789,14,24-06-2022 14:00,Afternoon,4,155,Bangalore -> Kolkata
7167,Bangalore,Kolkata,24-06-2022,28-06-2022,IndiGo,6E- 442,09:15,11:50,02h 35m,non-stop,7789,10,24-06-2022 10:00,Morning,4,155,Bangalore -> Kolkata
7168,Bangalore,Kolkata,24-06-2022,28-06-2022,IndiGo,6E-6572,15:25,18:00,02h 35m,non-stop,7789,8,24-06-2022 08:00,Morning,4,155,Bangalore -> Kolkata
7169,Bangalore,Kolkata,24-06-2022,28-06-2022,IndiGo,6E- 676,19:55,22:30,02h 35m,non-stop,7789,6,24-06-2022 06:00,Morning,4,155,Bangalore -> Kolkata
7170,Bangalore,Kolkata,24-06-2022,28-06-2022,IndiGo,6E- 952,23:25,02:00,02h 35m,non-stop,7789,12,24-06-2022 12:00,Afternoon,4,155,Bangalore -> Kolkata
7171,Bangalore,Kolkata,24-06-2022,28-06-2022,Air Asia,I5-1567,06:50,18:05,11h 15m,1-stop,7789,1,24-06-2022 01:00,Night,4,675,Bangalore -> Kolkata
7180,Bangalore,Kolkata,24-06-2022,28-06-2022,IndiGo,6E-6212,11:10,15:30,04h 20m,1-stop,8104,7,24-06-2022 07:00,Morning,4,260,Bangalore -> Kolkata
7181,Bangalore,Kolkata,24-06-2022,28-06-2022,IndiGo,6E-6366,12:30,16:50,04h 20m,1-stop,8104,6,24-06-2022 06:00,Morning,4,260,Bangalore -> Kolkata
7182,Bangalore,Kolkata,24-06-2022,28-06-2022,IndiGo,6E- 841,14:50,19:45,04h 55m,1-stop,8104,23,24-06-2022 23:00,Night,4,295,Bangalore -> Kolkata
7183,Bangalore,Kolkata,24-06-2022,28-06-2022,IndiGo,6E- 541,09:35,15:30,05h 55m,1-stop,8104,11,24-06-2022 11:00,Morning,4,355,Bangalore -> Kolkata
7184,Bangalore,Kolkata,24-06-2022,28-06-2022,IndiGo,6E- 484,07:10,13:20,06h 10m,1-stop,8104,18,24-06-2022 18:00,Evening,4,370,Bangalore -> Kolkata
7185,Bangalore,Kolkata,24-06-2022,28-06-2022,IndiGo,6E-6535,09:40,15:50,06h 10m,1-stop,8104,6,24-06-2022 06:00,Morning,4,370,Bangalore -> Kolkata
7186,Bangalore,Kolkata,24-06-2022,28-06-2022,IndiGo,6E- 978,16:10,22:40,06h 30m,1-stop,8104,9,24-06-2022 09:00,Morning,4,390,Bangalore -> Kolkata
7187,Bangalore,Kolkata,24-06-2022,28-06-2022,IndiGo,6E-6491,12:35,19:15,06h 40m,1-stop,8104,15,24-06-2022 15:00,Afternoon,4,400,Bangalore -> Kolkata
7188,Bangalore,Kolkata,24-06-2022,28-06-2022,IndiGo,6E-6067,15:45,22:30,06h 45m,1-stop,8104,2,24-06-2022 02:00,Night,4,405,Bangalore -> Kolkata
7189,Bangalore,Kolkata,24-06-2022,28-06-2022,IndiGo,6E- 537,10:15,17:15,07h 00m,1-stop,8104,9,24-06-2022 09:00,Morning,4,420,Bangalore -> Kolkata
7190,Bangalore,Kolkata,24-06-2022,28-06-2022,IndiGo,6E- 841,14:50,21:50,07h 00m,1-stop,8104,5,24-06-2022 05:00,Morning,4,420,Bangalore -> Kolkata
7191,Bangalore,Kolkata,24-06-2022,28-06-2022,IndiGo,6E-6212,11:10,18:20,07h 10m,1-stop,8104,17,24-06-2022 17:00,Evening,4,430,Bangalore -> Kolkata
7192,Bangalore,Kolkata,24-06-2022,28-06-2022,IndiGo,6E-6825,08:05,15:30,07h 25m,1-stop,8104,17,24-06-2022 17:00,Evening,4,445,Bangalore -> Kolkata
7193,Bangalore,Kolkata,24-06-2022,28-06-2022,IndiGo,6E- 886,08:55,17:15,08h 20m,1-stop,8104,4,24-06-2022 04:00,Night,4,500,Bangalore -> Kolkata
7194,Bangalore,Kolkata,24-06-2022,28-06-2022,IndiGo,6E-6269,07:00,15:30,08h 30m,1-stop,8104,20,24-06-2022 20:00,Evening,4,510,Bangalore -> Kolkata
7195,Bangalore,Kolkata,24-06-2022,28-06-2022,IndiGo,6E- 524,10:05,18:40,08h 35m,1-stop,8104,6,24-06-2022 06:00,Morning,4,515,Bangalore -> Kolkata
7196,Bangalore,Kolkata,24-06-2022,28-06-2022,IndiGo,6E-6212,11:10,19:45,08h 35m,1-stop,8104,1,24-06-2022 01:00,Night,4,515,Bangalore -> Kolkata
7197,Bangalore,Kolkata,24-06-2022,28-06-2022,IndiGo,6E- 541,09:35,18:20,08h 45m,1-stop,8104,10,24-06-2022 10:00,Morning,4,525,Bangalore -> Kolkata
7198,Bangalore,Kolkata,24-06-2022,28-06-2022,IndiGo,6E- 255,08:35,17:30,08h 55m,1-stop,8104,12,24-06-2022 12:00,Afternoon,4,535,Bangalore -> Kolkata
7199,Bangalore,Kolkata,24-06-2022,28-06-2022,IndiGo,6E- 537,10:15,19:15,09h 00m,1-stop,8104,22,24-06-2022 22:00,Night,4,540,Bangalore -> Kolkata
7200,Bangalore,Kolkata,24-06-2022,28-06-2022,IndiGo,6E- 524,10:05,20:00,09h 55m,1-stop,8104,4,24-06-2022 04:00,Night,4,595,Bangalore -> Kolkata
7201,Bangalore,Kolkata,24-06-2022,28-06-2022,IndiGo,6E-6491,12:35,22:30,09h 55m,1-stop,8104,5,24-06-2022 05:00,Morning,4,595,Bangalore -> Kolkata
7202,Bangalore,Kolkata,24-06-2022,28-06-2022,IndiGo,6E- 411,20:55,06:50,09h 55m,1-stop,8104,23,24-06-2022 23:00,Night,4,595,Bangalore -> Kolkata
7203,Bangalore,Kolkata,24-06-2022,28-06-2022,IndiGo,6E- 484,07:10,17:15,10h 05m,1-stop,8104,13,24-06-2022 13:00,Afternoon,4,605,Bangalore -> Kolkata
7204,Bangalore,Kolkata,24-06-2022,28-06-2022,IndiGo,6E- 541,09:35,19:45,10h 10m,1-stop,8104,11,24-06-2022 11:00,Morning,4,610,Bangalore -> Kolkata
7205,Bangalore,Kolkata,24-06-2022,28-06-2022,IndiGo,6E- 684,22:10,08:20,10h 10m,1-stop,8104,3,24-06-2022 03:00,Night,4,610,Bangalore -> Kolkata
7206,Bangalore,Kolkata,24-06-2022,28-06-2022,IndiGo,6E-6825,08:05,18:20,10h 15m,1-stop,8104,22,24-06-2022 22:00,Night,4,615,Bangalore -> Kolkata
7207,Bangalore,Kolkata,24-06-2022,28-06-2022,IndiGo,6E- 886,08:55,19:15,10h 20m,1-stop,8104,5,24-06-2022 05:00,Morning,4,620,Bangalore -> Kolkata
7208,Bangalore,Kolkata,24-06-2022,28-06-2022,Air Asia,I5-2472,06:30,08:50,02h 20m,non-stop,8315,9,24-06-2022 09:00,Morning,4,140,Bangalore -> Kolkata
7209,Bangalore,Kolkata,24-06-2022,28-06-2022,Air Asia,I5-992,23:30,02:05,02h 35m,non-stop,8315,17,24-06-2022 17:00,Evening,4,155,Bangalore -> Kolkata
7210,Bangalore,Kolkata,24-06-2022,28-06-2022,IndiGo,6E-7102,09:40,16:50,07h 10m,2+-stop,8477,14,24-06-2022 14:00,Afternoon,4,430,Bangalore -> Kolkata
7211,Bangalore,Kolkata,24-06-2022,28-06-2022,Vistara,UK-544,10:15,16:55,06h 40m,1-stop,11753,7,24-06-2022 07:00,Morning,4,400,Bangalore -> Kolkata
7212,Bangalore,Kolkata,24-06-2022,28-06-2022,Vistara,UK-852,09:30,16:55,07h 25m,1-stop,11753,8,24-06-2022 08:00,Morning,4,445,Bangalore -> Kolkata
7213,Bangalore,Kolkata,24-06-2022,28-06-2022,Vistara,UK-544,10:15,19:55,09h 40m,1-stop,11753,4,24-06-2022 04:00,Night,4,580,Bangalore -> Kolkata
7214,Bangalore,Kolkata,24-06-2022,28-06-2022,Vistara,UK-852,09:30,19:55,10h 25m,1-stop,11753,9,24-06-2022 09:00,Morning,4,625,Bangalore -> Kolkata
7215,Bangalore,Kolkata,24-06-2022,28-06-2022,Vistara,UK-866,21:40,09:40,12h 00m,1-stop,11753,19,24-06-2022 19:00,Evening,4,720,Bangalore -> Kolkata
7216,Bangalore,Kolkata,24-06-2022,28-06-2022,Vistara,UK-850,19:55,09:40,13h 45m,1-stop,11753,5,24-06-2022 05:00,Morning,4,825,Bangalore -> Kolkata
7217,Bangalore,Kolkata,24-06-2022,28-06-2022,Vistara,UK-864,18:55,09:40,14h 45m,1-stop,11753,15,24-06-2022 15:00,Afternoon,4,885,Bangalore -> Kolkata
7218,Bangalore,Kolkata,24-06-2022,28-06-2022,Vistara,UK-854,18:25,09:40,15h 15m,1-stop,11753,23,24-06-2022 23:00,Night,4,915,Bangalore -> Kolkata
7219,Bangalore,Kolkata,24-06-2022,28-06-2022,Vistara,UK-544,10:15,09:40,23h 25m,1-stop,11753,2,24-06-2022 02:00,Night,4,1405,Bangalore -> Kolkata
7220,Bangalore,Kolkata,24-06-2022,28-06-2022,Vistara,UK-852,09:30,09:40,24h 10m,1-stop,11753,9,24-06-2022 09:00,Morning,4,1450,Bangalore -> Kolkata
7221,Bangalore,Kolkata,24-06-2022,28-06-2022,IndiGo,6E- 457,08:20,18:40,10h 20m,2+-stop,11947,10,24-06-2022 10:00,Morning,4,620,Bangalore -> Kolkata
7222,Bangalore,Kolkata,24-06-2022,28-06-2022,Vistara,UK-858,06:40,16:55,10h 15m,1-stop,12197,10,24-06-2022 10:00,Morning,4,615,Bangalore -> Kolkata
7223,Bangalore,Kolkata,24-06-2022,28-06-2022,Vistara,UK-858,06:40,19:55,13h 15m,1-stop,12197,16,24-06-2022 16:00,Afternoon,4,795,Bangalore -> Kolkata
7224,Bangalore,Kolkata,24-06-2022,28-06-2022,Vistara,UK-858,06:40,09:40,27h 00m,1-stop,12197,3,24-06-2022 03:00,Night,4,1620,Bangalore -> Kolkata
7225,Bangalore,Kolkata,24-06-2022,28-06-2022,Vistara,UK-846,08:30,16:55,08h 25m,1-stop,12785,3,24-06-2022 03:00,Night,4,505,Bangalore -> Kolkata
7226,Bangalore,Kolkata,24-06-2022,28-06-2022,Vistara,UK-846,08:30,19:55,11h 25m,1-stop,12785,16,24-06-2022 16:00,Afternoon,4,685,Bangalore -> Kolkata
7227,Bangalore,Kolkata,24-06-2022,28-06-2022,Vistara,UK-866,21:40,16:55,19h 15m,1-stop,12785,8,24-06-2022 08:00,Morning,4,1155,Bangalore -> Kolkata
7228,Bangalore,Kolkata,24-06-2022,28-06-2022,Vistara,UK-850,19:55,16:55,21h 00m,1-stop,12785,18,24-06-2022 18:00,Evening,4,1260,Bangalore -> Kolkata
7229,Bangalore,Kolkata,24-06-2022,28-06-2022,Vistara,UK-864,18:55,16:55,22h 00m,1-stop,12785,4,24-06-2022 04:00,Night,4,1320,Bangalore -> Kolkata
7230,Bangalore,Kolkata,24-06-2022,28-06-2022,Vistara,UK-866,21:40,19:55,22h 15m,1-stop,12785,21,24-06-2022 21:00,Night,4,1335,Bangalore -> Kolkata
7231,Bangalore,Kolkata,24-06-2022,28-06-2022,Vistara,UK-854,18:25,16:55,22h 30m,1-stop,12785,23,24-06-2022 23:00,Night,4,1350,Bangalore -> Kolkata
7232,Bangalore,Kolkata,24-06-2022,28-06-2022,Vistara,UK-850,19:55,19:55,24h 00m,1-stop,12785,5,24-06-2022 05:00,Morning,4,1440,Bangalore -> Kolkata
7233,Bangalore,Kolkata,24-06-2022,28-06-2022,Vistara,UK-864,18:55,19:55,25h 00m,1-stop,12785,2,24-06-2022 02:00,Night,4,1500,Bangalore -> Kolkata
7234,Bangalore,Kolkata,24-06-2022,28-06-2022,Vistara,UK-846,08:30,09:40,25h 10m,1-stop,12785,21,24-06-2022 21:00,Night,4,1510,Bangalore -> Kolkata
7235,Bangalore,Kolkata,24-06-2022,28-06-2022,Vistara,UK-854,18:25,19:55,25h 30m,1-stop,12785,0,24-06-2022 00:00,Night,4,1530,Bangalore -> Kolkata
7236,Bangalore,Kolkata,24-06-2022,28-06-2022,Vistara,UK-818,19:40,08:20,12h 40m,1-stop,14549,19,24-06-2022 19:00,Evening,4,760,Bangalore -> Kolkata
7237,Bangalore,Kolkata,24-06-2022,28-06-2022,GO FIRST,G8- 320,17:45,00:30,06h 45m,1-stop,16261,21,24-06-2022 21:00,Night,4,405,Bangalore -> Kolkata
7238,Bangalore,Kolkata,24-06-2022,28-06-2022,GO FIRST,G8- 395,08:15,00:30,16h 15m,1-stop,16261,15,24-06-2022 15:00,Afternoon,4,975,Bangalore -> Kolkata
7239,Bangalore,Kolkata,24-06-2022,28-06-2022,GO FIRST,G8- 283,05:25,16:05,10h 40m,1-stop,16294,22,24-06-2022 22:00,Night,4,640,Bangalore -> Kolkata
7240,Bangalore,Kolkata,24-06-2022,28-06-2022,Air Asia,I5-1576,07:35,14:15,06h 40m,1-stop,15349,10,24-06-2022 10:00,Morning,4,400,Bangalore -> Kolkata
7242,Bangalore,Kolkata,24-06-2022,28-06-2022,GO FIRST,G8- 803,17:15,08:35,15h 20m,1-stop,16896,12,24-06-2022 12:00,Afternoon,4,920,Bangalore -> Kolkata
7243,Bangalore,Kolkata,24-06-2022,28-06-2022,GO FIRST,G8- 118,21:30,07:50,10h 20m,1-stop,17736,9,24-06-2022 09:00,Morning,4,620,Bangalore -> Kolkata
7249,Bangalore,Kolkata,24-06-2022,28-06-2022,Vistara,UK-897,07:45,19:55,12h 10m,2+-stop,17139,2,24-06-2022 02:00,Night,4,730,Bangalore -> Kolkata
7250,Bangalore,Kolkata,24-06-2022,28-06-2022,Vistara,UK-511,07:10,19:55,12h 45m,2+-stop,17316,8,24-06-2022 08:00,Morning,4,765,Bangalore -> Kolkata
7251,Bangalore,Kolkata,24-06-2022,28-06-2022,Vistara,UK-511,07:10,09:40,26h 30m,2+-stop,17316,11,24-06-2022 11:00,Morning,4,1590,Bangalore -> Kolkata
7252,Bangalore,Kolkata,24-06-2022,28-06-2022,GO FIRST,G8- 285,15:45,07:50,16h 05m,2+-stop,17736,22,24-06-2022 22:00,Night,4,965,Bangalore -> Kolkata
7253,Bangalore,Kolkata,24-06-2022,28-06-2022,Air Asia,I5-1780,05:10,12:05,06h 55m,1-stop,18346,13,24-06-2022 13:00,Afternoon,4,415,Bangalore -> Kolkata
7266,Bangalore,Kolkata,24-06-2022,28-06-2022,Vistara,UK-513,19:25,19:55,24h 30m,2+-stop,18348,0,24-06-2022 00:00,Night,4,1470,Bangalore -> Kolkata
7267,Bangalore,Kolkata,24-06-2022,28-06-2022,Vistara,UK-897,07:45,18:05,10h 20m,2+-stop,18389,17,24-06-2022 17:00,Evening,4,620,Bangalore -> Kolkata
7268,Bangalore,Kolkata,24-06-2022,28-06-2022,Vistara,UK-897,07:45,19:35,11h 50m,2+-stop,18389,16,24-06-2022 16:00,Afternoon,4,710,Bangalore -> Kolkata
7269,Bangalore,Kolkata,24-06-2022,28-06-2022,Vistara,UK-852,09:30,18:05,08h 35m,1-stop,18912,8,24-06-2022 08:00,Morning,4,515,Bangalore -> Kolkata
7273,Bangalore,Kolkata,24-06-2022,28-06-2022,Vistara,UK-657,11:30,19:35,08h 05m,1-stop,21015,8,24-06-2022 08:00,Morning,4,485,Bangalore -> Kolkata
7274,Bangalore,Kolkata,24-06-2022,28-06-2022,Vistara,UK-846,08:30,18:05,09h 35m,1-stop,19649,22,24-06-2022 22:00,Night,4,575,Bangalore -> Kolkata
7275,Bangalore,Kolkata,24-06-2022,28-06-2022,Vistara,UK-816,11:30,18:05,06h 35m,1-stop,19652,9,24-06-2022 09:00,Morning,4,395,Bangalore -> Kolkata
7276,Bangalore,Kolkata,24-06-2022,28-06-2022,Vistara,UK-816,11:30,19:35,08h 05m,1-stop,19652,18,24-06-2022 18:00,Evening,4,485,Bangalore -> Kolkata
7277,Bangalore,Kolkata,24-06-2022,28-06-2022,Vistara,UK-806,09:45,18:05,08h 20m,1-stop,19652,14,24-06-2022 14:00,Afternoon,4,500,Bangalore -> Kolkata
7278,Bangalore,Kolkata,24-06-2022,28-06-2022,Vistara,UK-806,09:45,19:35,09h 50m,1-stop,19652,4,24-06-2022 04:00,Night,4,590,Bangalore -> Kolkata
7279,Bangalore,Kolkata,24-06-2022,28-06-2022,Vistara,UK-816,11:30,22:45,11h 15m,1-stop,19652,14,24-06-2022 14:00,Afternoon,4,675,Bangalore -> Kolkata
7280,Bangalore,Kolkata,24-06-2022,28-06-2022,Vistara,UK-806,09:45,22:45,13h 00m,1-stop,19652,19,24-06-2022 19:00,Evening,4,780,Bangalore -> Kolkata
7281,Bangalore,Kolkata,24-06-2022,28-06-2022,Vistara,UK-808,08:00,18:05,10h 05m,1-stop,20387,22,24-06-2022 22:00,Night,4,605,Bangalore -> Kolkata
7282,Bangalore,Kolkata,24-06-2022,28-06-2022,Vistara,UK-810,07:00,18:05,11h 05m,1-stop,20387,1,24-06-2022 01:00,Night,4,665,Bangalore -> Kolkata
7283,Bangalore,Kolkata,24-06-2022,28-06-2022,Vistara,UK-808,08:00,19:35,11h 35m,1-stop,20387,12,24-06-2022 12:00,Afternoon,4,695,Bangalore -> Kolkata
7284,Bangalore,Kolkata,24-06-2022,28-06-2022,Vistara,UK-810,07:00,19:35,12h 35m,1-stop,20387,23,24-06-2022 23:00,Night,4,755,Bangalore -> Kolkata
7285,Bangalore,Kolkata,24-06-2022,28-06-2022,Vistara,UK-808,08:00,22:45,14h 45m,1-stop,20387,15,24-06-2022 15:00,Afternoon,4,885,Bangalore -> Kolkata
7286,Bangalore,Kolkata,24-06-2022,28-06-2022,Vistara,UK-810,07:00,22:45,15h 45m,1-stop,20387,14,24-06-2022 14:00,Afternoon,4,945,Bangalore -> Kolkata
7287,Bangalore,Kolkata,24-06-2022,28-06-2022,Vistara,UK-814,21:15,08:20,11h 05m,1-stop,21437,9,24-06-2022 09:00,Morning,4,665,Bangalore -> Kolkata
7288,Bangalore,Kolkata,24-06-2022,28-06-2022,Vistara,UK-814,21:15,09:35,12h 20m,1-stop,21437,13,24-06-2022 13:00,Afternoon,4,740,Bangalore -> Kolkata
7289,Bangalore,Kolkata,24-06-2022,28-06-2022,Vistara,UK-814,21:15,18:05,20h 50m,1-stop,21437,9,24-06-2022 09:00,Morning,4,1250,Bangalore -> Kolkata
7290,Bangalore,Kolkata,24-06-2022,28-06-2022,Vistara,UK-814,21:15,19:35,22h 20m,1-stop,21437,13,24-06-2022 13:00,Afternoon,4,1340,Bangalore -> Kolkata
7291,Bangalore,Kolkata,24-06-2022,29-06-2022,SpiceJet,SG- 538,17:30,20:00,02h 30m,non-stop,7789,22,24-06-2022 22:00,Night,5,150,Bangalore -> Kolkata
7292,Bangalore,Kolkata,24-06-2022,29-06-2022,IndiGo,6E- 503,11:55,14:20,02h 25m,non-stop,7789,8,24-06-2022 08:00,Morning,5,145,Bangalore -> Kolkata
7293,Bangalore,Kolkata,24-06-2022,29-06-2022,IndiGo,6E- 172,13:40,16:05,02h 25m,non-stop,7789,13,24-06-2022 13:00,Afternoon,5,145,Bangalore -> Kolkata
7294,Bangalore,Kolkata,24-06-2022,29-06-2022,IndiGo,6E- 217,18:10,20:35,02h 25m,non-stop,7789,2,24-06-2022 02:00,Night,5,145,Bangalore -> Kolkata
7295,Bangalore,Kolkata,24-06-2022,29-06-2022,IndiGo,6E- 227,06:30,09:05,02h 35m,non-stop,7789,19,24-06-2022 19:00,Evening,5,155,Bangalore -> Kolkata
7296,Bangalore,Kolkata,24-06-2022,29-06-2022,IndiGo,6E-6439,07:45,10:20,02h 35m,non-stop,7789,15,24-06-2022 15:00,Afternoon,5,155,Bangalore -> Kolkata
7297,Bangalore,Kolkata,24-06-2022,29-06-2022,IndiGo,6E- 442,09:15,11:50,02h 35m,non-stop,7789,1,24-06-2022 01:00,Night,5,155,Bangalore -> Kolkata
7298,Bangalore,Kolkata,24-06-2022,29-06-2022,IndiGo,6E-6572,15:25,18:00,02h 35m,non-stop,7789,9,24-06-2022 09:00,Morning,5,155,Bangalore -> Kolkata
7299,Bangalore,Kolkata,24-06-2022,29-06-2022,IndiGo,6E- 952,23:25,02:00,02h 35m,non-stop,7789,2,24-06-2022 02:00,Night,5,155,Bangalore -> Kolkata
7300,Bangalore,Kolkata,24-06-2022,29-06-2022,IndiGo,6E- 676,19:45,22:30,02h 45m,non-stop,7789,10,24-06-2022 10:00,Morning,5,165,Bangalore -> Kolkata
7301,Bangalore,Kolkata,24-06-2022,29-06-2022,Air Asia,I5-1567,06:50,18:05,11h 15m,1-stop,7789,10,24-06-2022 10:00,Morning,5,675,Bangalore -> Kolkata
7307,Bangalore,Kolkata,24-06-2022,29-06-2022,IndiGo,6E-6366,12:30,16:35,04h 05m,1-stop,8104,20,24-06-2022 20:00,Evening,5,245,Bangalore -> Kolkata
7308,Bangalore,Kolkata,24-06-2022,29-06-2022,IndiGo,6E-6212,11:10,15:30,04h 20m,1-stop,8104,20,24-06-2022 20:00,Evening,5,260,Bangalore -> Kolkata
7309,Bangalore,Kolkata,24-06-2022,29-06-2022,IndiGo,6E- 841,14:50,19:45,04h 55m,1-stop,8104,21,24-06-2022 21:00,Night,5,295,Bangalore -> Kolkata
7310,Bangalore,Kolkata,24-06-2022,29-06-2022,IndiGo,6E- 342,15:40,20:55,05h 15m,1-stop,8104,12,24-06-2022 12:00,Afternoon,5,315,Bangalore -> Kolkata
7311,Bangalore,Kolkata,24-06-2022,29-06-2022,IndiGo,6E- 524,10:05,15:55,05h 50m,1-stop,8104,6,24-06-2022 06:00,Morning,5,350,Bangalore -> Kolkata
7312,Bangalore,Kolkata,24-06-2022,29-06-2022,IndiGo,6E- 541,09:35,15:30,05h 55m,1-stop,8104,22,24-06-2022 22:00,Night,5,355,Bangalore -> Kolkata
7313,Bangalore,Kolkata,24-06-2022,29-06-2022,IndiGo,6E- 484,07:10,13:20,06h 10m,1-stop,8104,16,24-06-2022 16:00,Afternoon,5,370,Bangalore -> Kolkata
7314,Bangalore,Kolkata,24-06-2022,29-06-2022,IndiGo,6E- 978,16:10,22:40,06h 30m,1-stop,8104,1,24-06-2022 01:00,Night,5,390,Bangalore -> Kolkata
7315,Bangalore,Kolkata,24-06-2022,29-06-2022,IndiGo,6E-6491,12:35,19:15,06h 40m,1-stop,8104,11,24-06-2022 11:00,Morning,5,400,Bangalore -> Kolkata
7316,Bangalore,Kolkata,24-06-2022,29-06-2022,IndiGo,6E-6067,15:45,22:30,06h 45m,1-stop,8104,9,24-06-2022 09:00,Morning,5,405,Bangalore -> Kolkata
7317,Bangalore,Kolkata,24-06-2022,29-06-2022,IndiGo,6E- 537,10:15,17:15,07h 00m,1-stop,8104,17,24-06-2022 17:00,Evening,5,420,Bangalore -> Kolkata
7318,Bangalore,Kolkata,24-06-2022,29-06-2022,IndiGo,6E- 841,14:50,21:50,07h 00m,1-stop,8104,21,24-06-2022 21:00,Night,5,420,Bangalore -> Kolkata
7319,Bangalore,Kolkata,24-06-2022,29-06-2022,IndiGo,6E-6212,11:10,18:20,07h 10m,1-stop,8104,10,24-06-2022 10:00,Morning,5,430,Bangalore -> Kolkata
7320,Bangalore,Kolkata,24-06-2022,29-06-2022,IndiGo,6E-6825,08:05,15:30,07h 25m,1-stop,8104,15,24-06-2022 15:00,Afternoon,5,445,Bangalore -> Kolkata
7321,Bangalore,Kolkata,24-06-2022,29-06-2022,IndiGo,6E-6257,05:15,13:20,08h 05m,1-stop,8104,16,24-06-2022 16:00,Afternoon,5,485,Bangalore -> Kolkata
7322,Bangalore,Kolkata,24-06-2022,29-06-2022,IndiGo,6E- 886,08:55,17:15,08h 20m,1-stop,8104,18,24-06-2022 18:00,Evening,5,500,Bangalore -> Kolkata
7323,Bangalore,Kolkata,24-06-2022,29-06-2022,IndiGo,6E- 524,10:05,18:40,08h 35m,1-stop,8104,17,24-06-2022 17:00,Evening,5,515,Bangalore -> Kolkata
7324,Bangalore,Kolkata,24-06-2022,29-06-2022,IndiGo,6E-6212,11:10,19:45,08h 35m,1-stop,8104,2,24-06-2022 02:00,Night,5,515,Bangalore -> Kolkata
7325,Bangalore,Kolkata,24-06-2022,29-06-2022,IndiGo,6E- 541,09:35,18:20,08h 45m,1-stop,8104,20,24-06-2022 20:00,Evening,5,525,Bangalore -> Kolkata
7326,Bangalore,Kolkata,24-06-2022,29-06-2022,IndiGo,6E- 255,08:35,17:30,08h 55m,1-stop,8104,15,24-06-2022 15:00,Afternoon,5,535,Bangalore -> Kolkata
7327,Bangalore,Kolkata,24-06-2022,29-06-2022,IndiGo,6E- 537,10:15,19:15,09h 00m,1-stop,8104,5,24-06-2022 05:00,Morning,5,540,Bangalore -> Kolkata
7328,Bangalore,Kolkata,24-06-2022,29-06-2022,IndiGo,6E- 524,10:05,20:00,09h 55m,1-stop,8104,11,24-06-2022 11:00,Morning,5,595,Bangalore -> Kolkata
7329,Bangalore,Kolkata,24-06-2022,29-06-2022,IndiGo,6E-6491,12:35,22:30,09h 55m,1-stop,8104,10,24-06-2022 10:00,Morning,5,595,Bangalore -> Kolkata
7330,Bangalore,Kolkata,24-06-2022,29-06-2022,IndiGo,6E- 411,20:55,06:50,09h 55m,1-stop,8104,14,24-06-2022 14:00,Afternoon,5,595,Bangalore -> Kolkata
7331,Bangalore,Kolkata,24-06-2022,29-06-2022,IndiGo,6E- 484,07:10,17:15,10h 05m,1-stop,8104,14,24-06-2022 14:00,Afternoon,5,605,Bangalore -> Kolkata
7332,Bangalore,Kolkata,24-06-2022,29-06-2022,IndiGo,6E- 541,09:35,19:45,10h 10m,1-stop,8104,15,24-06-2022 15:00,Afternoon,5,610,Bangalore -> Kolkata
7333,Bangalore,Kolkata,24-06-2022,29-06-2022,IndiGo,6E- 684,22:10,08:20,10h 10m,1-stop,8104,9,24-06-2022 09:00,Morning,5,610,Bangalore -> Kolkata
7334,Bangalore,Kolkata,24-06-2022,29-06-2022,IndiGo,6E-6825,08:05,18:20,10h 15m,1-stop,8104,11,24-06-2022 11:00,Morning,5,615,Bangalore -> Kolkata
7335,Bangalore,Kolkata,24-06-2022,29-06-2022,Air Asia,I5-2472,06:30,08:50,02h 20m,non-stop,8315,12,24-06-2022 12:00,Afternoon,5,140,Bangalore -> Kolkata
7336,Bangalore,Kolkata,24-06-2022,29-06-2022,Air Asia,I5-992,23:30,02:05,02h 35m,non-stop,8315,3,24-06-2022 03:00,Night,5,155,Bangalore -> Kolkata
7337,Bangalore,Kolkata,24-06-2022,29-06-2022,IndiGo,6E- 457,08:20,15:55,07h 35m,2+-stop,9705,6,24-06-2022 06:00,Morning,5,455,Bangalore -> Kolkata
7338,Bangalore,Kolkata,24-06-2022,29-06-2022,Vistara,UK-544,10:15,16:55,06h 40m,1-stop,12785,21,24-06-2022 21:00,Night,5,400,Bangalore -> Kolkata
7339,Bangalore,Kolkata,24-06-2022,29-06-2022,Vistara,UK-852,09:30,16:55,07h 25m,1-stop,12785,1,24-06-2022 01:00,Night,5,445,Bangalore -> Kolkata
7340,Bangalore,Kolkata,24-06-2022,29-06-2022,Vistara,UK-846,08:30,16:55,08h 25m,1-stop,12785,14,24-06-2022 14:00,Afternoon,5,505,Bangalore -> Kolkata
7341,Bangalore,Kolkata,24-06-2022,29-06-2022,Vistara,UK-544,10:15,19:55,09h 40m,1-stop,12785,7,24-06-2022 07:00,Morning,5,580,Bangalore -> Kolkata
7342,Bangalore,Kolkata,24-06-2022,29-06-2022,Vistara,UK-858,06:40,16:55,10h 15m,1-stop,12785,6,24-06-2022 06:00,Morning,5,615,Bangalore -> Kolkata
7343,Bangalore,Kolkata,24-06-2022,29-06-2022,Vistara,UK-852,09:30,19:55,10h 25m,1-stop,12785,14,24-06-2022 14:00,Afternoon,5,625,Bangalore -> Kolkata
7344,Bangalore,Kolkata,24-06-2022,29-06-2022,Vistara,UK-846,08:30,19:55,11h 25m,1-stop,12785,22,24-06-2022 22:00,Night,5,685,Bangalore -> Kolkata
7345,Bangalore,Kolkata,24-06-2022,29-06-2022,Vistara,UK-866,21:40,09:40,12h 00m,1-stop,12785,13,24-06-2022 13:00,Afternoon,5,720,Bangalore -> Kolkata
7346,Bangalore,Kolkata,24-06-2022,29-06-2022,Vistara,UK-858,06:40,19:55,13h 15m,1-stop,12785,7,24-06-2022 07:00,Morning,5,795,Bangalore -> Kolkata
7347,Bangalore,Kolkata,24-06-2022,29-06-2022,Vistara,UK-850,19:55,09:40,13h 45m,1-stop,12785,11,24-06-2022 11:00,Morning,5,825,Bangalore -> Kolkata
7348,Bangalore,Kolkata,24-06-2022,29-06-2022,Vistara,UK-864,18:55,09:40,14h 45m,1-stop,12785,12,24-06-2022 12:00,Afternoon,5,885,Bangalore -> Kolkata
7349,Bangalore,Kolkata,24-06-2022,29-06-2022,Vistara,UK-854,18:25,09:40,15h 15m,1-stop,12785,10,24-06-2022 10:00,Morning,5,915,Bangalore -> Kolkata
7350,Bangalore,Kolkata,24-06-2022,29-06-2022,Vistara,UK-866,21:40,16:55,19h 15m,1-stop,12785,16,24-06-2022 16:00,Afternoon,5,1155,Bangalore -> Kolkata
7351,Bangalore,Kolkata,24-06-2022,29-06-2022,Vistara,UK-850,19:55,16:55,21h 00m,1-stop,12785,16,24-06-2022 16:00,Afternoon,5,1260,Bangalore -> Kolkata
7352,Bangalore,Kolkata,24-06-2022,29-06-2022,Vistara,UK-864,18:55,16:55,22h 00m,1-stop,12785,23,24-06-2022 23:00,Night,5,1320,Bangalore -> Kolkata
7353,Bangalore,Kolkata,24-06-2022,29-06-2022,Vistara,UK-854,18:25,16:55,22h 30m,1-stop,12785,3,24-06-2022 03:00,Night,5,1350,Bangalore -> Kolkata
7354,Bangalore,Kolkata,24-06-2022,29-06-2022,Vistara,UK-544,10:15,09:40,23h 25m,1-stop,12785,20,24-06-2022 20:00,Evening,5,1405,Bangalore -> Kolkata
7355,Bangalore,Kolkata,24-06-2022,29-06-2022,Vistara,UK-852,09:30,09:40,24h 10m,1-stop,12785,7,24-06-2022 07:00,Morning,5,1450,Bangalore -> Kolkata
7356,Bangalore,Kolkata,24-06-2022,29-06-2022,Vistara,UK-846,08:30,09:40,25h 10m,1-stop,12785,4,24-06-2022 04:00,Night,5,1510,Bangalore -> Kolkata
7357,Bangalore,Kolkata,24-06-2022,29-06-2022,IndiGo,6E-6535,09:40,15:50,06h 10m,1-stop,12908,15,24-06-2022 15:00,Afternoon,5,370,Bangalore -> Kolkata
7358,Bangalore,Kolkata,24-06-2022,29-06-2022,Vistara,UK-806,09:45,18:05,08h 20m,1-stop,13814,3,24-06-2022 03:00,Night,5,500,Bangalore -> Kolkata
7359,Bangalore,Kolkata,24-06-2022,29-06-2022,Vistara,UK-806,09:45,19:35,09h 50m,1-stop,13814,21,24-06-2022 21:00,Night,5,590,Bangalore -> Kolkata
7360,Bangalore,Kolkata,24-06-2022,29-06-2022,Vistara,UK-808,08:00,18:05,10h 05m,1-stop,13814,14,24-06-2022 14:00,Afternoon,5,605,Bangalore -> Kolkata
7361,Bangalore,Kolkata,24-06-2022,29-06-2022,Vistara,UK-810,07:00,18:05,11h 05m,1-stop,13814,11,24-06-2022 11:00,Morning,5,665,Bangalore -> Kolkata
7362,Bangalore,Kolkata,24-06-2022,29-06-2022,Vistara,UK-808,08:00,19:35,11h 35m,1-stop,13814,4,24-06-2022 04:00,Night,5,695,Bangalore -> Kolkata
7363,Bangalore,Kolkata,24-06-2022,29-06-2022,Vistara,UK-810,07:00,19:35,12h 35m,1-stop,13814,22,24-06-2022 22:00,Night,5,755,Bangalore -> Kolkata
7364,Bangalore,Kolkata,24-06-2022,29-06-2022,GO FIRST,G8- 320,17:45,00:30,06h 45m,1-stop,16261,15,24-06-2022 15:00,Afternoon,5,405,Bangalore -> Kolkata
7365,Bangalore,Kolkata,24-06-2022,29-06-2022,GO FIRST,G8- 395,08:15,00:30,16h 15m,1-stop,16261,13,24-06-2022 13:00,Afternoon,5,975,Bangalore -> Kolkata
7366,Bangalore,Kolkata,24-06-2022,29-06-2022,GO FIRST,G8- 283,05:25,16:05,10h 40m,1-stop,16294,9,24-06-2022 09:00,Morning,5,640,Bangalore -> Kolkata
7367,Bangalore,Kolkata,24-06-2022,29-06-2022,Air Asia,I5-1426,12:50,22:00,09h 10m,2+-stop,15349,6,24-06-2022 06:00,Morning,5,550,Bangalore -> Kolkata
7368,Bangalore,Kolkata,24-06-2022,29-06-2022,GO FIRST,G8- 803,17:15,08:35,15h 20m,1-stop,16896,12,24-06-2022 12:00,Afternoon,5,920,Bangalore -> Kolkata
7369,Bangalore,Kolkata,24-06-2022,29-06-2022,GO FIRST,G8- 118,21:30,07:50,10h 20m,1-stop,17736,19,24-06-2022 19:00,Evening,5,620,Bangalore -> Kolkata
7380,Bangalore,Kolkata,24-06-2022,29-06-2022,GO FIRST,G8- 285,15:45,07:50,16h 05m,2+-stop,17736,4,24-06-2022 04:00,Night,5,965,Bangalore -> Kolkata
7381,Bangalore,Kolkata,24-06-2022,29-06-2022,Vistara,UK-897,07:45,19:55,12h 10m,2+-stop,18098,2,24-06-2022 02:00,Night,5,730,Bangalore -> Kolkata
7391,Bangalore,Kolkata,24-06-2022,29-06-2022,Vistara,UK-511,07:10,19:55,12h 45m,2+-stop,18348,14,24-06-2022 14:00,Afternoon,5,765,Bangalore -> Kolkata
7392,Bangalore,Kolkata,24-06-2022,29-06-2022,Vistara,UK-897,07:45,19:35,11h 50m,2+-stop,18389,3,24-06-2022 03:00,Night,5,710,Bangalore -> Kolkata
7393,Bangalore,Kolkata,24-06-2022,29-06-2022,Vistara,UK-852,09:30,18:05,08h 35m,1-stop,18912,14,24-06-2022 14:00,Afternoon,5,515,Bangalore -> Kolkata
7394,Bangalore,Kolkata,24-06-2022,29-06-2022,Vistara,UK-852,09:30,19:35,10h 05m,1-stop,18912,13,24-06-2022 13:00,Afternoon,5,605,Bangalore -> Kolkata
7397,Bangalore,Kolkata,24-06-2022,29-06-2022,Vistara,UK-657,11:30,19:35,08h 05m,1-stop,21015,19,24-06-2022 19:00,Evening,5,485,Bangalore -> Kolkata
7398,Bangalore,Kolkata,24-06-2022,29-06-2022,Vistara,UK-897,07:45,18:05,10h 20m,2+-stop,19421,18,24-06-2022 18:00,Evening,5,620,Bangalore -> Kolkata
7399,Bangalore,Kolkata,24-06-2022,29-06-2022,Vistara,UK-846,08:30,18:05,09h 35m,1-stop,19649,12,24-06-2022 12:00,Afternoon,5,575,Bangalore -> Kolkata
7400,Bangalore,Kolkata,24-06-2022,29-06-2022,Vistara,UK-846,08:30,18:05,09h 35m,1-stop,19649,9,24-06-2022 09:00,Morning,5,575,Bangalore -> Kolkata
7401,Bangalore,Kolkata,24-06-2022,29-06-2022,Vistara,UK-818,19:40,08:20,12h 40m,1-stop,19652,20,24-06-2022 20:00,Evening,5,760,Bangalore -> Kolkata
7404,Bangalore,Kolkata,24-06-2022,29-06-2022,Vistara,UK-816,11:30,18:05,06h 35m,1-stop,20387,4,24-06-2022 04:00,Night,5,395,Bangalore -> Kolkata
7405,Bangalore,Kolkata,24-06-2022,29-06-2022,Vistara,UK-816,11:30,19:35,08h 05m,1-stop,20387,22,24-06-2022 22:00,Night,5,485,Bangalore -> Kolkata
7406,Bangalore,Kolkata,24-06-2022,29-06-2022,Vistara,UK-816,11:30,22:45,11h 15m,1-stop,20387,19,24-06-2022 19:00,Evening,5,675,Bangalore -> Kolkata
7407,Bangalore,Kolkata,24-06-2022,29-06-2022,Vistara,UK-802,18:45,08:20,13h 35m,1-stop,21437,19,24-06-2022 19:00,Evening,5,815,Bangalore -> Kolkata
7408,Bangalore,Kolkata,24-06-2022,29-06-2022,Vistara,UK-820,17:45,08:20,14h 35m,1-stop,21437,5,24-06-2022 05:00,Morning,5,875,Bangalore -> Kolkata
7409,Bangalore,Kolkata,24-06-2022,29-06-2022,Vistara,UK-802,18:45,09:35,14h 50m,1-stop,21437,3,24-06-2022 03:00,Night,5,890,Bangalore -> Kolkata
7410,Bangalore,Kolkata,24-06-2022,29-06-2022,Vistara,UK-820,17:45,09:35,15h 50m,1-stop,21437,1,24-06-2022 01:00,Night,5,950,Bangalore -> Kolkata
7411,Bangalore,Kolkata,24-06-2022,29-06-2022,Vistara,UK-802,18:45,18:05,23h 20m,1-stop,21437,21,24-06-2022 21:00,Night,5,1400,Bangalore -> Kolkata
7412,Bangalore,Kolkata,24-06-2022,29-06-2022,Vistara,UK-820,17:45,18:05,24h 20m,1-stop,21437,15,24-06-2022 15:00,Afternoon,5,1460,Bangalore -> Kolkata
7413,Bangalore,Kolkata,24-06-2022,29-06-2022,Vistara,UK-802,18:45,19:35,24h 50m,1-stop,21437,17,24-06-2022 17:00,Evening,5,1490,Bangalore -> Kolkata
7414,Bangalore,Kolkata,24-06-2022,29-06-2022,Vistara,UK-820,17:45,19:35,25h 50m,1-stop,21437,4,24-06-2022 04:00,Night,5,1550,Bangalore -> Kolkata
7415,Bangalore,Kolkata,24-06-2022,29-06-2022,Vistara,UK-814,21:15,08:20,11h 05m,1-stop,28787,21,24-06-2022 21:00,Night,5,665,Bangalore -> Kolkata
7416,Bangalore,Kolkata,24-06-2022,29-06-2022,Vistara,UK-814,21:15,09:35,12h 20m,1-stop,28787,3,24-06-2022 03:00,Night,5,740,Bangalore -> Kolkata
7417,Bangalore,Kolkata,24-06-2022,29-06-2022,Vistara,UK-814,21:15,18:05,20h 50m,1-stop,28787,12,24-06-2022 12:00,Afternoon,5,1250,Bangalore -> Kolkata
7418,Bangalore,Kolkata,24-06-2022,29-06-2022,Vistara,UK-814,21:15,19:35,22h 20m,1-stop,28787,18,24-06-2022 18:00,Evening,5,1340,Bangalore -> Kolkata
7419,Bangalore,Kolkata,24-06-2022,30-06-2022,Air Asia,I5-2472,06:30,08:50,02h 20m,non-stop,7789,22,24-06-2022 22:00,Night,6,140,Bangalore -> Kolkata
7420,Bangalore,Kolkata,24-06-2022,30-06-2022,IndiGo,6E- 172,13:40,16:05,02h 25m,non-stop,7789,1,24-06-2022 01:00,Night,6,145,Bangalore -> Kolkata
7421,Bangalore,Kolkata,24-06-2022,30-06-2022,IndiGo,6E- 217,18:10,20:35,02h 25m,non-stop,7789,12,24-06-2022 12:00,Afternoon,6,145,Bangalore -> Kolkata
7422,Bangalore,Kolkata,24-06-2022,30-06-2022,IndiGo,6E- 538,22:05,00:35,02h 30m,non-stop,7789,10,24-06-2022 10:00,Morning,6,150,Bangalore -> Kolkata
7423,Bangalore,Kolkata,24-06-2022,30-06-2022,IndiGo,6E-6439,07:45,10:20,02h 35m,non-stop,7789,21,24-06-2022 21:00,Night,6,155,Bangalore -> Kolkata
7424,Bangalore,Kolkata,24-06-2022,30-06-2022,IndiGo,6E-6572,15:25,18:00,02h 35m,non-stop,7789,3,24-06-2022 03:00,Night,6,155,Bangalore -> Kolkata
7425,Bangalore,Kolkata,24-06-2022,30-06-2022,IndiGo,6E- 676,19:55,22:30,02h 35m,non-stop,7789,21,24-06-2022 21:00,Night,6,155,Bangalore -> Kolkata
7426,Bangalore,Kolkata,24-06-2022,30-06-2022,IndiGo,6E- 952,23:25,02:00,02h 35m,non-stop,7789,19,24-06-2022 19:00,Evening,6,155,Bangalore -> Kolkata
7438,Bangalore,Kolkata,24-06-2022,30-06-2022,IndiGo,6E-6212,11:10,15:30,04h 20m,1-stop,8104,19,24-06-2022 19:00,Evening,6,260,Bangalore -> Kolkata
7439,Bangalore,Kolkata,24-06-2022,30-06-2022,IndiGo,6E-6366,12:30,16:50,04h 20m,1-stop,8104,14,24-06-2022 14:00,Afternoon,6,260,Bangalore -> Kolkata
7440,Bangalore,Kolkata,24-06-2022,30-06-2022,IndiGo,6E- 841,14:50,19:45,04h 55m,1-stop,8104,3,24-06-2022 03:00,Night,6,295,Bangalore -> Kolkata
7441,Bangalore,Kolkata,24-06-2022,30-06-2022,IndiGo,6E- 356,17:25,23:15,05h 50m,1-stop,8104,8,24-06-2022 08:00,Morning,6,350,Bangalore -> Kolkata
7442,Bangalore,Kolkata,24-06-2022,30-06-2022,IndiGo,6E- 541,09:35,15:30,05h 55m,1-stop,8104,6,24-06-2022 06:00,Morning,6,355,Bangalore -> Kolkata
7443,Bangalore,Kolkata,24-06-2022,30-06-2022,IndiGo,6E- 978,16:10,22:40,06h 30m,1-stop,8104,18,24-06-2022 18:00,Evening,6,390,Bangalore -> Kolkata
7444,Bangalore,Kolkata,24-06-2022,30-06-2022,IndiGo,6E-6491,12:35,19:15,06h 40m,1-stop,8104,18,24-06-2022 18:00,Evening,6,400,Bangalore -> Kolkata
7445,Bangalore,Kolkata,24-06-2022,30-06-2022,IndiGo,6E-6067,15:45,22:30,06h 45m,1-stop,8104,5,24-06-2022 05:00,Morning,6,405,Bangalore -> Kolkata
7446,Bangalore,Kolkata,24-06-2022,30-06-2022,IndiGo,6E- 537,10:15,17:15,07h 00m,1-stop,8104,5,24-06-2022 05:00,Morning,6,420,Bangalore -> Kolkata
7447,Bangalore,Kolkata,24-06-2022,30-06-2022,IndiGo,6E-6212,11:10,18:20,07h 10m,1-stop,8104,19,24-06-2022 19:00,Evening,6,430,Bangalore -> Kolkata
7448,Bangalore,Kolkata,24-06-2022,30-06-2022,IndiGo,6E-6825,08:05,15:30,07h 25m,1-stop,8104,14,24-06-2022 14:00,Afternoon,6,445,Bangalore -> Kolkata
7449,Bangalore,Kolkata,24-06-2022,30-06-2022,IndiGo,6E- 886,08:55,17:15,08h 20m,1-stop,8104,14,24-06-2022 14:00,Afternoon,6,500,Bangalore -> Kolkata
7450,Bangalore,Kolkata,24-06-2022,30-06-2022,IndiGo,6E- 841,14:50,23:15,08h 25m,1-stop,8104,19,24-06-2022 19:00,Evening,6,505,Bangalore -> Kolkata
7451,Bangalore,Kolkata,24-06-2022,30-06-2022,IndiGo,6E-6269,07:00,15:30,08h 30m,1-stop,8104,8,24-06-2022 08:00,Morning,6,510,Bangalore -> Kolkata
7452,Bangalore,Kolkata,24-06-2022,30-06-2022,IndiGo,6E- 524,10:05,18:40,08h 35m,1-stop,8104,3,24-06-2022 03:00,Night,6,515,Bangalore -> Kolkata
7453,Bangalore,Kolkata,24-06-2022,30-06-2022,IndiGo,6E-6212,11:10,19:45,08h 35m,1-stop,8104,17,24-06-2022 17:00,Evening,6,515,Bangalore -> Kolkata
7454,Bangalore,Kolkata,24-06-2022,30-06-2022,IndiGo,6E- 541,09:35,18:20,08h 45m,1-stop,8104,17,24-06-2022 17:00,Evening,6,525,Bangalore -> Kolkata
7455,Bangalore,Kolkata,24-06-2022,30-06-2022,IndiGo,6E- 255,08:35,17:30,08h 55m,1-stop,8104,4,24-06-2022 04:00,Night,6,535,Bangalore -> Kolkata
7456,Bangalore,Kolkata,24-06-2022,30-06-2022,IndiGo,6E- 537,10:15,19:15,09h 00m,1-stop,8104,19,24-06-2022 19:00,Evening,6,540,Bangalore -> Kolkata
7457,Bangalore,Kolkata,24-06-2022,30-06-2022,IndiGo,6E- 684,22:10,07:55,09h 45m,1-stop,8104,22,24-06-2022 22:00,Night,6,585,Bangalore -> Kolkata
7458,Bangalore,Kolkata,24-06-2022,30-06-2022,IndiGo,6E- 524,10:05,20:00,09h 55m,1-stop,8104,10,24-06-2022 10:00,Morning,6,595,Bangalore -> Kolkata
7459,Bangalore,Kolkata,24-06-2022,30-06-2022,IndiGo,6E-6491,12:35,22:30,09h 55m,1-stop,8104,4,24-06-2022 04:00,Night,6,595,Bangalore -> Kolkata
7460,Bangalore,Kolkata,24-06-2022,30-06-2022,IndiGo,6E- 411,20:55,06:50,09h 55m,1-stop,8104,21,24-06-2022 21:00,Night,6,595,Bangalore -> Kolkata
7461,Bangalore,Kolkata,24-06-2022,30-06-2022,IndiGo,6E- 484,07:10,17:15,10h 05m,1-stop,8104,3,24-06-2022 03:00,Night,6,605,Bangalore -> Kolkata
7462,Bangalore,Kolkata,24-06-2022,30-06-2022,IndiGo,6E- 541,09:35,19:45,10h 10m,1-stop,8104,11,24-06-2022 11:00,Morning,6,610,Bangalore -> Kolkata
7463,Bangalore,Kolkata,24-06-2022,30-06-2022,IndiGo,6E-6825,08:05,18:20,10h 15m,1-stop,8104,1,24-06-2022 01:00,Night,6,615,Bangalore -> Kolkata
7464,Bangalore,Kolkata,24-06-2022,30-06-2022,IndiGo,6E-7102,09:40,16:50,07h 10m,2+-stop,8157,12,24-06-2022 12:00,Afternoon,6,430,Bangalore -> Kolkata
7465,Bangalore,Kolkata,24-06-2022,30-06-2022,IndiGo,6E- 503,11:55,14:20,02h 25m,non-stop,8419,9,24-06-2022 09:00,Morning,6,145,Bangalore -> Kolkata
7466,Bangalore,Kolkata,24-06-2022,30-06-2022,IndiGo,6E- 442,09:15,11:50,02h 35m,non-stop,8419,8,24-06-2022 08:00,Morning,6,155,Bangalore -> Kolkata
7467,Bangalore,Kolkata,24-06-2022,30-06-2022,IndiGo,6E- 227,06:30,09:05,02h 35m,non-stop,9049,9,24-06-2022 09:00,Morning,6,155,Bangalore -> Kolkata
7468,Bangalore,Kolkata,24-06-2022,30-06-2022,IndiGo,6E- 484,07:10,13:20,06h 10m,1-stop,9065,6,24-06-2022 06:00,Morning,6,370,Bangalore -> Kolkata
7469,Bangalore,Kolkata,24-06-2022,30-06-2022,IndiGo,6E-6257,05:15,13:20,08h 05m,1-stop,9065,3,24-06-2022 03:00,Night,6,485,Bangalore -> Kolkata
7470,Bangalore,Kolkata,24-06-2022,30-06-2022,Air Asia,I5-1576,07:35,14:15,06h 40m,1-stop,9845,18,24-06-2022 18:00,Evening,6,400,Bangalore -> Kolkata
7471,Bangalore,Kolkata,24-06-2022,30-06-2022,Air Asia,I5-992,23:30,02:05,02h 35m,non-stop,9889,9,24-06-2022 09:00,Morning,6,155,Bangalore -> Kolkata
7472,Bangalore,Kolkata,24-06-2022,30-06-2022,Air Asia,I5-1426,12:50,22:00,09h 10m,2+-stop,11133,2,24-06-2022 02:00,Night,6,550,Bangalore -> Kolkata
7473,Bangalore,Kolkata,24-06-2022,30-06-2022,IndiGo,6E-6535,09:40,15:50,06h 10m,1-stop,11307,20,24-06-2022 20:00,Evening,6,370,Bangalore -> Kolkata
7474,Bangalore,Kolkata,24-06-2022,30-06-2022,Vistara,UK-866,21:40,09:40,12h 00m,1-stop,11753,18,24-06-2022 18:00,Evening,6,720,Bangalore -> Kolkata
7475,Bangalore,Kolkata,24-06-2022,30-06-2022,Vistara,UK-850,19:55,09:40,13h 45m,1-stop,11753,20,24-06-2022 20:00,Evening,6,825,Bangalore -> Kolkata
7476,Bangalore,Kolkata,24-06-2022,30-06-2022,Vistara,UK-864,18:55,09:40,14h 45m,1-stop,11753,1,24-06-2022 01:00,Night,6,885,Bangalore -> Kolkata
7477,Bangalore,Kolkata,24-06-2022,30-06-2022,Vistara,UK-854,18:25,09:40,15h 15m,1-stop,11753,19,24-06-2022 19:00,Evening,6,915,Bangalore -> Kolkata
7478,Bangalore,Kolkata,24-06-2022,30-06-2022,Vistara,UK-544,10:15,09:40,23h 25m,1-stop,11753,9,24-06-2022 09:00,Morning,6,1405,Bangalore -> Kolkata
7479,Bangalore,Kolkata,24-06-2022,30-06-2022,Vistara,UK-852,09:30,09:40,24h 10m,1-stop,11753,1,24-06-2022 01:00,Night,6,1450,Bangalore -> Kolkata
7480,Bangalore,Kolkata,24-06-2022,30-06-2022,Vistara,UK-846,08:30,09:40,25h 10m,1-stop,11753,1,24-06-2022 01:00,Night,6,1510,Bangalore -> Kolkata
7481,Bangalore,Kolkata,24-06-2022,30-06-2022,Vistara,UK-858,06:40,09:40,27h 00m,1-stop,11753,23,24-06-2022 23:00,Night,6,1620,Bangalore -> Kolkata
7482,Bangalore,Kolkata,24-06-2022,30-06-2022,Vistara,UK-544,10:15,16:55,06h 40m,1-stop,12785,16,24-06-2022 16:00,Afternoon,6,400,Bangalore -> Kolkata
7483,Bangalore,Kolkata,24-06-2022,30-06-2022,Vistara,UK-852,09:30,16:55,07h 25m,1-stop,12785,15,24-06-2022 15:00,Afternoon,6,445,Bangalore -> Kolkata
7484,Bangalore,Kolkata,24-06-2022,30-06-2022,Vistara,UK-846,08:30,16:55,08h 25m,1-stop,12785,15,24-06-2022 15:00,Afternoon,6,505,Bangalore -> Kolkata
7485,Bangalore,Kolkata,24-06-2022,30-06-2022,Vistara,UK-858,06:40,16:55,10h 15m,1-stop,12785,13,24-06-2022 13:00,Afternoon,6,615,Bangalore -> Kolkata
7486,Bangalore,Kolkata,24-06-2022,30-06-2022,Vistara,UK-866,21:40,16:55,19h 15m,1-stop,12785,6,24-06-2022 06:00,Morning,6,1155,Bangalore -> Kolkata
7487,Bangalore,Kolkata,24-06-2022,30-06-2022,Vistara,UK-866,21:40,19:55,22h 15m,1-stop,12785,20,24-06-2022 20:00,Evening,6,1335,Bangalore -> Kolkata
7488,Bangalore,Kolkata,24-06-2022,30-06-2022,Vistara,UK-850,19:55,19:55,24h 00m,1-stop,12785,10,24-06-2022 10:00,Morning,6,1440,Bangalore -> Kolkata
7489,Bangalore,Kolkata,24-06-2022,30-06-2022,Vistara,UK-864,18:55,19:55,25h 00m,1-stop,12785,23,24-06-2022 23:00,Night,6,1500,Bangalore -> Kolkata
7490,Bangalore,Kolkata,24-06-2022,30-06-2022,Vistara,UK-854,18:25,19:55,25h 30m,1-stop,12785,0,24-06-2022 00:00,Night,6,1530,Bangalore -> Kolkata
7491,Bangalore,Kolkata,24-06-2022,30-06-2022,Vistara,UK-544,10:15,19:55,09h 40m,1-stop,13520,10,24-06-2022 10:00,Morning,6,580,Bangalore -> Kolkata
7492,Bangalore,Kolkata,24-06-2022,30-06-2022,Vistara,UK-852,09:30,19:55,10h 25m,1-stop,13520,22,24-06-2022 22:00,Night,6,625,Bangalore -> Kolkata
7493,Bangalore,Kolkata,24-06-2022,30-06-2022,Vistara,UK-846,08:30,19:55,11h 25m,1-stop,13520,20,24-06-2022 20:00,Evening,6,685,Bangalore -> Kolkata
7494,Bangalore,Kolkata,24-06-2022,30-06-2022,GO FIRST,G8- 320,17:45,00:30,06h 45m,1-stop,16261,3,24-06-2022 03:00,Night,6,405,Bangalore -> Kolkata
7495,Bangalore,Kolkata,24-06-2022,30-06-2022,GO FIRST,G8- 399,22:15,07:05,08h 50m,1-stop,16261,6,24-06-2022 06:00,Morning,6,530,Bangalore -> Kolkata
7496,Bangalore,Kolkata,24-06-2022,30-06-2022,GO FIRST,G8- 320,17:45,07:05,13h 20m,1-stop,16261,14,24-06-2022 14:00,Afternoon,6,800,Bangalore -> Kolkata
7497,Bangalore,Kolkata,24-06-2022,30-06-2022,GO FIRST,G8- 395,08:15,00:30,16h 15m,1-stop,16261,17,24-06-2022 17:00,Evening,6,975,Bangalore -> Kolkata
7498,Bangalore,Kolkata,24-06-2022,30-06-2022,GO FIRST,G8- 283,05:25,16:05,10h 40m,1-stop,16652,11,24-06-2022 11:00,Morning,6,640,Bangalore -> Kolkata
7499,Bangalore,Kolkata,24-06-2022,30-06-2022,Air Asia,I5-1562,14:20,22:00,07h 40m,1-stop,15349,16,24-06-2022 16:00,Afternoon,6,460,Bangalore -> Kolkata
7500,Bangalore,Kolkata,24-06-2022,30-06-2022,GO FIRST,G8- 803,17:15,08:35,15h 20m,1-stop,16896,0,24-06-2022 00:00,Night,6,920,Bangalore -> Kolkata
7501,Bangalore,Kolkata,24-06-2022,30-06-2022,GO FIRST,G8- 118,21:30,07:50,10h 20m,1-stop,17736,10,24-06-2022 10:00,Morning,6,620,Bangalore -> Kolkata
7508,Bangalore,Kolkata,24-06-2022,30-06-2022,Vistara,UK-511,07:10,09:40,26h 30m,2+-stop,17316,0,24-06-2022 00:00,Night,6,1590,Bangalore -> Kolkata
7509,Bangalore,Kolkata,24-06-2022,30-06-2022,GO FIRST,G8- 285,15:45,07:50,16h 05m,2+-stop,17736,14,24-06-2022 14:00,Afternoon,6,965,Bangalore -> Kolkata
7515,Bangalore,Kolkata,24-06-2022,30-06-2022,Vistara,UK-513,19:25,19:55,24h 30m,2+-stop,18348,20,24-06-2022 20:00,Evening,6,1470,Bangalore -> Kolkata
7516,Bangalore,Kolkata,24-06-2022,30-06-2022,Vistara,UK-511,07:10,16:55,33h 45m,2+-stop,18348,9,24-06-2022 09:00,Morning,6,2025,Bangalore -> Kolkata
7517,Bangalore,Kolkata,24-06-2022,30-06-2022,Vistara,UK-897,07:45,18:05,10h 20m,2+-stop,18789,6,24-06-2022 06:00,Morning,6,620,Bangalore -> Kolkata
7518,Bangalore,Kolkata,24-06-2022,30-06-2022,Vistara,UK-852,09:30,18:05,08h 35m,1-stop,18912,1,24-06-2022 01:00,Night,6,515,Bangalore -> Kolkata
7522,Bangalore,Kolkata,24-06-2022,30-06-2022,Vistara,UK-511,07:10,19:55,12h 45m,2+-stop,19083,9,24-06-2022 09:00,Morning,6,765,Bangalore -> Kolkata
7523,Bangalore,Kolkata,24-06-2022,30-06-2022,Vistara,UK-915,17:30,19:55,26h 25m,2+-stop,19263,23,24-06-2022 23:00,Night,6,1585,Bangalore -> Kolkata
7524,Bangalore,Kolkata,24-06-2022,30-06-2022,Vistara,UK-657,11:30,19:35,08h 05m,2+-stop,21015,3,24-06-2022 03:00,Night,6,485,Bangalore -> Kolkata
7525,Bangalore,Kolkata,24-06-2022,30-06-2022,Vistara,UK-915,17:30,08:20,14h 50m,2+-stop,19353,11,24-06-2022 11:00,Morning,6,890,Bangalore -> Kolkata
7526,Bangalore,Kolkata,24-06-2022,30-06-2022,Vistara,UK-915,17:30,09:35,16h 05m,2+-stop,19353,18,24-06-2022 18:00,Evening,6,965,Bangalore -> Kolkata
7527,Bangalore,Kolkata,24-06-2022,30-06-2022,Vistara,UK-915,17:30,18:05,24h 35m,2+-stop,19353,10,24-06-2022 10:00,Morning,6,1475,Bangalore -> Kolkata
7528,Bangalore,Kolkata,24-06-2022,30-06-2022,Vistara,UK-915,17:30,18:05,24h 35m,2+-stop,19353,7,24-06-2022 07:00,Morning,6,1475,Bangalore -> Kolkata
7529,Bangalore,Kolkata,24-06-2022,30-06-2022,Vistara,UK-915,17:30,19:35,26h 05m,2+-stop,19353,17,24-06-2022 17:00,Evening,6,1565,Bangalore -> Kolkata
7530,Bangalore,Kolkata,24-06-2022,30-06-2022,Vistara,UK-915,17:30,19:35,26h 05m,2+-stop,19353,10,24-06-2022 10:00,Morning,6,1565,Bangalore -> Kolkata
7532,Bangalore,Kolkata,24-06-2022,30-06-2022,Vistara,UK-814,21:15,08:20,11h 05m,1-stop,19652,10,24-06-2022 10:00,Morning,6,665,Bangalore -> Kolkata
7533,Bangalore,Kolkata,24-06-2022,30-06-2022,Vistara,UK-867,12:45,19:55,31h 10m,2+-stop,19673,12,24-06-2022 12:00,Afternoon,6,1870,Bangalore -> Kolkata
7534,Bangalore,Kolkata,24-06-2022,30-06-2022,Vistara,UK-915,17:30,22:45,29h 15m,2+-stop,19797,2,24-06-2022 02:00,Night,6,1755,Bangalore -> Kolkata
7538,Bangalore,Kolkata,24-06-2022,30-06-2022,Air Asia,I5-1567,06:50,18:05,11h 15m,1-stop,20196,11,24-06-2022 11:00,Morning,6,675,Bangalore -> Kolkata
7539,Bangalore,Kolkata,24-06-2022,30-06-2022,Vistara,UK-657,11:30,22:45,11h 15m,2+-stop,20616,2,24-06-2022 02:00,Night,6,675,Bangalore -> Kolkata
7540,Bangalore,Kolkata,24-06-2022,30-06-2022,Vistara,UK-657,11:30,08:20,20h 50m,2+-stop,20616,9,24-06-2022 09:00,Morning,6,1250,Bangalore -> Kolkata
7541,Bangalore,Kolkata,24-06-2022,30-06-2022,Vistara,UK-866,21:40,19:35,21h 55m,1-stop,20765,16,24-06-2022 16:00,Afternoon,6,1315,Bangalore -> Kolkata
7542,Bangalore,Kolkata,24-06-2022,30-06-2022,Vistara,UK-816,11:30,18:05,06h 35m,1-stop,21437,21,24-06-2022 21:00,Night,6,395,Bangalore -> Kolkata
7543,Bangalore,Kolkata,24-06-2022,30-06-2022,Vistara,UK-816,11:30,19:35,08h 05m,1-stop,21437,1,24-06-2022 01:00,Night,6,485,Bangalore -> Kolkata
7544,Bangalore,Kolkata,24-06-2022,30-06-2022,Vistara,UK-806,09:45,18:05,08h 20m,1-stop,21437,16,24-06-2022 16:00,Afternoon,6,500,Bangalore -> Kolkata
7545,Bangalore,Kolkata,24-06-2022,30-06-2022,Vistara,UK-806,09:45,19:35,09h 50m,1-stop,21437,15,24-06-2022 15:00,Afternoon,6,590,Bangalore -> Kolkata
7546,Bangalore,Kolkata,24-06-2022,30-06-2022,Vistara,UK-816,11:30,22:45,11h 15m,1-stop,21437,1,24-06-2022 01:00,Night,6,675,Bangalore -> Kolkata
7547,Bangalore,Kolkata,24-06-2022,30-06-2022,Air Asia,I5-1780,05:10,12:05,06h 55m,1-stop,33256,21,24-06-2022 21:00,Night,6,415,Bangalore -> Kolkata
